trait,exp,vis,vrank,null,negp,pip,hit,q,top
Type 2 diabetes,ISLET,0.6937269,7,0.08490566037735849,447,0.9978026425831348,0,Q4,1
Type 2 diabetes,ISLET,0.1543516,1,0.08490566037735849,115,0.5796451442483095,1,Q3,0
Type 2 diabetes,ISLET,-0.40388688,9,0.08490566037735849,88,0.6345095381766789,0,Q2,0
Type 2 diabetes,ISLET,0.28563857,2,0.08490566037735849,84,0.4116968100619398,0,Q3,0
Type 2 diabetes,ISLET,-0.31762657,1,0.08490566037735849,69,1.0,1,Q2,0
Type 2 diabetes,ISLET,-0.08754038,3,0.08490566037735849,56,0.2102526929196037,0,Q3,0
Type 2 diabetes,ISLET,-0.23712823,4,0.08490566037735849,55,0.5463425678857439,0,Q2,0
Type 2 diabetes,ISLET,-0.48473865,10,0.08490566037735849,52,0.9955433354064116,0,Q1,0
Type 2 diabetes,ISLET,-0.16603702,4,0.08490566037735849,48,0.3733285735945767,0,Q3,0
Type 2 diabetes,ISLET,-0.41324517,2,0.08490566037735849,46,0.1239339066842856,0,Q2,0
Type 2 diabetes,ISLET,2.1200907,1,0.08490566037735849,43,0.9999595814071404,1,Q4,1
Type 2 diabetes,ISLET,1.5344554,8,0.08490566037735849,38,0.1959673211377103,0,Q4,1
Type 2 diabetes,ISLET,-0.65702087,6,0.08490566037735849,36,1.0,0,Q1,0
Type 2 diabetes,ISLET,0.5357302,2,0.08490566037735849,36,0.1645752457920234,0,Q4,1
Type 2 diabetes,ISLET,-0.3782042,7,0.08490566037735849,33,0.2638015301618149,0,Q2,0
Type 2 diabetes,ISLET,4.420919,8,0.08490566037735849,32,0.9641712798251252,0,Q4,1
Type 2 diabetes,ISLET,1.3104205,1,0.08490566037735849,32,0.4430480756729969,1,Q4,1
Type 2 diabetes,ISLET,8.425767,1,0.08490566037735849,32,0.8375809050815008,1,Q4,1
Type 2 diabetes,ISLET,-0.12064353,10,0.08490566037735849,31,0.2104590490276321,0,Q3,0
Type 2 diabetes,ISLET,-0.4033443,3,0.08490566037735849,30,0.174349048867853,0,Q2,0
Type 2 diabetes,ISLET,-0.32013473,6,0.08490566037735849,29,0.1852999541532702,0,Q2,0
Type 2 diabetes,ISLET,-0.52676183,1,0.08490566037735849,29,0.058036908970391,1,Q1,0
Type 2 diabetes,ISLET,-0.16301422,9,0.08490566037735849,29,0.2702704152069939,0,Q3,0
Type 2 diabetes,ISLET,-0.56349397,3,0.08490566037735849,28,0.08268197551909,0,Q1,0
Type 2 diabetes,ISLET,0.42477596,5,0.08490566037735849,27,0.6697852196198137,0,Q4,1
Type 2 diabetes,ISLET,-0.57265306,2,0.08490566037735849,26,0.933539397629888,0,Q1,0
Type 2 diabetes,ISLET,-0.35837087,6,0.08490566037735849,26,0.1919237581668919,0,Q2,0
Type 2 diabetes,ISLET,-0.52663094,10,0.08490566037735849,26,1.0,0,Q1,0
Type 2 diabetes,ISLET,-0.40791795,3,0.08490566037735849,25,0.3402654543457989,0,Q2,0
Type 2 diabetes,ISLET,3.0734065,5,0.08490566037735849,24,0.7061922866091502,0,Q4,1
Type 2 diabetes,ISLET,-0.38397714,2,0.08490566037735849,22,0.942865364926042,0,Q2,0
Type 2 diabetes,ISLET,3.2766683,5,0.08490566037735849,22,0.7935841683837477,0,Q4,1
Type 2 diabetes,ISLET,-0.65899634,6,0.08490566037735849,21,0.3716126648013718,0,Q1,0
Type 2 diabetes,ISLET,-0.22895198,2,0.08490566037735849,21,0.3079589166173766,0,Q2,0
Type 2 diabetes,ISLET,-0.19133732,9,0.08490566037735849,20,0.1012275654163333,0,Q3,0
Type 2 diabetes,ISLET,0.30291438,9,0.08490566037735849,20,0.5017878440805229,0,Q3,0
Type 2 diabetes,ISLET,-0.34381163,9,0.08490566037735849,20,0.6408776939571966,0,Q2,0
Type 2 diabetes,ISLET,-0.5801883,6,0.08490566037735849,20,0.1755935887901888,0,Q1,0
Type 2 diabetes,ISLET,-0.4955035,7,0.08490566037735849,19,0.8380897126228027,0,Q1,0
Type 2 diabetes,ISLET,-0.4461968,3,0.08490566037735849,18,0.5479493345362768,0,Q2,0
Type 2 diabetes,ISLET,-0.51078165,2,0.08490566037735849,18,0.9903137108641769,0,Q1,0
Type 2 diabetes,ISLET,-0.48252106,7,0.08490566037735849,18,0.5944155646746319,0,Q1,0
Type 2 diabetes,ISLET,-0.12567745,2,0.08490566037735849,18,0.3743386606492622,0,Q3,0
Type 2 diabetes,ISLET,-0.53634375,8,0.08490566037735849,17,0.0662787005276305,0,Q1,0
Type 2 diabetes,ISLET,-0.40021515,2,0.08490566037735849,17,0.4310116365209513,0,Q2,0
Type 2 diabetes,ISLET,-0.57258755,6,0.08490566037735849,17,0.226331247018201,0,Q1,0
Type 2 diabetes,ISLET,-0.4093523,6,0.08490566037735849,16,0.0498803307740325,0,Q2,0
Type 2 diabetes,ISLET,-0.5362717,3,0.08490566037735849,16,0.1856617081817693,0,Q1,0
Type 2 diabetes,ISLET,-0.63542306,6,0.08490566037735849,15,0.2618645800116005,0,Q1,0
Type 2 diabetes,ISLET,-0.1958604,3,0.08490566037735849,15,0.4037694524446742,0,Q3,0
Type 2 diabetes,ISLET,0.3117623,9,0.08490566037735849,15,0.9005956295723149,0,Q3,0
Type 2 diabetes,ISLET,1.0251267,11,0.08490566037735849,15,0.1569490833488666,0,Q4,1
Type 2 diabetes,ISLET,-0.3827589,4,0.08490566037735849,14,0.1552844542189187,0,Q2,0
Type 2 diabetes,ISLET,0.3821807,7,0.08490566037735849,14,0.1450692031468214,0,Q3,0
Type 2 diabetes,ISLET,-0.42500985,1,0.08490566037735849,14,0.2230637774888053,1,Q2,0
Type 2 diabetes,ISLET,-0.16778241,11,0.08490566037735849,14,0.0731401819047877,0,Q3,0
Type 2 diabetes,ISLET,0.051713835,11,0.08490566037735849,14,0.3496197442181032,0,Q3,0
Type 2 diabetes,ISLET,-0.65021104,10,0.08490566037735849,14,0.0983974505958831,0,Q1,0
Type 2 diabetes,ISLET,2.3099012,11,0.08490566037735849,14,0.8557392404368384,0,Q4,1
Type 2 diabetes,ISLET,0.14151259,8,0.08490566037735849,14,0.3836841383516567,0,Q3,0
Type 2 diabetes,ISLET,-0.31113073,7,0.08490566037735849,14,0.7336189620545178,0,Q2,0
Type 2 diabetes,ISLET,-0.44946155,6,0.08490566037735849,14,0.1681385376194253,0,Q2,0
Type 2 diabetes,ISLET,0.950224,10,0.08490566037735849,14,0.1408802003971998,0,Q4,1
Type 2 diabetes,ISLET,0.4713917,4,0.08490566037735849,14,0.2480900174647543,0,Q4,1
Type 2 diabetes,ISLET,-0.31312647,3,0.08490566037735849,14,0.2443782213708517,0,Q2,0
Type 2 diabetes,ISLET,2.9202278,4,0.08490566037735849,14,0.9835588702697602,0,Q4,1
Type 2 diabetes,ISLET,-0.07105959,1,0.08490566037735849,13,0.9582309254141944,1,Q3,0
Type 2 diabetes,ISLET,-0.38731238,11,0.08490566037735849,13,0.1655287475913318,0,Q2,0
Type 2 diabetes,ISLET,-0.33868462,2,0.08490566037735849,13,0.0303259881111506,0,Q2,0
Type 2 diabetes,ISLET,0.28233716,5,0.08490566037735849,13,0.2336614517036607,0,Q3,0
Type 2 diabetes,ISLET,0.17504105,6,0.08490566037735849,13,0.2995888149865128,0,Q3,0
Type 2 diabetes,ISLET,-0.2972791,2,0.08490566037735849,13,0.4385184591192795,0,Q2,0
Type 2 diabetes,ISLET,-0.47720212,1,0.08490566037735849,13,0.1990538433142344,1,Q1,0
Type 2 diabetes,ISLET,2.0518312,3,0.08490566037735849,13,0.0536294839923646,0,Q4,1
Type 2 diabetes,ISLET,-0.59790355,9,0.08490566037735849,13,0.0822773460797827,0,Q1,0
Type 2 diabetes,ISLET,0.0312736,5,0.08490566037735849,13,0.1284604707269042,0,Q3,0
Type 2 diabetes,ISLET,-0.15150334,11,0.08490566037735849,13,0.1004034436267709,0,Q3,0
Type 2 diabetes,ISLET,-0.6063417,4,0.08490566037735849,13,0.6066039210857328,0,Q1,0
Type 2 diabetes,ISLET,2.1248078,6,0.08490566037735849,13,0.8739519587693256,0,Q4,1
Type 2 diabetes,ISLET,-0.56412005,5,0.08490566037735849,13,0.047200318351166,0,Q1,0
Type 2 diabetes,ISLET,4.0512676,4,0.08490566037735849,13,1.0,0,Q4,1
Type 2 diabetes,ISLET,1.0292703,2,0.08490566037735849,13,0.2027875864192821,0,Q4,1
Type 2 diabetes,ISLET,-0.3134111,9,0.08490566037735849,13,0.4006244296926825,0,Q2,0
Type 2 diabetes,ISLET,0.9395439,6,0.08490566037735849,12,0.2148041050064044,0,Q4,1
Type 2 diabetes,ISLET,-0.31047815,5,0.08490566037735849,12,0.2120631695775651,0,Q2,0
Type 2 diabetes,ISLET,0.9434427,1,0.08490566037735849,12,0.0682029118595411,1,Q4,1
Type 2 diabetes,ISLET,-0.5078183,1,0.08490566037735849,12,0.1070816501571297,1,Q1,0
Type 2 diabetes,ISLET,0.3881857,11,0.08490566037735849,12,0.9947660744701023,0,Q3,0
Type 2 diabetes,ISLET,3.8264053,7,0.08490566037735849,12,0.2714092223078375,0,Q4,1
Type 2 diabetes,ISLET,0.00993765,7,0.08490566037735849,12,0.2123842460182297,0,Q3,0
Type 2 diabetes,ISLET,-0.035364408,5,0.08490566037735849,12,1.0,0,Q3,0
Type 2 diabetes,ISLET,-0.5253348,10,0.08490566037735849,12,0.0231482389369743,0,Q1,0
Type 2 diabetes,ISLET,-0.5638347,10,0.08490566037735849,12,0.1198643136412732,0,Q1,0
Type 2 diabetes,ISLET,-0.28283668,11,0.08490566037735849,12,1.0,0,Q2,0
Type 2 diabetes,ISLET,-0.2558289,9,0.08490566037735849,12,0.1612595969742177,0,Q2,0
Type 2 diabetes,ISLET,-0.398432,6,0.08490566037735849,12,0.190847415131018,0,Q2,0
Type 2 diabetes,ISLET,0.4008183,10,0.08490566037735849,12,0.60411613624247,0,Q3,1
Type 2 diabetes,ISLET,-0.56442183,10,0.08490566037735849,12,0.0339642493422004,0,Q1,0
Type 2 diabetes,ISLET,-0.4128842,1,0.08490566037735849,12,0.524862870020849,1,Q2,0
Type 2 diabetes,ISLET,0.7482029,3,0.08490566037735849,11,0.0305536211099582,0,Q4,1
Type 2 diabetes,ISLET,0.0830429,10,0.08490566037735849,11,0.1174951952476733,0,Q3,0
Type 2 diabetes,ISLET,4.4222255,1,0.08490566037735849,11,0.464406460235961,1,Q4,1
Type 2 diabetes,ISLET,0.03627415,4,0.08490566037735849,11,0.1289609578636176,0,Q3,0
Type 2 diabetes,ISLET,-0.41474864,5,0.08490566037735849,11,0.2477141397213907,0,Q2,0
Type 2 diabetes,ISLET,0.33767787,6,0.08490566037735849,11,0.1309520770064769,0,Q3,0
Type 2 diabetes,ISLET,-0.44171914,10,0.08490566037735849,11,0.0678228907650009,0,Q2,0
Type 2 diabetes,ISLET,-0.56215346,10,0.08490566037735849,11,0.0673361014336486,0,Q1,0
Type 2 diabetes,ISLET,0.525987,5,0.08490566037735849,11,0.1942748221995089,0,Q4,1
Type 2 diabetes,ISLET,2.2123306,4,0.08490566037735849,11,0.3668709548556884,0,Q4,1
Type 2 diabetes,ISLET,-0.5186114,4,0.08490566037735849,11,0.0221668451513041,0,Q1,0
Type 2 diabetes,ISLET,-0.5732707,3,0.08490566037735849,11,0.062821884138166,0,Q1,0
Type 2 diabetes,ISLET,1.684372,10,0.08490566037735849,10,0.0442875890556049,0,Q4,1
Type 2 diabetes,ISLET,-0.14025603,8,0.08490566037735849,10,0.0328535046228234,0,Q3,0
Type 2 diabetes,ISLET,3.5829272,5,0.08490566037735849,10,0.1152756988868348,0,Q4,1
Type 2 diabetes,ISLET,-0.1922672,3,0.08490566037735849,10,0.1243929237999013,0,Q3,0
Type 2 diabetes,ISLET,-0.51591545,8,0.08490566037735849,10,0.1074504108580116,0,Q1,0
Type 2 diabetes,ISLET,0.53732854,9,0.08490566037735849,10,0.5306932624566707,0,Q4,1
Type 2 diabetes,ISLET,0.32079178,3,0.08490566037735849,10,1.0,0,Q3,0
Type 2 diabetes,ISLET,-0.5375592,11,0.08490566037735849,10,0.8428358677334105,0,Q1,0
Type 2 diabetes,ISLET,-0.37252882,4,0.08490566037735849,10,0.0867917758333133,0,Q2,0
Type 2 diabetes,ISLET,-0.45129424,7,0.08490566037735849,10,0.1434127339771115,0,Q2,0
Type 2 diabetes,ISLET,2.6235726,1,0.08490566037735849,10,1.0,1,Q4,1
Type 2 diabetes,ISLET,11.763551,7,0.08490566037735849,10,0.1305299495851908,0,Q4,1
Type 2 diabetes,ISLET,-0.57894033,6,0.08490566037735849,10,0.2330123354813096,0,Q1,0
Type 2 diabetes,ISLET,-0.20979494,6,0.08490566037735849,10,0.0542058711115946,0,Q3,0
Type 2 diabetes,ISLET,0.6654059,9,0.08490566037735849,10,0.0982129236762997,0,Q4,1
Type 2 diabetes,ISLET,-0.2650016,4,0.08490566037735849,10,0.0761489140468513,0,Q2,0
Type 2 diabetes,ISLET,0.1700456,1,0.08490566037735849,10,1.0,1,Q3,0
Type 2 diabetes,ISLET,-0.5915358,5,0.08490566037735849,10,0.0195570093080163,0,Q1,0
Type 2 diabetes,ISLET,-0.30516434,8,0.08490566037735849,10,0.0287727292866804,0,Q2,0
Type 2 diabetes,ISLET,-0.56352454,2,0.08490566037735849,10,0.6819911665906936,0,Q1,0
Type 2 diabetes,ISLET,-0.014290029,3,0.08490566037735849,10,0.9448951067277368,0,Q3,0
Type 2 diabetes,ISLET,6.616773,5,0.08490566037735849,9,0.9788607629702112,0,Q4,1
Type 2 diabetes,ISLET,0.43518525,4,0.08490566037735849,9,0.5370913935724307,0,Q4,1
Type 2 diabetes,ISLET,-0.56153685,3,0.08490566037735849,9,0.1944680779689666,0,Q1,0
Type 2 diabetes,ISLET,-0.52792907,4,0.08490566037735849,9,0.095292724376335,0,Q1,0
Type 2 diabetes,ISLET,1.241362,11,0.08490566037735849,9,0.1034977294173992,0,Q4,1
Type 2 diabetes,ISLET,5.5914416,10,0.08490566037735849,9,0.2548495518881755,0,Q4,1
Type 2 diabetes,ISLET,0.4964364,1,0.08490566037735849,9,0.3050639899973207,1,Q4,1
Type 2 diabetes,ISLET,-0.50527096,5,0.08490566037735849,9,0.1102027183839393,0,Q1,0
Type 2 diabetes,ISLET,-0.46511546,1,0.08490566037735849,9,0.0818138697732996,1,Q1,0
Type 2 diabetes,ISLET,-0.4289403,11,0.08490566037735849,9,0.0625711644145519,0,Q2,0
Type 2 diabetes,ISLET,-0.25845012,3,0.08490566037735849,9,0.039370196671736,0,Q2,0
Type 2 diabetes,ISLET,-0.55338967,5,0.08490566037735849,9,0.2204743619082828,0,Q1,0
Type 2 diabetes,ISLET,-0.3132063,3,0.08490566037735849,9,1.0,0,Q2,0
Type 2 diabetes,ISLET,-0.5916064,4,0.08490566037735849,9,0.7194853688609749,0,Q1,0
Type 2 diabetes,ISLET,-0.62685895,4,0.08490566037735849,9,0.3008604665044838,0,Q1,0
Type 2 diabetes,ISLET,-0.26426995,7,0.08490566037735849,9,0.512687681845082,0,Q2,0
Type 2 diabetes,ISLET,-0.54644907,7,0.08490566037735849,9,0.2485471301774142,0,Q1,0
Type 2 diabetes,ISLET,-0.33747417,11,0.08490566037735849,9,0.514539796281991,0,Q2,0
Free cholesterol in large LDL,LIVER,-0.47541335,6,0.050314465408805034,317,1.0,0,Q1,0
Free cholesterol in large LDL,LIVER,6.2209296,1,0.050314465408805034,315,0.9608929747457098,1,Q4,1
Free cholesterol in large LDL,LIVER,21.722971,1,0.050314465408805034,217,0.9397467053945168,1,Q4,1
Free cholesterol in large LDL,LIVER,-0.36319807,1,0.050314465408805034,180,0.7862487986902005,1,Q2,0
Free cholesterol in large LDL,LIVER,-0.5796518,3,0.050314465408805034,178,0.972174302865338,0,Q1,0
Free cholesterol in large LDL,LIVER,-0.4202341,9,0.050314465408805034,90,0.9993083714043172,0,Q2,0
Free cholesterol in large LDL,LIVER,-0.17349178,1,0.050314465408805034,88,0.9999999375901004,1,Q3,0
Free cholesterol in large LDL,LIVER,0.38558513,7,0.050314465408805034,74,0.298534693821429,0,Q3,0
Free cholesterol in large LDL,LIVER,-0.0888665,3,0.050314465408805034,55,1.0,0,Q3,0
Free cholesterol in large LDL,LIVER,-0.65145975,3,0.050314465408805034,50,1.0,0,Q1,0
Free cholesterol in large LDL,LIVER,-0.3514398,4,0.050314465408805034,48,0.4949539151927902,0,Q2,0
Free cholesterol in large LDL,LIVER,-0.4692911,4,0.050314465408805034,41,0.8686435334438306,0,Q1,0
Free cholesterol in large LDL,LIVER,-0.13649176,2,0.050314465408805034,35,0.7148033905565692,0,Q3,0
Free cholesterol in large LDL,LIVER,-0.48371774,3,0.050314465408805034,33,1.0,0,Q1,0
Free cholesterol in large LDL,LIVER,-0.034834217,6,0.050314465408805034,32,0.1023873011109664,0,Q3,0
Free cholesterol in large LDL,LIVER,-0.29275948,9,0.050314465408805034,32,0.1861962179982432,0,Q2,0
Free cholesterol in large LDL,LIVER,0.28754812,8,0.050314465408805034,31,0.1358547269850168,0,Q3,0
Free cholesterol in large LDL,LIVER,-0.2989123,1,0.050314465408805034,30,0.3459515244526865,1,Q2,0
Free cholesterol in large LDL,LIVER,-0.5920067,4,0.050314465408805034,24,0.9983473628444456,0,Q1,0
Free cholesterol in large LDL,LIVER,0.93851,10,0.050314465408805034,24,0.0255996945227477,0,Q4,1
Free cholesterol in large LDL,LIVER,-0.2315176,1,0.050314465408805034,23,0.2451350030331007,1,Q2,0
Free cholesterol in large LDL,LIVER,-0.22157301,10,0.050314465408805034,23,0.97697166747701,0,Q2,0
Free cholesterol in large LDL,LIVER,30.93909,8,0.050314465408805034,23,0.5814565244900143,0,Q4,1
Free cholesterol in large LDL,LIVER,-0.069401614,2,0.050314465408805034,22,0.4534295719265305,0,Q3,0
Free cholesterol in large LDL,LIVER,-0.39427105,4,0.050314465408805034,22,0.9684017749787098,0,Q2,0
Free cholesterol in large LDL,LIVER,-0.14383622,7,0.050314465408805034,22,0.3437465869002664,0,Q3,0
Free cholesterol in large LDL,LIVER,-0.029003132,1,0.050314465408805034,21,0.2535939336338248,1,Q3,0
Free cholesterol in large LDL,LIVER,4.945151,1,0.050314465408805034,21,0.5452317205319761,1,Q4,1
Free cholesterol in large LDL,LIVER,-0.6583659,3,0.050314465408805034,20,0.4625721652768032,0,Q1,0
Free cholesterol in large LDL,LIVER,3.454415,1,0.050314465408805034,19,0.2214641922038165,1,Q4,1
Free cholesterol in large LDL,LIVER,-0.10872396,11,0.050314465408805034,19,0.7771719918663724,0,Q3,0
Free cholesterol in large LDL,LIVER,-0.17217255,3,0.050314465408805034,19,0.838722333607438,0,Q3,0
Free cholesterol in large LDL,LIVER,-0.45018664,5,0.050314465408805034,18,0.1021254863834096,0,Q2,0
Free cholesterol in large LDL,LIVER,-0.4412775,8,0.050314465408805034,18,0.1556700402042459,0,Q2,0
Free cholesterol in large LDL,LIVER,1.4434791,10,0.050314465408805034,18,0.1615528119615352,0,Q4,1
Free cholesterol in large LDL,LIVER,-0.35035747,7,0.050314465408805034,17,0.5226186766827764,0,Q2,0
Free cholesterol in large LDL,LIVER,-0.43982136,3,0.050314465408805034,17,0.5386811624021048,0,Q2,0
Free cholesterol in large LDL,LIVER,-0.40054074,5,0.050314465408805034,17,0.032911857122622,0,Q2,0
Free cholesterol in large LDL,LIVER,0.62896335,1,0.050314465408805034,17,0.2982365668477063,1,Q4,1
Free cholesterol in large LDL,LIVER,-0.48043662,2,0.050314465408805034,16,0.5103860300786984,0,Q1,0
Free cholesterol in large LDL,LIVER,1.0168562,11,0.050314465408805034,16,0.9991396632283024,0,Q4,1
Free cholesterol in large LDL,LIVER,-0.22426079,10,0.050314465408805034,15,0.1892090001106997,0,Q2,0
Free cholesterol in large LDL,LIVER,0.4636075,10,0.050314465408805034,15,0.3800019758194481,0,Q4,1
Free cholesterol in large LDL,LIVER,-0.58923507,5,0.050314465408805034,14,0.255691662167344,0,Q1,0
Free cholesterol in large LDL,LIVER,-0.6182162,3,0.050314465408805034,14,0.4414709408160351,0,Q1,0
Free cholesterol in large LDL,LIVER,-0.20589077,9,0.050314465408805034,14,0.9986813137780268,0,Q3,0
Free cholesterol in large LDL,LIVER,-0.1133054,3,0.050314465408805034,13,0.458289948947007,0,Q3,0
Free cholesterol in large LDL,LIVER,-0.21823953,4,0.050314465408805034,13,0.331461661083302,0,Q3,0
Free cholesterol in large LDL,LIVER,-0.4406496,5,0.050314465408805034,13,0.2212537957124615,0,Q2,0
Free cholesterol in large LDL,LIVER,-0.5038288,7,0.050314465408805034,13,0.0315770360715356,0,Q1,0
Free cholesterol in large LDL,LIVER,-0.034905653,9,0.050314465408805034,13,0.1889806480599988,0,Q3,0
Free cholesterol in large LDL,LIVER,0.40835547,7,0.050314465408805034,12,0.1906797542196035,0,Q3,1
Free cholesterol in large LDL,LIVER,-0.57265306,5,0.050314465408805034,12,0.2987920289089319,0,Q1,0
Free cholesterol in large LDL,LIVER,-0.16988842,5,0.050314465408805034,12,0.3426507462626648,0,Q3,0
Free cholesterol in large LDL,LIVER,1.6166958,1,0.050314465408805034,12,0.6467903199585519,1,Q4,1
Free cholesterol in large LDL,LIVER,-0.07917136,4,0.050314465408805034,12,0.2891688115302175,0,Q3,0
Free cholesterol in large LDL,LIVER,2.0274189,10,0.050314465408805034,12,0.5368501089115816,0,Q4,1
Free cholesterol in large LDL,LIVER,2.2408261,7,0.050314465408805034,12,0.4025926135904143,0,Q4,1
Free cholesterol in large LDL,LIVER,-0.2940347,3,0.050314465408805034,12,0.04453184247614,0,Q2,0
Free cholesterol in large LDL,LIVER,0.62441427,3,0.050314465408805034,12,0.995971689296546,0,Q4,1
Free cholesterol in large LDL,LIVER,-0.016006421,7,0.050314465408805034,11,0.2571868367350196,0,Q3,0
Free cholesterol in large LDL,LIVER,-0.3600004,5,0.050314465408805034,11,0.3031203628552887,0,Q2,0
Free cholesterol in large LDL,LIVER,0.6937269,6,0.050314465408805034,11,0.2412645199373537,0,Q4,1
Free cholesterol in large LDL,LIVER,1.5344554,1,0.050314465408805034,11,0.0973211110584276,1,Q4,1
Free cholesterol in large LDL,LIVER,-0.41840234,7,0.050314465408805034,11,0.571731221831569,0,Q2,0
Free cholesterol in large LDL,LIVER,0.009167183,9,0.050314465408805034,11,0.112602976552288,0,Q3,0
Free cholesterol in large LDL,LIVER,0.10978909,3,0.050314465408805034,11,0.1146649724964569,0,Q3,0
Free cholesterol in large LDL,LIVER,0.5757048,9,0.050314465408805034,11,0.0302200620530586,0,Q4,1
Free cholesterol in large LDL,LIVER,1.0636888,5,0.050314465408805034,11,0.1863424959904799,0,Q4,1
Free cholesterol in large LDL,LIVER,0.1997441,5,0.050314465408805034,11,0.8027245136434217,0,Q3,0
Free cholesterol in large LDL,LIVER,-0.41870293,7,0.050314465408805034,11,0.8405634921665295,0,Q2,0
Free cholesterol in large LDL,LIVER,0.29551098,5,0.050314465408805034,11,0.0819796203624885,0,Q3,0
Free cholesterol in large LDL,LIVER,-0.5041574,8,0.050314465408805034,11,0.0947788571442673,0,Q1,0
Free cholesterol in large LDL,LIVER,-0.52090454,1,0.050314465408805034,10,0.218299776638555,1,Q1,0
Free cholesterol in large LDL,LIVER,0.051971592,10,0.050314465408805034,10,0.3030725535680268,0,Q3,0
Free cholesterol in large LDL,LIVER,2.3099012,9,0.050314465408805034,10,0.7359074716279999,0,Q4,1
Free cholesterol in large LDL,LIVER,-0.49901986,6,0.050314465408805034,10,0.0762758098951254,0,Q1,0
Free cholesterol in large LDL,LIVER,-0.32008585,7,0.050314465408805034,10,0.8998456618906524,0,Q2,0
Free cholesterol in large LDL,LIVER,0.38786638,8,0.050314465408805034,10,0.491100851422185,0,Q3,1
Free cholesterol in large LDL,LIVER,-0.069711454,11,0.050314465408805034,10,0.9273969599247824,0,Q3,0
Free cholesterol in large LDL,LIVER,-0.17143762,6,0.050314465408805034,10,0.0309490639917498,0,Q3,0
Free cholesterol in large LDL,LIVER,-0.56631005,6,0.050314465408805034,10,0.090999495996518,0,Q1,0
Free cholesterol in large LDL,LIVER,-0.11858737,2,0.050314465408805034,10,0.1154197147129163,0,Q3,0
Free cholesterol in large LDL,LIVER,-0.03446215,5,0.050314465408805034,10,1.0,0,Q3,0
Free cholesterol in large LDL,LIVER,-0.43010378,5,0.050314465408805034,10,0.0194761811239907,0,Q2,0
Free cholesterol in large LDL,LIVER,3.3513422,3,0.050314465408805034,10,0.2958018110870056,0,Q4,1
Free cholesterol in large LDL,LIVER,2.4143465,9,0.050314465408805034,10,0.1373188801529823,0,Q4,1
Free cholesterol in large LDL,LIVER,-0.42173722,4,0.050314465408805034,10,0.014745846943285,0,Q2,0
Free cholesterol in large LDL,LIVER,-0.44888195,2,0.050314465408805034,10,0.0166477739912506,0,Q2,0
Free cholesterol in large LDL,LIVER,0.7952463,10,0.050314465408805034,10,0.1362583300777677,0,Q4,1
Free cholesterol in large LDL,LIVER,-0.41800284,10,0.050314465408805034,9,0.0549177228492278,0,Q2,0
Free cholesterol in large LDL,LIVER,0.2543355,4,0.050314465408805034,9,0.1307950912490517,0,Q3,0
Free cholesterol in large LDL,LIVER,-0.5291626,5,0.050314465408805034,9,0.0318221818777559,0,Q1,0
Free cholesterol in large LDL,LIVER,0.2475561,1,0.050314465408805034,9,0.0137777353185885,1,Q3,0
Free cholesterol in large LDL,LIVER,-0.4471017,5,0.050314465408805034,9,0.0256207438314847,0,Q2,0
Free cholesterol in large LDL,LIVER,-0.32812744,2,0.050314465408805034,9,0.9455155056476464,0,Q2,0
Free cholesterol in large LDL,LIVER,-0.48213744,5,0.050314465408805034,9,0.1897253977456734,0,Q1,0
Free cholesterol in large LDL,LIVER,-0.56543237,6,0.050314465408805034,9,0.2020442090792425,0,Q1,0
Free cholesterol in large LDL,LIVER,0.5999295,7,0.050314465408805034,9,0.2374375225296748,0,Q4,1
Free cholesterol in large LDL,LIVER,-0.004378062,11,0.050314465408805034,9,0.4917966388929034,0,Q3,0
Free cholesterol in large LDL,LIVER,-0.590334,5,0.050314465408805034,9,0.0659935098890941,0,Q1,0
Free cholesterol in large LDL,LIVER,0.56924784,9,0.050314465408805034,9,0.5488895732271274,0,Q4,1
Free cholesterol in large LDL,LIVER,-0.22643282,5,0.050314465408805034,9,0.1530680910271002,0,Q2,0
Free cholesterol in large LDL,LIVER,-0.4341758,2,0.050314465408805034,9,0.1164966533268994,0,Q2,0
Free cholesterol in large LDL,LIVER,-0.39268345,5,0.050314465408805034,9,0.0395262355794808,0,Q2,0
Free cholesterol in large LDL,LIVER,-0.22566357,10,0.050314465408805034,9,0.0542630204624908,0,Q2,0
Free cholesterol in large LDL,LIVER,-0.56266886,5,0.050314465408805034,9,0.5281983441668144,0,Q1,0
Free cholesterol in large LDL,LIVER,-0.07019553,10,0.050314465408805034,9,0.344353299496379,0,Q3,0
Free cholesterol in large LDL,LIVER,3.187614,8,0.050314465408805034,9,0.3270909563732053,0,Q4,1
Free cholesterol in large LDL,LIVER,4.6317587,7,0.050314465408805034,9,1.0,0,Q4,1
Free cholesterol in large LDL,LIVER,-0.2572216,6,0.050314465408805034,8,0.1965636747419878,0,Q2,0
HDL cholesterol,LIVER,0.00047889774,7,0.050314465408805034,323,0.9932583715116956,0,Q3,0
HDL cholesterol,LIVER,-0.26137316,11,0.050314465408805034,323,0.9501449616779916,0,Q2,0
HDL cholesterol,LIVER,-0.6098055,2,0.050314465408805034,302,0.9999818891607156,0,Q1,0
HDL cholesterol,LIVER,0.43573457,1,0.050314465408805034,298,1.0,1,Q4,0
HDL cholesterol,LIVER,-0.39427105,4,0.050314465408805034,264,0.9999999999998844,0,Q2,0
HDL cholesterol,LIVER,-0.08235322,7,0.050314465408805034,205,0.9999999910670946,0,Q3,0
HDL cholesterol,LIVER,0.23098375,5,0.050314465408805034,171,0.4341612178796742,0,Q3,0
HDL cholesterol,LIVER,0.7530883,8,0.050314465408805034,154,0.9637040830706044,0,Q4,1
HDL cholesterol,LIVER,0.0802654,5,0.050314465408805034,123,0.9473993200952638,0,Q3,0
HDL cholesterol,LIVER,-0.0914399,10,0.050314465408805034,113,0.9991229056698274,0,Q3,0
HDL cholesterol,LIVER,0.28401896,2,0.050314465408805034,104,0.3119454462047187,0,Q3,0
HDL cholesterol,LIVER,1.8220427,9,0.050314465408805034,103,0.9999999999923186,0,Q4,1
HDL cholesterol,LIVER,-0.10115246,1,0.050314465408805034,96,0.6421227850489176,1,Q3,0
HDL cholesterol,LIVER,2.3099012,9,0.050314465408805034,93,0.9999781592544732,0,Q4,1
HDL cholesterol,LIVER,0.702403,8,0.050314465408805034,89,0.2223631481368912,0,Q4,1
HDL cholesterol,LIVER,8.009149,1,0.050314465408805034,80,0.9851229266312916,1,Q4,1
HDL cholesterol,LIVER,-0.48227498,5,0.050314465408805034,79,0.8394769285262091,0,Q1,0
HDL cholesterol,LIVER,-0.64149874,3,0.050314465408805034,77,0.918425513119966,0,Q1,0
HDL cholesterol,LIVER,-0.097812116,7,0.050314465408805034,76,1.0,0,Q3,0
HDL cholesterol,LIVER,0.90573305,1,0.050314465408805034,71,0.6112986089457483,1,Q4,1
HDL cholesterol,LIVER,-0.57265306,5,0.050314465408805034,69,0.9999894656998772,0,Q1,0
HDL cholesterol,LIVER,-0.2169287,3,0.050314465408805034,65,0.2412684406688597,0,Q3,0
HDL cholesterol,LIVER,3.2172472,10,0.050314465408805034,63,0.1532497885318904,0,Q4,1
HDL cholesterol,LIVER,-0.2509222,3,0.050314465408805034,62,0.1739558233564439,0,Q2,0
HDL cholesterol,LIVER,1.5056461,5,0.050314465408805034,58,1.0,0,Q4,1
HDL cholesterol,LIVER,-0.32778388,3,0.050314465408805034,58,0.5200515777016429,0,Q2,0
HDL cholesterol,LIVER,-0.38392857,5,0.050314465408805034,56,0.6739598473438279,0,Q2,0
HDL cholesterol,LIVER,0.049938742,1,0.050314465408805034,55,0.7666184784929735,1,Q3,0
HDL cholesterol,LIVER,-0.50733495,6,0.050314465408805034,53,0.6301212678052196,0,Q1,0
HDL cholesterol,LIVER,0.08879327,1,0.050314465408805034,53,0.4221690541176624,1,Q3,0
HDL cholesterol,LIVER,6.0696926,5,0.050314465408805034,51,0.9190002370720072,0,Q4,1
HDL cholesterol,LIVER,-0.64043957,4,0.050314465408805034,51,0.7304374441622918,0,Q1,0
HDL cholesterol,LIVER,0.08334756,7,0.050314465408805034,50,0.9999959211061008,0,Q3,0
HDL cholesterol,LIVER,-0.59833676,6,0.050314465408805034,50,0.6400759333685934,0,Q1,0
HDL cholesterol,LIVER,0.396793,4,0.050314465408805034,48,0.1482154648403843,0,Q3,0
HDL cholesterol,LIVER,0.033111423,6,0.050314465408805034,47,0.060024145978231,0,Q3,0
HDL cholesterol,LIVER,-0.41870293,7,0.050314465408805034,45,0.9939421088123612,0,Q2,0
HDL cholesterol,LIVER,0.37049896,7,0.050314465408805034,44,0.5618690200862719,0,Q3,0
HDL cholesterol,LIVER,-0.21572664,2,0.050314465408805034,43,0.998765510677912,0,Q3,0
HDL cholesterol,LIVER,-0.07353163,7,0.050314465408805034,43,0.1893463309414101,0,Q3,0
HDL cholesterol,LIVER,-0.015851177,7,0.050314465408805034,43,0.7997780595996978,0,Q3,0
HDL cholesterol,LIVER,-0.55825317,3,0.050314465408805034,42,0.6543736543078771,0,Q1,0
HDL cholesterol,LIVER,0.46796152,1,0.050314465408805034,41,0.8733484354807921,1,Q4,0
HDL cholesterol,LIVER,-0.40904972,8,0.050314465408805034,39,0.9999999951442384,0,Q2,0
HDL cholesterol,LIVER,0.67089874,11,0.050314465408805034,39,0.376789359680984,0,Q4,1
HDL cholesterol,LIVER,0.3700051,11,0.050314465408805034,38,1.0,0,Q3,0
HDL cholesterol,LIVER,-0.42278972,4,0.050314465408805034,38,0.0433402431386374,0,Q2,0
HDL cholesterol,LIVER,-0.29459107,7,0.050314465408805034,37,1.0,0,Q2,0
HDL cholesterol,LIVER,-0.6125231,5,0.050314465408805034,37,0.7669289069208859,0,Q1,0
HDL cholesterol,LIVER,0.49265844,7,0.050314465408805034,36,0.0515421278923204,0,Q4,0
HDL cholesterol,LIVER,0.30904737,3,0.050314465408805034,35,0.6039772002366408,0,Q3,0
HDL cholesterol,LIVER,0.8578259,1,0.050314465408805034,35,0.5975193346937057,1,Q4,1
HDL cholesterol,LIVER,-0.022748902,7,0.050314465408805034,34,0.7577562767183947,0,Q3,0
HDL cholesterol,LIVER,-0.44601905,8,0.050314465408805034,34,0.5502714367824868,0,Q2,0
HDL cholesterol,LIVER,-0.24256732,11,0.050314465408805034,33,0.0404911147601107,0,Q2,0
HDL cholesterol,LIVER,1.5460229,5,0.050314465408805034,33,0.165314517950944,0,Q4,1
HDL cholesterol,LIVER,-0.31306633,6,0.050314465408805034,32,0.6508719513716587,0,Q2,0
HDL cholesterol,LIVER,-0.5435983,5,0.050314465408805034,31,0.3369402936585329,0,Q1,0
HDL cholesterol,LIVER,-0.25502592,7,0.050314465408805034,30,0.4556824917979888,0,Q2,0
HDL cholesterol,LIVER,0.47629046,3,0.050314465408805034,30,0.296528939156792,0,Q4,0
HDL cholesterol,LIVER,-0.3696329,7,0.050314465408805034,30,0.5231281936163754,0,Q2,0
HDL cholesterol,LIVER,1.4636419,2,0.050314465408805034,29,0.2593782946407274,0,Q4,1
HDL cholesterol,LIVER,5.10002,7,0.050314465408805034,29,0.7198477222496908,0,Q4,1
HDL cholesterol,LIVER,-0.56872773,9,0.050314465408805034,29,0.1698931205860711,0,Q1,0
HDL cholesterol,LIVER,-0.6066308,5,0.050314465408805034,29,0.1592626166716127,0,Q1,0
HDL cholesterol,LIVER,2.155313,1,0.050314465408805034,28,0.230969189066328,1,Q4,1
HDL cholesterol,LIVER,6.407053,11,0.050314465408805034,27,0.3778165252283872,0,Q4,1
HDL cholesterol,LIVER,-0.5455731,2,0.050314465408805034,27,0.4142966128089461,0,Q1,0
HDL cholesterol,LIVER,-0.45293382,4,0.050314465408805034,27,0.2939035149252748,0,Q2,0
HDL cholesterol,LIVER,0.5276683,1,0.050314465408805034,26,0.6317624080850676,1,Q4,1
HDL cholesterol,LIVER,0.5068661,10,0.050314465408805034,26,0.1398396252081502,0,Q4,0
HDL cholesterol,LIVER,-0.6252868,3,0.050314465408805034,25,0.933528560375272,0,Q1,0
HDL cholesterol,LIVER,-0.16953872,3,0.050314465408805034,25,0.7355737058601038,0,Q3,0
HDL cholesterol,LIVER,2.0316927,3,0.050314465408805034,25,0.2781380433364412,0,Q4,1
HDL cholesterol,LIVER,-0.51767915,5,0.050314465408805034,24,0.3737796522529488,0,Q1,0
HDL cholesterol,LIVER,0.71003157,9,0.050314465408805034,24,0.0753975420577642,0,Q4,1
HDL cholesterol,LIVER,-0.011926978,3,0.050314465408805034,24,0.1967255776479357,0,Q3,0
HDL cholesterol,LIVER,-0.25078154,2,0.050314465408805034,24,0.1245983918029647,0,Q2,0
HDL cholesterol,LIVER,-0.3235117,2,0.050314465408805034,23,0.9294805731430849,0,Q2,0
HDL cholesterol,LIVER,0.34279007,11,0.050314465408805034,23,0.4598846028508,0,Q3,0
HDL cholesterol,LIVER,-0.43343452,8,0.050314465408805034,23,0.1833823446336163,0,Q2,0
HDL cholesterol,LIVER,0.014254061,5,0.050314465408805034,23,0.9121888816962048,0,Q3,0
HDL cholesterol,LIVER,0.50703704,1,0.050314465408805034,22,0.7253476714892237,1,Q4,0
HDL cholesterol,LIVER,-0.48787796,7,0.050314465408805034,22,0.1087167340652073,0,Q1,0
HDL cholesterol,LIVER,-0.5426633,5,0.050314465408805034,22,0.314143124683451,0,Q1,0
HDL cholesterol,LIVER,-0.5458611,6,0.050314465408805034,22,0.832503613892538,0,Q1,0
HDL cholesterol,LIVER,-0.5166397,4,0.050314465408805034,22,0.1078903648014518,0,Q1,0
HDL cholesterol,LIVER,-0.46431014,7,0.050314465408805034,22,0.7720037480280909,0,Q1,0
HDL cholesterol,LIVER,0.6574574,11,0.050314465408805034,22,0.444293371548827,0,Q4,1
HDL cholesterol,LIVER,3.014588,2,0.050314465408805034,21,0.9699362688908876,0,Q4,1
HDL cholesterol,LIVER,-0.48736754,2,0.050314465408805034,21,0.6939391751573402,0,Q1,0
HDL cholesterol,LIVER,9.368058,11,0.050314465408805034,20,0.9740632604611223,0,Q4,1
HDL cholesterol,LIVER,-0.45023724,3,0.050314465408805034,20,0.3515494553403137,0,Q2,0
HDL cholesterol,LIVER,6.616773,8,0.050314465408805034,20,0.99935934552824,0,Q4,1
HDL cholesterol,LIVER,-0.3794109,1,0.050314465408805034,20,0.6439915325773065,1,Q2,0
HDL cholesterol,LIVER,-0.28350845,6,0.050314465408805034,19,0.2659899346480626,0,Q2,0
HDL cholesterol,LIVER,-0.26905194,2,0.050314465408805034,19,0.0892486977368737,0,Q2,0
HDL cholesterol,LIVER,-0.3495087,3,0.050314465408805034,19,0.2795459486448057,0,Q2,0
HDL cholesterol,LIVER,0.4458856,6,0.050314465408805034,19,1.0,0,Q4,0
HDL cholesterol,LIVER,-0.44117805,7,0.050314465408805034,19,0.0144009455138068,0,Q2,0
HDL cholesterol,LIVER,-0.01350129,11,0.050314465408805034,19,0.0182456013618108,0,Q3,0
HDL cholesterol,LIVER,1.4282991,1,0.050314465408805034,19,0.7843292472979654,1,Q4,1
HDL cholesterol,LIVER,-0.3080412,6,0.050314465408805034,18,0.2710010712835861,0,Q2,0
HDL cholesterol,LIVER,0.090205,4,0.050314465408805034,18,0.1885971147903185,0,Q3,0
HDL cholesterol,LIVER,0.67880774,4,0.050314465408805034,18,0.2781625876394208,0,Q4,1
HDL cholesterol,LIVER,-0.21643873,4,0.050314465408805034,18,0.6470828149704564,0,Q3,0
HDL cholesterol,LIVER,2.0721877,9,0.050314465408805034,18,0.2016238595118172,0,Q4,1
HDL cholesterol,LIVER,-0.6262604,4,0.050314465408805034,18,0.8887187636022899,0,Q1,0
HDL cholesterol,LIVER,-0.41575053,3,0.050314465408805034,18,0.151837037737865,0,Q2,0
HDL cholesterol,LIVER,-0.37668198,2,0.050314465408805034,18,0.0609201478298934,0,Q2,0
HDL cholesterol,LIVER,-0.056431234,5,0.050314465408805034,18,0.3214919031874946,0,Q3,0
HDL cholesterol,LIVER,-0.6538213,3,0.050314465408805034,18,1.0,0,Q1,0
HDL cholesterol,LIVER,0.35789704,5,0.050314465408805034,17,0.9890344409655056,0,Q3,0
HDL cholesterol,LIVER,1.5526217,7,0.050314465408805034,17,0.505831180469536,0,Q4,1
HDL cholesterol,LIVER,-0.048664052,9,0.050314465408805034,17,0.0840641142535901,0,Q3,0
HDL cholesterol,LIVER,0.07474452,1,0.050314465408805034,17,0.1018625391443688,1,Q3,0
HDL cholesterol,LIVER,0.22067812,6,0.050314465408805034,17,0.0251279849085457,0,Q3,0
HDL cholesterol,LIVER,-0.16500038,7,0.050314465408805034,17,0.0742492928786622,0,Q3,0
HDL cholesterol,LIVER,0.28754812,8,0.050314465408805034,17,0.0495799839450008,0,Q3,0
HDL cholesterol,LIVER,-0.4908212,6,0.050314465408805034,17,0.2192409133659212,0,Q1,0
HDL cholesterol,LIVER,-0.5935099,7,0.050314465408805034,17,0.721461544133497,0,Q1,0
HDL cholesterol,LIVER,-0.26839346,4,0.050314465408805034,17,0.9694973726348468,0,Q2,0
HDL cholesterol,LIVER,4.159877,3,0.050314465408805034,17,0.9998385913637284,0,Q4,1
HDL cholesterol,LIVER,-0.5628182,3,0.050314465408805034,16,0.0907521753791554,0,Q1,0
HDL cholesterol,LIVER,-0.26439774,8,0.050314465408805034,16,0.979538919778934,0,Q2,0
HDL cholesterol,LIVER,-0.19863501,4,0.050314465408805034,16,0.043199895301568,0,Q3,0
HDL cholesterol,LIVER,-0.45672548,6,0.050314465408805034,16,0.0866872596317664,0,Q2,0
HDL cholesterol,LIVER,1.3224683,7,0.050314465408805034,16,0.217932535087174,0,Q4,1
HDL cholesterol,LIVER,-0.40969142,4,0.050314465408805034,16,0.9642994084954308,0,Q2,0
HDL cholesterol,LIVER,1.6400114,6,0.050314465408805034,16,0.2765671638096273,0,Q4,1
HDL cholesterol,LIVER,0.4525054,2,0.050314465408805034,16,0.938726684063142,0,Q4,0
HDL cholesterol,LIVER,-0.31503728,7,0.050314465408805034,15,0.3614732418957156,0,Q2,0
HDL cholesterol,LIVER,1.4187623,1,0.050314465408805034,15,0.6906264990621833,1,Q4,1
HDL cholesterol,LIVER,-0.41504872,8,0.050314465408805034,15,0.4830748073597022,0,Q2,0
HDL cholesterol,LIVER,-0.46762785,7,0.050314465408805034,15,0.1279671654106312,0,Q1,0
HDL cholesterol,LIVER,2.0468397,1,0.050314465408805034,15,0.0428240356288071,1,Q4,1
HDL cholesterol,LIVER,0.0038553535,10,0.050314465408805034,15,0.4673268336540348,0,Q3,0
HDL cholesterol,LIVER,6.972662,9,0.050314465408805034,15,0.1111891219911767,0,Q4,1
HDL cholesterol,LIVER,-0.5048086,5,0.050314465408805034,15,0.0293009448007427,0,Q1,0
HDL cholesterol,LIVER,4.4190063,10,0.050314465408805034,15,0.440455021501381,0,Q4,1
HDL cholesterol,LIVER,-0.3731591,9,0.050314465408805034,15,0.2142641072144681,0,Q2,0
HDL cholesterol,LIVER,5.9595556,6,0.050314465408805034,15,0.0177191418259539,0,Q4,1
HDL cholesterol,LIVER,-0.4686951,7,0.050314465408805034,15,0.2212250981851148,0,Q1,0
HDL cholesterol,LIVER,-0.41464153,7,0.050314465408805034,15,0.1715714321478365,0,Q2,0
HDL cholesterol,LIVER,1.5203366,8,0.050314465408805034,15,0.547233576409139,0,Q4,1
HDL cholesterol,LIVER,13.241298,8,0.050314465408805034,15,1.0,0,Q4,1
HDL cholesterol,LIVER,-0.1914096,6,0.050314465408805034,14,0.089315387345037,0,Q3,0
HDL cholesterol,LIVER,-0.49278438,5,0.050314465408805034,14,0.326688229369365,0,Q1,0
HDL cholesterol,LIVER,-0.6187951,3,0.050314465408805034,14,0.0556389269680986,0,Q1,0
HDL cholesterol,LIVER,1.741837,6,0.050314465408805034,14,0.1716890978035107,0,Q4,1
Triglycerides,LIVER,-0.2545727,11,0.050314465408805034,300,0.999984090130678,0,Q2,0
Triglycerides,LIVER,-0.31639844,3,0.050314465408805034,300,1.0,0,Q2,0
Triglycerides,LIVER,-0.37365222,2,0.050314465408805034,191,0.8713804788205086,0,Q2,0
Triglycerides,LIVER,-0.46829447,3,0.050314465408805034,182,1.0,0,Q1,0
Triglycerides,LIVER,0.4543311,2,0.050314465408805034,112,0.9999999999999908,0,Q4,0
Triglycerides,LIVER,-0.2992881,5,0.050314465408805034,86,0.4700758922000007,0,Q2,0
Triglycerides,LIVER,-0.62810147,4,0.050314465408805034,67,0.4231130019100311,0,Q1,0
Triglycerides,LIVER,-0.4861165,6,0.050314465408805034,55,0.1664435485860436,0,Q1,0
Triglycerides,LIVER,1.4935434,7,0.050314465408805034,54,0.8920259387654832,0,Q4,1
Triglycerides,LIVER,0.30783442,4,0.050314465408805034,53,0.7481195424919611,0,Q3,0
Triglycerides,LIVER,-0.089986876,5,0.050314465408805034,40,0.1458081823693344,0,Q3,0
Triglycerides,LIVER,-0.61768615,4,0.050314465408805034,38,0.2583914738212278,0,Q1,0
Triglycerides,LIVER,-0.41731155,7,0.050314465408805034,35,0.2326919223495198,0,Q2,0
Triglycerides,LIVER,-0.014368947,10,0.050314465408805034,29,0.3887233670634587,0,Q3,0
Triglycerides,LIVER,-0.61027557,5,0.050314465408805034,29,0.1499813120188503,0,Q1,0
Triglycerides,LIVER,-0.39699966,6,0.050314465408805034,28,0.7514968229368858,0,Q2,0
Triglycerides,LIVER,2.0497456,10,0.050314465408805034,28,1.0,0,Q4,1
Triglycerides,LIVER,0.9325195,2,0.050314465408805034,28,0.6365000029540674,0,Q4,1
Triglycerides,LIVER,-0.012925707,8,0.050314465408805034,26,0.1199687800052605,0,Q3,0
Triglycerides,LIVER,2.0316927,3,0.050314465408805034,23,0.2639608999895669,0,Q4,1
Triglycerides,LIVER,0.7612409,10,0.050314465408805034,22,0.0726503053374382,0,Q4,1
Triglycerides,LIVER,8.117182,9,0.050314465408805034,22,0.1918495906293497,0,Q4,1
Triglycerides,LIVER,-0.46525726,5,0.050314465408805034,21,1.0,0,Q1,0
Triglycerides,LIVER,-0.02034391,7,0.050314465408805034,20,0.4983442149548805,0,Q3,0
Triglycerides,LIVER,1.6265764,8,0.050314465408805034,20,0.9366617203300216,0,Q4,1
Triglycerides,LIVER,-0.49667522,5,0.050314465408805034,19,0.2247919342006422,0,Q1,0
Triglycerides,LIVER,-0.48705876,7,0.050314465408805034,19,0.4544155364025004,0,Q1,0
Triglycerides,LIVER,0.76679516,9,0.050314465408805034,19,0.2256935041368231,0,Q4,1
Triglycerides,LIVER,-0.30570436,9,0.050314465408805034,19,0.1244874428961745,0,Q2,0
Triglycerides,LIVER,0.752542,1,0.050314465408805034,19,0.1188441938998327,1,Q4,1
Triglycerides,LIVER,-0.56542283,4,0.050314465408805034,17,0.1739758324032484,0,Q1,0
Triglycerides,LIVER,-0.2574382,6,0.050314465408805034,17,0.1875206766357353,0,Q2,0
Triglycerides,LIVER,0.3700051,11,0.050314465408805034,16,1.0,0,Q3,0
Triglycerides,LIVER,-0.31499454,3,0.050314465408805034,16,0.9998844610630312,0,Q2,0
Triglycerides,LIVER,-0.37460533,1,0.050314465408805034,15,0.442112825453417,1,Q2,0
Triglycerides,LIVER,-0.28685972,1,0.050314465408805034,15,0.5497246171103608,1,Q2,0
Triglycerides,LIVER,-0.56215346,4,0.050314465408805034,15,0.0755740748417342,0,Q1,0
Triglycerides,LIVER,-0.6292206,4,0.050314465408805034,14,1.0,0,Q1,0
Triglycerides,LIVER,1.2183545,4,0.050314465408805034,14,0.4013990456359856,0,Q4,1
Triglycerides,LIVER,1.0438764,9,0.050314465408805034,14,0.0614246258919102,0,Q4,1
Triglycerides,LIVER,1.7427506,6,0.050314465408805034,14,0.5749754377335323,0,Q4,1
Triglycerides,LIVER,0.21220371,1,0.050314465408805034,14,0.1388759954665619,1,Q3,0
Triglycerides,LIVER,-0.14334755,2,0.050314465408805034,14,0.3740058254946075,0,Q3,0
Triglycerides,LIVER,-0.31332415,2,0.050314465408805034,13,0.1660961913547315,0,Q2,0
Triglycerides,LIVER,-0.5394606,7,0.050314465408805034,13,0.1177845266039875,0,Q1,0
Triglycerides,LIVER,0.00966939,11,0.050314465408805034,13,0.1628483332273806,0,Q3,0
Triglycerides,LIVER,-0.31611356,2,0.050314465408805034,13,0.1034032839447453,0,Q2,0
Triglycerides,LIVER,-0.49384475,6,0.050314465408805034,13,0.992916011214105,0,Q1,0
Triglycerides,LIVER,-0.3672324,7,0.050314465408805034,13,0.1407665505958069,0,Q2,0
Triglycerides,LIVER,0.9112564,5,0.050314465408805034,12,0.0145033772984946,0,Q4,1
Triglycerides,LIVER,-0.47141412,7,0.050314465408805034,12,0.6051316944853153,0,Q1,0
Triglycerides,LIVER,0.52991235,11,0.050314465408805034,12,0.0706421024297898,0,Q4,1
Triglycerides,LIVER,0.5817113,1,0.050314465408805034,12,0.6538923093333043,1,Q4,1
Triglycerides,LIVER,0.7657998,10,0.050314465408805034,12,0.922523952793322,0,Q4,1
Triglycerides,LIVER,-0.3767108,2,0.050314465408805034,12,0.2894555090314472,0,Q2,0
Triglycerides,LIVER,0.47608903,3,0.050314465408805034,12,0.2803943463337041,0,Q4,1
Triglycerides,LIVER,0.58529425,2,0.050314465408805034,11,0.938746851313864,0,Q4,1
Triglycerides,LIVER,-0.5261947,7,0.050314465408805034,11,0.7593110995207019,0,Q1,0
Triglycerides,LIVER,-0.27223146,3,0.050314465408805034,11,0.2416482768804784,0,Q2,0
Triglycerides,LIVER,1.3224683,7,0.050314465408805034,11,0.1717450259686138,0,Q4,1
Triglycerides,LIVER,-0.64479154,3,0.050314465408805034,11,0.0116868004998325,0,Q1,0
Triglycerides,LIVER,-0.42313087,7,0.050314465408805034,11,0.1768808570693802,0,Q2,0
Triglycerides,LIVER,-0.41823387,4,0.050314465408805034,11,0.6530225304955194,0,Q2,0
Triglycerides,LIVER,-0.023282977,1,0.050314465408805034,11,0.1668116475356675,1,Q3,0
Triglycerides,LIVER,-0.25465834,6,0.050314465408805034,11,0.220694977481198,0,Q2,0
Triglycerides,LIVER,-0.32690868,9,0.050314465408805034,11,0.0798390954732736,0,Q2,0
Triglycerides,LIVER,-0.44174093,6,0.050314465408805034,11,0.0604677454708515,0,Q2,0
Triglycerides,LIVER,0.58441705,1,0.050314465408805034,11,0.4996499082859333,1,Q4,1
Triglycerides,LIVER,-0.3543982,3,0.050314465408805034,11,0.4065520877213048,0,Q2,0
Triglycerides,LIVER,0.8268521,6,0.050314465408805034,10,0.1181919818613184,0,Q4,1
Triglycerides,LIVER,-0.27492988,5,0.050314465408805034,10,0.1141251161419194,0,Q2,0
Triglycerides,LIVER,3.211939,9,0.050314465408805034,10,0.3323448245497969,0,Q4,1
Triglycerides,LIVER,-0.38492465,9,0.050314465408805034,10,0.2214360287884429,0,Q2,0
Triglycerides,LIVER,-0.39054927,4,0.050314465408805034,10,0.0585069107808872,0,Q2,0
Triglycerides,LIVER,-0.5721012,1,0.050314465408805034,10,0.5869658024036076,1,Q1,0
Triglycerides,LIVER,-0.4727303,8,0.050314465408805034,10,0.6756913294552012,0,Q1,0
Triglycerides,LIVER,-0.07540736,5,0.050314465408805034,10,0.5824446336946065,0,Q3,0
Triglycerides,LIVER,-0.060777497,7,0.050314465408805034,10,0.7619044575736805,0,Q3,0
Triglycerides,LIVER,2.3099012,9,0.050314465408805034,10,0.7344957692230238,0,Q4,1
Triglycerides,LIVER,-0.58046836,3,0.050314465408805034,10,0.2506283493117606,0,Q1,0
Triglycerides,LIVER,0.11966243,2,0.050314465408805034,10,0.053341019352386,0,Q3,0
Triglycerides,LIVER,-0.5272012,6,0.050314465408805034,10,0.055501709490492,0,Q1,0
Triglycerides,LIVER,0.16871423,8,0.050314465408805034,9,0.245227414655151,0,Q3,0
Triglycerides,LIVER,0.94254625,7,0.050314465408805034,9,0.1567581686695091,0,Q4,1
Triglycerides,LIVER,-0.5938243,3,0.050314465408805034,9,0.2597278629592938,0,Q1,0
Triglycerides,LIVER,-0.66476524,3,0.050314465408805034,9,0.0927695186196125,0,Q1,0
Triglycerides,LIVER,-0.27157533,5,0.050314465408805034,9,0.0534288748001071,0,Q2,0
Triglycerides,LIVER,-0.18895376,7,0.050314465408805034,9,0.0403012696310496,0,Q3,0
Triglycerides,LIVER,-0.31723583,8,0.050314465408805034,9,0.00457394718788,0,Q2,0
Triglycerides,LIVER,-0.53955007,5,0.050314465408805034,9,0.0336308289866951,0,Q1,0
Triglycerides,LIVER,1.2733359,10,0.050314465408805034,9,0.3756092186756609,0,Q4,1
Triglycerides,LIVER,-0.25189802,1,0.050314465408805034,9,0.1222781917657224,1,Q2,0
Triglycerides,LIVER,-0.5119864,3,0.050314465408805034,9,0.5173818940564051,0,Q1,0
Triglycerides,LIVER,-0.5695497,2,0.050314465408805034,9,0.1865835906810516,0,Q1,0
Triglycerides,LIVER,2.5272057,5,0.050314465408805034,9,1.0,0,Q4,1
Triglycerides,LIVER,-0.51954144,8,0.050314465408805034,9,0.239444769100666,0,Q1,0
Triglycerides,LIVER,-0.35441348,4,0.050314465408805034,9,0.1222408148730158,0,Q2,0
Triglycerides,LIVER,-0.017213773,11,0.050314465408805034,9,0.2073355056658255,0,Q3,0
Triglycerides,LIVER,-0.034339063,2,0.050314465408805034,9,0.1114611321549901,0,Q3,0
Triglycerides,LIVER,-0.5908265,3,0.050314465408805034,9,0.0880640943280925,0,Q1,0
Triglycerides,LIVER,-0.48636317,8,0.050314465408805034,9,0.3853682687700221,0,Q1,0
Triglycerides,LIVER,-0.41199622,4,0.050314465408805034,9,0.0848746437346326,0,Q2,0
Triglycerides,LIVER,-0.14665644,8,0.050314465408805034,9,0.1638896522144642,0,Q3,0
Triglycerides,LIVER,-0.5048205,8,0.050314465408805034,9,0.2394548245296036,0,Q1,0
Triglycerides,LIVER,13.127483,7,0.050314465408805034,8,1.0,0,Q4,1
Triglycerides,LIVER,0.3404611,7,0.050314465408805034,8,0.0237277795427076,0,Q3,0
Triglycerides,LIVER,-0.2561968,5,0.050314465408805034,8,0.0238860064956919,0,Q2,0
Triglycerides,LIVER,-0.15982552,3,0.050314465408805034,8,0.1671593444902266,0,Q3,0
Triglycerides,LIVER,0.6535327,4,0.050314465408805034,8,0.0498288533877975,0,Q4,1
Alanine aminotransferase,LIVER,-0.512479,7,0.050314465408805034,286,1.0,0,Q1,0
Alanine aminotransferase,LIVER,5.175688,2,0.050314465408805034,268,1.0,0,Q4,1
Alanine aminotransferase,LIVER,-0.38835222,1,0.050314465408805034,141,0.9604755981128954,1,Q2,0
Alanine aminotransferase,LIVER,3.7401388,11,0.050314465408805034,98,0.99999999959703,0,Q4,1
Alanine aminotransferase,LIVER,-0.49856663,8,0.050314465408805034,87,0.3895742179675421,0,Q1,0
Alanine aminotransferase,LIVER,0.24831644,1,0.050314465408805034,79,1.0,1,Q3,0
Alanine aminotransferase,LIVER,-0.5529196,3,0.050314465408805034,76,0.1094568255931641,0,Q1,0
Alanine aminotransferase,LIVER,3.7620015,1,0.050314465408805034,74,0.920200281396069,1,Q4,1
Alanine aminotransferase,LIVER,0.9155434,1,0.050314465408805034,71,0.5579735051758314,1,Q4,1
Alanine aminotransferase,LIVER,-0.10450222,8,0.050314465408805034,64,0.6734705189599516,0,Q3,0
Alanine aminotransferase,LIVER,23.22602,9,0.050314465408805034,51,0.6248701044708689,0,Q4,1
Alanine aminotransferase,LIVER,11.621537,1,0.050314465408805034,51,0.8456312814792268,1,Q4,1
Alanine aminotransferase,LIVER,0.12632088,7,0.050314465408805034,40,0.5328686868866881,0,Q3,0
Alanine aminotransferase,LIVER,0.011024288,8,0.050314465408805034,39,0.3669219005629345,0,Q3,0
Alanine aminotransferase,LIVER,1.0023209,10,0.050314465408805034,39,0.4616511806178676,0,Q4,1
Alanine aminotransferase,LIVER,0.46796152,1,0.050314465408805034,38,0.8529176184434519,1,Q4,0
Alanine aminotransferase,LIVER,-0.5295501,4,0.050314465408805034,37,0.5187485105330292,0,Q1,0
Alanine aminotransferase,LIVER,0.4065081,1,0.050314465408805034,37,0.4817382439453071,1,Q3,0
Alanine aminotransferase,LIVER,2.9185078,1,0.050314465408805034,36,0.6576556778068744,1,Q4,1
Alanine aminotransferase,LIVER,0.17386046,1,0.050314465408805034,35,1.0,1,Q3,0
Alanine aminotransferase,LIVER,-0.4420034,4,0.050314465408805034,35,0.1302050849690533,0,Q2,0
Alanine aminotransferase,LIVER,0.3966179,6,0.050314465408805034,34,0.0268116562706699,0,Q3,0
Alanine aminotransferase,LIVER,-0.010015559,7,0.050314465408805034,33,0.3232418230479462,0,Q3,0
Alanine aminotransferase,LIVER,-0.035364408,7,0.050314465408805034,33,1.0,0,Q3,0
Alanine aminotransferase,LIVER,0.98689157,3,0.050314465408805034,33,0.7533029103543774,0,Q4,1
Alanine aminotransferase,LIVER,-0.44962174,7,0.050314465408805034,33,0.1161389662252041,0,Q2,0
Alanine aminotransferase,LIVER,-0.3723902,8,0.050314465408805034,32,0.4233164649123935,0,Q2,0
Alanine aminotransferase,LIVER,-0.42929283,5,0.050314465408805034,32,0.5717429665369655,0,Q2,0
Alanine aminotransferase,LIVER,-0.50733495,6,0.050314465408805034,31,0.4589274295569107,0,Q1,0
Alanine aminotransferase,LIVER,-0.031918388,1,0.050314465408805034,31,0.2336319748205619,1,Q3,0
Alanine aminotransferase,LIVER,2.4484706,4,0.050314465408805034,29,0.5544501731248639,0,Q4,1
Alanine aminotransferase,LIVER,2.2068257,1,0.050314465408805034,28,0.7792869262626443,1,Q4,1
Alanine aminotransferase,LIVER,-0.28701806,2,0.050314465408805034,28,0.990956690239462,0,Q2,0
Alanine aminotransferase,LIVER,-0.524951,1,0.050314465408805034,27,0.0835830534549827,1,Q1,0
Alanine aminotransferase,LIVER,-0.4205486,7,0.050314465408805034,27,0.9118314673963412,0,Q2,0
Alanine aminotransferase,LIVER,6.501974,6,0.050314465408805034,27,1.0,0,Q4,1
Alanine aminotransferase,LIVER,0.1750327,7,0.050314465408805034,27,0.8950715286243132,0,Q3,0
Alanine aminotransferase,LIVER,-0.32033217,2,0.050314465408805034,26,0.0597803895129725,0,Q2,0
Alanine aminotransferase,LIVER,0.60358405,4,0.050314465408805034,26,0.3599504432468906,0,Q4,1
Alanine aminotransferase,LIVER,4.6067557,11,0.050314465408805034,25,0.999644155364872,0,Q4,1
Alanine aminotransferase,LIVER,7.64053,1,0.050314465408805034,25,1.0,1,Q4,1
Alanine aminotransferase,LIVER,3.6927772,8,0.050314465408805034,25,1.0,0,Q4,1
Alanine aminotransferase,LIVER,-0.06481018,1,0.050314465408805034,24,1.0,1,Q3,0
Alanine aminotransferase,LIVER,-0.57608825,3,0.050314465408805034,24,0.3841034859808183,0,Q1,0
Alanine aminotransferase,LIVER,0.18009742,10,0.050314465408805034,24,0.2468158883470404,0,Q3,0
Alanine aminotransferase,LIVER,-0.25636694,6,0.050314465408805034,24,0.175823352508994,0,Q2,0
Alanine aminotransferase,LIVER,-0.44374758,3,0.050314465408805034,23,0.8501957134141767,0,Q2,0
Alanine aminotransferase,LIVER,-0.24313697,6,0.050314465408805034,23,0.4051511100759216,0,Q2,0
Alanine aminotransferase,LIVER,-0.16684705,8,0.050314465408805034,23,0.0845247322010184,0,Q3,0
Alanine aminotransferase,LIVER,-0.00449856,3,0.050314465408805034,23,0.3550762796249584,0,Q3,0
Alanine aminotransferase,LIVER,1.005678,10,0.050314465408805034,23,0.8242272741478075,0,Q4,1
Alanine aminotransferase,LIVER,-0.6734378,3,0.050314465408805034,22,1.0,0,Q1,0
Alanine aminotransferase,LIVER,-0.52436054,8,0.050314465408805034,22,0.2941337947841035,0,Q1,0
Alanine aminotransferase,LIVER,0.11248939,1,0.050314465408805034,22,0.4020644643540208,1,Q3,0
Alanine aminotransferase,LIVER,1.3009996,1,0.050314465408805034,22,0.5539303572671251,1,Q4,1
Alanine aminotransferase,LIVER,0.5765685,1,0.050314465408805034,21,0.3514325388384057,1,Q4,1
Alanine aminotransferase,LIVER,4.5821934,7,0.050314465408805034,21,0.4731199909685055,0,Q4,1
Alanine aminotransferase,LIVER,6.972165,10,0.050314465408805034,21,0.0936426633151836,0,Q4,1
Alanine aminotransferase,LIVER,2.4140604,1,0.050314465408805034,21,0.9997349912798814,1,Q4,1
Alanine aminotransferase,LIVER,1.4517374,10,0.050314465408805034,21,0.8614004295818465,0,Q4,1
Alanine aminotransferase,LIVER,-0.42207363,1,0.050314465408805034,20,0.4142849101695262,1,Q2,0
Alanine aminotransferase,LIVER,-0.45469916,7,0.050314465408805034,20,0.0556837091424561,0,Q2,0
Alanine aminotransferase,LIVER,1.6166958,1,0.050314465408805034,20,0.8546394199827707,1,Q4,1
Alanine aminotransferase,LIVER,-0.36770535,10,0.050314465408805034,20,0.142386131838421,0,Q2,0
Alanine aminotransferase,LIVER,-0.573294,5,0.050314465408805034,20,0.1486764765315395,0,Q1,0
Alanine aminotransferase,LIVER,-0.22079802,8,0.050314465408805034,20,1.0,0,Q3,0
Alanine aminotransferase,LIVER,-0.5231852,4,0.050314465408805034,20,0.8968351356111148,0,Q1,0
Alanine aminotransferase,LIVER,-0.5220682,4,0.050314465408805034,19,0.009897858085436,0,Q1,0
Alanine aminotransferase,LIVER,4.6861362,7,0.050314465408805034,19,0.075762214545848,0,Q4,1
Alanine aminotransferase,LIVER,-0.006789672,1,0.050314465408805034,19,0.3867779255279059,1,Q3,0
Alanine aminotransferase,LIVER,-0.3518402,5,0.050314465408805034,19,0.9998388076412812,0,Q2,0
Alanine aminotransferase,LIVER,0.54685557,1,0.050314465408805034,19,0.0722957049139694,1,Q4,0
Alanine aminotransferase,LIVER,-0.54736924,4,0.050314465408805034,19,0.4615537010379431,0,Q1,0
Alanine aminotransferase,LIVER,-0.55301565,2,0.050314465408805034,19,0.1887653683178559,0,Q1,0
Alanine aminotransferase,LIVER,2.793104,2,0.050314465408805034,19,0.9957787271949554,0,Q4,1
Alanine aminotransferase,LIVER,-0.31762657,3,0.050314465408805034,18,1.0,0,Q2,0
Alanine aminotransferase,LIVER,-0.36390102,10,0.050314465408805034,18,0.0232821695584247,0,Q2,0
Alanine aminotransferase,LIVER,8.117182,9,0.050314465408805034,18,0.1501721413872428,0,Q4,1
Alanine aminotransferase,LIVER,0.17165193,10,0.050314465408805034,17,0.7809964071202334,0,Q3,0
Alanine aminotransferase,LIVER,0.048352703,3,0.050314465408805034,17,0.3101420209850585,0,Q3,0
Alanine aminotransferase,LIVER,-0.6260886,3,0.050314465408805034,17,0.6755150022246631,0,Q1,0
Alanine aminotransferase,LIVER,-0.27696946,7,0.050314465408805034,17,0.1968368227983234,0,Q2,0
Alanine aminotransferase,LIVER,-0.26127797,6,0.050314465408805034,17,0.095916608923807,0,Q2,0
Alanine aminotransferase,LIVER,0.98661476,11,0.050314465408805034,16,0.7844608177171972,0,Q4,1
Alanine aminotransferase,LIVER,-0.6150946,3,0.050314465408805034,16,0.2028569784363099,0,Q1,0
Alanine aminotransferase,LIVER,0.44089302,3,0.050314465408805034,16,0.1294872961687363,0,Q4,0
Alanine aminotransferase,LIVER,-0.31364223,5,0.050314465408805034,16,0.3777183079765799,0,Q2,0
Alanine aminotransferase,LIVER,-0.5723578,4,0.050314465408805034,16,0.2979819434602317,0,Q1,0
Alanine aminotransferase,LIVER,0.5739817,5,0.050314465408805034,16,0.9996746002165467,0,Q4,1
Alanine aminotransferase,LIVER,-0.04358588,7,0.050314465408805034,16,0.1850628319926741,0,Q3,0
Alanine aminotransferase,LIVER,3.2494862,1,0.050314465408805034,16,0.4711613630360485,1,Q4,1
Alanine aminotransferase,LIVER,0.5157582,3,0.050314465408805034,16,0.811335987177309,0,Q4,0
Alanine aminotransferase,LIVER,-0.17889489,3,0.050314465408805034,16,0.8485744032130462,0,Q3,0
Alanine aminotransferase,LIVER,-0.51006216,8,0.050314465408805034,16,0.773260922541541,0,Q1,0
Alanine aminotransferase,LIVER,-0.29042044,9,0.050314465408805034,16,0.0692677741957624,0,Q2,0
Alanine aminotransferase,LIVER,-0.31822905,10,0.050314465408805034,15,0.9359229687643114,0,Q2,0
Alanine aminotransferase,LIVER,-0.10918049,3,0.050314465408805034,15,1.0,0,Q3,0
Alanine aminotransferase,LIVER,-0.03549095,4,0.050314465408805034,15,0.059013333365797,0,Q3,0
Alanine aminotransferase,LIVER,2.0256755,5,0.050314465408805034,15,0.4277299054735284,0,Q4,1
Alanine aminotransferase,LIVER,-0.3075834,9,0.050314465408805034,15,0.0694610111461256,0,Q2,0
Alanine aminotransferase,LIVER,0.4802146,5,0.050314465408805034,15,0.051282548934299,0,Q4,0
Alanine aminotransferase,LIVER,0.2431589,7,0.050314465408805034,15,0.0311807274081205,0,Q3,0
Alanine aminotransferase,LIVER,-0.4533906,1,0.050314465408805034,15,0.4337534561595401,1,Q2,0
Alanine aminotransferase,LIVER,3.300767,9,0.050314465408805034,15,0.687624456462758,0,Q4,1
Alanine aminotransferase,LIVER,4.0512676,7,0.050314465408805034,15,1.0,0,Q4,1
Alanine aminotransferase,LIVER,-0.47672817,3,0.050314465408805034,15,0.5102609285125922,0,Q1,0
Alanine aminotransferase,LIVER,-0.535055,8,0.050314465408805034,15,0.2263637436985204,0,Q1,0
Alanine aminotransferase,LIVER,3.6595314,1,0.050314465408805034,15,0.5708216716174563,1,Q4,1
Alanine aminotransferase,LIVER,0.08782015,8,0.050314465408805034,15,0.3186357945635929,0,Q3,0
Alanine aminotransferase,LIVER,-0.52602875,3,0.050314465408805034,14,0.1034679069805463,0,Q1,0
Alanine aminotransferase,LIVER,0.13932306,2,0.050314465408805034,14,0.2925402576279002,0,Q3,0
Alanine aminotransferase,LIVER,-0.484341,9,0.050314465408805034,14,0.0709694783567838,0,Q1,0
Alanine aminotransferase,LIVER,-0.004146634,7,0.050314465408805034,14,0.7810860137684457,0,Q3,0
Alanine aminotransferase,LIVER,-0.31499454,3,0.050314465408805034,14,0.9996672845134662,0,Q2,0
Alanine aminotransferase,LIVER,-0.6144779,1,0.050314465408805034,14,0.9584515863092924,1,Q1,0
Alanine aminotransferase,LIVER,0.10097318,3,0.050314465408805034,14,0.966389208707042,0,Q3,0
Alanine aminotransferase,LIVER,0.32956013,10,0.050314465408805034,14,0.1627298336814239,0,Q3,0
Alanine aminotransferase,LIVER,-0.28659135,7,0.050314465408805034,14,0.1898292743087839,0,Q2,0
Alanine aminotransferase,LIVER,-0.3577838,6,0.050314465408805034,14,0.4556486334052364,0,Q2,0
Alanine aminotransferase,LIVER,-0.10873784,2,0.050314465408805034,14,0.1568704420175037,0,Q3,0
Alanine aminotransferase,LIVER,-0.6090184,3,0.050314465408805034,14,0.5171795918295883,0,Q1,0
Alanine aminotransferase,LIVER,-0.46183255,2,0.050314465408805034,14,0.1639582898982739,0,Q1,0
Alanine aminotransferase,LIVER,-0.36918628,9,0.050314465408805034,13,0.1824155714923213,0,Q2,0
Alanine aminotransferase,LIVER,-0.2927968,6,0.050314465408805034,13,0.0714463591066094,0,Q2,0
Alanine aminotransferase,LIVER,-0.30856395,11,0.050314465408805034,13,0.0238211479409606,0,Q2,0
Alanine aminotransferase,LIVER,-0.3144364,5,0.050314465408805034,13,0.99786827910454,0,Q2,0
Alanine aminotransferase,LIVER,-0.3745537,7,0.050314465408805034,13,0.6031486777696549,0,Q2,0
Alanine aminotransferase,LIVER,0.08107472,9,0.050314465408805034,13,0.469740699665636,0,Q3,0
Alanine aminotransferase,LIVER,-0.22785465,6,0.050314465408805034,13,0.2663844941404814,0,Q2,0
Alanine aminotransferase,LIVER,-0.28867665,6,0.050314465408805034,13,0.2529004314851411,0,Q2,0
Alanine aminotransferase,LIVER,-0.39859524,8,0.050314465408805034,13,0.0513846558509683,0,Q2,0
Alanine aminotransferase,LIVER,-0.6080034,5,0.050314465408805034,13,0.0423405457129045,0,Q1,0
Alanine aminotransferase,LIVER,0.2241989,10,0.050314465408805034,13,0.0407659270275037,0,Q3,0
Alanine aminotransferase,LIVER,-0.39027867,7,0.050314465408805034,13,1.0,0,Q2,0
Alanine aminotransferase,LIVER,0.36310637,7,0.050314465408805034,12,0.2197960322561135,0,Q3,0
Alanine aminotransferase,LIVER,-0.57461876,6,0.050314465408805034,12,0.6087987244682065,0,Q1,0
Alanine aminotransferase,LIVER,-0.5152766,4,0.050314465408805034,12,0.5699028274579205,0,Q1,0
Alanine aminotransferase,LIVER,0.39422205,9,0.050314465408805034,12,1.0,0,Q3,0
Alanine aminotransferase,LIVER,3.3434062,2,0.050314465408805034,12,0.5406089437847799,0,Q4,1
Alanine aminotransferase,LIVER,4.3133144,7,0.050314465408805034,12,0.99792292207487,0,Q4,1
Alanine aminotransferase,LIVER,-0.012720681,9,0.050314465408805034,12,0.0483956748390717,0,Q3,0
Alanine aminotransferase,LIVER,0.039518308,10,0.050314465408805034,12,0.1151765318664853,0,Q3,0
Alanine aminotransferase,LIVER,-0.5490372,1,0.050314465408805034,12,0.0872647091199523,1,Q1,0
Alanine aminotransferase,LIVER,-0.23944794,9,0.050314465408805034,12,0.0306748354708516,0,Q2,0
Alanine aminotransferase,LIVER,4.0444455,10,0.050314465408805034,12,0.9394963585154698,0,Q4,1
Alanine aminotransferase,LIVER,0.71955657,11,0.050314465408805034,12,0.0177410178178208,0,Q4,1
Alanine aminotransferase,LIVER,-0.5245249,7,0.050314465408805034,12,0.0679396805375584,0,Q1,0
Alanine aminotransferase,LIVER,-0.6291625,5,0.050314465408805034,12,0.5214726434528686,0,Q1,0
Alanine aminotransferase,LIVER,0.07392327,8,0.050314465408805034,12,0.1343432451763034,0,Q3,0
Alanine aminotransferase,LIVER,-0.49868336,4,0.050314465408805034,12,1.0,0,Q1,0
Alkaline phosphatase,LIVER,-0.50563514,5,0.050314465408805034,3949,1.0,0,Q1,0
Alkaline phosphatase,LIVER,-0.2886451,3,0.050314465408805034,1068,1.0,0,Q2,0
Alkaline phosphatase,LIVER,-0.5377479,3,0.050314465408805034,502,1.0,0,Q1,0
Alkaline phosphatase,LIVER,-0.43560138,2,0.050314465408805034,313,0.9807209932140888,0,Q2,0
Alkaline phosphatase,LIVER,0.7530883,8,0.050314465408805034,239,0.9952424596470766,0,Q4,1
Alkaline phosphatase,LIVER,1.6360421,9,0.050314465408805034,223,0.999990556564662,0,Q4,1
Alkaline phosphatase,LIVER,-0.48119634,1,0.050314465408805034,177,1.0,1,Q1,0
Alkaline phosphatase,LIVER,-0.106089264,10,0.050314465408805034,152,0.9849757809809704,0,Q3,0
Alkaline phosphatase,LIVER,10.269388,9,0.050314465408805034,131,0.9999999999999956,0,Q4,1
Alkaline phosphatase,LIVER,-0.18572822,6,0.050314465408805034,126,0.6692048139964621,0,Q3,0
Alkaline phosphatase,LIVER,-0.5116786,2,0.050314465408805034,126,0.9999596183788638,0,Q1,0
Alkaline phosphatase,LIVER,-0.36114648,7,0.050314465408805034,113,0.3967199164440458,0,Q2,0
Alkaline phosphatase,LIVER,-0.6304706,3,0.050314465408805034,112,0.7901562560818551,0,Q1,0
Alkaline phosphatase,LIVER,-0.23583117,9,0.050314465408805034,107,1.0,0,Q2,0
Alkaline phosphatase,LIVER,0.2601321,5,0.050314465408805034,95,0.0750810244349127,0,Q3,0
Alkaline phosphatase,LIVER,1.4882776,8,0.050314465408805034,93,1.0,0,Q4,1
Alkaline phosphatase,LIVER,8.914847,2,0.050314465408805034,92,0.5581843253103672,0,Q4,1
Alkaline phosphatase,LIVER,-0.23209667,2,0.050314465408805034,92,1.0,0,Q2,0
Alkaline phosphatase,LIVER,0.21337171,9,0.050314465408805034,91,0.9486876192046324,0,Q3,0
Alkaline phosphatase,LIVER,-0.6144779,1,0.050314465408805034,89,0.9999999999970997,1,Q1,0
Alkaline phosphatase,LIVER,6.177161,1,0.050314465408805034,89,0.7398684839897175,1,Q4,1
Alkaline phosphatase,LIVER,-0.6098055,2,0.050314465408805034,88,0.8832986273762702,0,Q1,0
Alkaline phosphatase,LIVER,-0.3599458,8,0.050314465408805034,83,1.0,0,Q2,0
Alkaline phosphatase,LIVER,-0.26174805,4,0.050314465408805034,69,0.9999230534030994,0,Q2,0
Alkaline phosphatase,LIVER,-0.32985228,11,0.050314465408805034,65,0.2845143258858479,0,Q2,0
Alkaline phosphatase,LIVER,0.017142339,10,0.050314465408805034,65,0.9999999999995126,0,Q3,0
Alkaline phosphatase,LIVER,-0.45912626,7,0.050314465408805034,63,0.7604646205190996,0,Q1,0
Alkaline phosphatase,LIVER,-0.43998826,3,0.050314465408805034,63,0.9688896482915752,0,Q2,0
Alkaline phosphatase,LIVER,-0.17680967,9,0.050314465408805034,58,0.7088347790760486,0,Q3,0
Alkaline phosphatase,LIVER,0.4619723,4,0.050314465408805034,58,0.2118737453301415,0,Q4,1
Alkaline phosphatase,LIVER,-0.29016912,10,0.050314465408805034,55,0.9994765532248004,0,Q2,0
Alkaline phosphatase,LIVER,-0.034075767,6,0.050314465408805034,54,0.9878477489400388,0,Q3,0
Alkaline phosphatase,LIVER,-0.566376,3,0.050314465408805034,51,1.0,0,Q1,0
Alkaline phosphatase,LIVER,0.6027006,8,0.050314465408805034,51,0.8805449748422084,0,Q4,1
Alkaline phosphatase,LIVER,-0.5951996,6,0.050314465408805034,50,0.9790316938795643,0,Q1,0
Alkaline phosphatase,LIVER,-0.58780736,7,0.050314465408805034,46,0.9996949604551572,0,Q1,0
Alkaline phosphatase,LIVER,-0.39859375,1,0.050314465408805034,46,0.7113346502517354,1,Q2,0
Alkaline phosphatase,LIVER,-0.38132268,8,0.050314465408805034,45,0.1339538224300752,0,Q2,0
Alkaline phosphatase,LIVER,-0.5200468,7,0.050314465408805034,44,1.0,0,Q1,0
Alkaline phosphatase,LIVER,-0.4420034,4,0.050314465408805034,44,0.1588618980891729,0,Q2,0
Alkaline phosphatase,LIVER,-0.55336344,3,0.050314465408805034,43,0.2037495866291177,0,Q1,0
Alkaline phosphatase,LIVER,1.6166958,1,0.050314465408805034,42,0.9853785704982732,1,Q4,1
Alkaline phosphatase,LIVER,-0.2942676,5,0.050314465408805034,41,0.7145591084982506,0,Q2,0
Alkaline phosphatase,LIVER,-0.34592468,6,0.050314465408805034,39,0.3001428640433802,0,Q2,0
Alkaline phosphatase,LIVER,-0.44894123,4,0.050314465408805034,37,0.6951750264515886,0,Q2,0
Alkaline phosphatase,LIVER,-0.444613,6,0.050314465408805034,36,0.9998096505446934,0,Q2,0
Alkaline phosphatase,LIVER,-0.47869495,9,0.050314465408805034,33,1.0,0,Q1,0
Alkaline phosphatase,LIVER,0.21773662,6,0.050314465408805034,33,0.479100817306447,0,Q3,0
Alkaline phosphatase,LIVER,-0.6227857,3,0.050314465408805034,33,0.3221168789530678,0,Q1,0
Alkaline phosphatase,LIVER,-0.487673,4,0.050314465408805034,33,0.3083792819898389,0,Q1,0
Alkaline phosphatase,LIVER,0.025555458,2,0.050314465408805034,32,0.4208213147623443,0,Q3,0
Alkaline phosphatase,LIVER,-0.58340895,5,0.050314465408805034,31,0.2058612131059646,0,Q1,0
Alkaline phosphatase,LIVER,-0.029936181,6,0.050314465408805034,30,0.6709728559239995,0,Q3,0
Alkaline phosphatase,LIVER,7.2915287,5,0.050314465408805034,30,0.5428949453601114,0,Q4,1
Alkaline phosphatase,LIVER,-0.58351797,1,0.050314465408805034,29,0.1651929428506225,1,Q1,0
Alkaline phosphatase,LIVER,-0.45752454,4,0.050314465408805034,29,0.9494930860219984,0,Q2,0
Alkaline phosphatase,LIVER,0.3494404,7,0.050314465408805034,29,1.0,0,Q3,0
Alkaline phosphatase,LIVER,3.4980927,1,0.050314465408805034,28,0.9285755048270986,1,Q4,1
Alkaline phosphatase,LIVER,-0.21891882,4,0.050314465408805034,28,0.1936248902334369,0,Q3,0
Alkaline phosphatase,LIVER,0.1676599,1,0.050314465408805034,26,0.9965011848866874,1,Q3,0
Alkaline phosphatase,LIVER,-0.50348043,8,0.050314465408805034,26,0.9565263061189327,0,Q1,0
Alkaline phosphatase,LIVER,2.184475,2,0.050314465408805034,26,0.999784856234955,0,Q4,1
Alkaline phosphatase,LIVER,-0.6310041,3,0.050314465408805034,26,0.3393409958336428,0,Q1,0
Alkaline phosphatase,LIVER,-0.525124,3,0.050314465408805034,26,0.0816245505558709,0,Q1,0
Alkaline phosphatase,LIVER,0.6372335,1,0.050314465408805034,26,0.726660965905042,1,Q4,1
Alkaline phosphatase,LIVER,1.26308,9,0.050314465408805034,25,0.1903725954028324,0,Q4,1
Alkaline phosphatase,LIVER,2.8971372,1,0.050314465408805034,25,0.0890374683257406,1,Q4,1
Alkaline phosphatase,LIVER,1.8544371,1,0.050314465408805034,25,0.0374832833051409,1,Q4,1
Alkaline phosphatase,LIVER,-0.3989423,4,0.050314465408805034,24,0.0712339500055357,0,Q2,0
Alkaline phosphatase,LIVER,0.38036516,8,0.050314465408805034,24,0.072957235084362,0,Q3,1
Alkaline phosphatase,LIVER,0.2642099,8,0.050314465408805034,23,1.0,0,Q3,0
Alkaline phosphatase,LIVER,-0.54987174,6,0.050314465408805034,23,0.0120039263943385,0,Q1,0
Alkaline phosphatase,LIVER,1.6522918,1,0.050314465408805034,23,0.5466859236579634,1,Q4,1
Alkaline phosphatase,LIVER,-0.5345677,5,0.050314465408805034,23,0.0777200244948106,0,Q1,0
Alkaline phosphatase,LIVER,7.0748982,11,0.050314465408805034,23,1.0,0,Q4,1
Alkaline phosphatase,LIVER,-0.34229362,10,0.050314465408805034,22,0.1318291906538165,0,Q2,0
Alkaline phosphatase,LIVER,-0.14711621,1,0.050314465408805034,22,0.2054140832558129,1,Q3,0
Alkaline phosphatase,LIVER,-0.12343728,8,0.050314465408805034,22,0.1644721806627488,0,Q3,0
Alkaline phosphatase,LIVER,3.546366,4,0.050314465408805034,22,1.0,0,Q4,1
Alkaline phosphatase,LIVER,9.616209,9,0.050314465408805034,21,0.0679214811988068,0,Q4,1
Alkaline phosphatase,LIVER,-0.22429827,7,0.050314465408805034,21,0.5489638024290446,0,Q2,0
Alkaline phosphatase,LIVER,-0.10450222,8,0.050314465408805034,20,0.2523706413187598,0,Q3,0
Alkaline phosphatase,LIVER,3.3430326,10,0.050314465408805034,20,0.4641142805284544,0,Q4,1
Alkaline phosphatase,LIVER,-0.08570025,11,0.050314465408805034,20,1.0,0,Q3,0
Alkaline phosphatase,LIVER,-0.5274267,4,0.050314465408805034,20,0.2174717260947108,0,Q1,0
Alkaline phosphatase,LIVER,-0.01492374,3,0.050314465408805034,19,0.2119818953956604,0,Q3,0
Alkaline phosphatase,LIVER,-0.3063411,1,0.050314465408805034,19,0.7980033364987932,1,Q2,0
Alkaline phosphatase,LIVER,0.29350972,9,0.050314465408805034,19,0.4081404882763965,0,Q3,0
Alkaline phosphatase,LIVER,9.269205,3,0.050314465408805034,19,0.78563873979736,0,Q4,1
Alkaline phosphatase,LIVER,-0.4852968,6,0.050314465408805034,19,0.0407646473063163,0,Q1,0
Alkaline phosphatase,LIVER,-0.28151393,2,0.050314465408805034,19,0.9060281666155064,0,Q2,0
Alkaline phosphatase,LIVER,-0.5043313,4,0.050314465408805034,19,0.607698026440082,0,Q1,0
Alkaline phosphatase,LIVER,4.0789666,9,0.050314465408805034,19,0.9895805354013774,0,Q4,1
Alkaline phosphatase,LIVER,-0.4694201,9,0.050314465408805034,19,0.2946318392229485,0,Q1,0
Alkaline phosphatase,LIVER,-0.5007901,2,0.050314465408805034,19,0.5453221382691473,0,Q1,0
Alkaline phosphatase,LIVER,-0.103994116,2,0.050314465408805034,18,0.1511326920517627,0,Q3,0
Alkaline phosphatase,LIVER,-0.2816733,10,0.050314465408805034,18,0.0172837060474958,0,Q2,0
Alkaline phosphatase,LIVER,-0.20289129,10,0.050314465408805034,18,1.0,0,Q3,0
Alkaline phosphatase,LIVER,0.20913745,6,0.050314465408805034,18,0.4048108625025274,0,Q3,0
Alkaline phosphatase,LIVER,-0.39184144,7,0.050314465408805034,18,0.0721334432807621,0,Q2,0
Alkaline phosphatase,LIVER,-0.71558785,3,0.050314465408805034,18,0.2170046849543093,0,Q1,0
Alkaline phosphatase,LIVER,-0.57902586,3,0.050314465408805034,18,0.0200320398006201,0,Q1,0
Alkaline phosphatase,LIVER,-0.35817668,5,0.050314465408805034,18,0.2998112056279436,0,Q2,0
Alkaline phosphatase,LIVER,0.7419493,4,0.050314465408805034,18,0.490888021274556,0,Q4,1
Alkaline phosphatase,LIVER,-0.22020116,7,0.050314465408805034,17,0.1310866997321676,0,Q3,0
Alkaline phosphatase,LIVER,1.6578321,9,0.050314465408805034,17,1.0,0,Q4,1
Alkaline phosphatase,LIVER,-0.4911016,6,0.050314465408805034,17,0.1821375542522201,0,Q1,0
Alkaline phosphatase,LIVER,0.5067854,3,0.050314465408805034,17,0.2556824938411072,0,Q4,1
Alkaline phosphatase,LIVER,0.19985683,10,0.050314465408805034,17,0.0378470756167874,0,Q3,0
Alkaline phosphatase,LIVER,-0.3810333,6,0.050314465408805034,17,0.3319881447676135,0,Q2,0
Alkaline phosphatase,LIVER,-0.36931795,8,0.050314465408805034,17,0.1702799711925218,0,Q2,0
Alkaline phosphatase,LIVER,-0.54982704,1,0.050314465408805034,17,0.4595331934582643,1,Q1,0
Alkaline phosphatase,LIVER,8.999956,1,0.050314465408805034,17,0.0768185793529689,1,Q4,1
Alkaline phosphatase,LIVER,0.027932536,4,0.050314465408805034,17,0.072560872289774,0,Q3,0
Alkaline phosphatase,LIVER,0.17533888,6,0.050314465408805034,17,0.0859164694103612,0,Q3,0
Alkaline phosphatase,LIVER,-0.3359788,8,0.050314465408805034,17,0.2009210005360872,0,Q2,0
Alkaline phosphatase,LIVER,0.83495504,8,0.050314465408805034,17,0.5434752378542203,0,Q4,1
Alkaline phosphatase,LIVER,-0.6066284,6,0.050314465408805034,16,0.5876733379881299,0,Q1,0
Alkaline phosphatase,LIVER,0.15065402,4,0.050314465408805034,16,0.4807135030594738,0,Q3,0
Alkaline phosphatase,LIVER,-0.49985325,7,0.050314465408805034,16,0.1577468495579945,0,Q1,0
Alkaline phosphatase,LIVER,0.38254514,8,0.050314465408805034,16,0.1486841591430532,0,Q3,1
Alkaline phosphatase,LIVER,-0.0764689,10,0.050314465408805034,16,0.2829684090936155,0,Q3,0
Alkaline phosphatase,LIVER,5.766061,4,0.050314465408805034,16,0.6445727453200143,0,Q4,1
Alkaline phosphatase,LIVER,0.14842752,10,0.050314465408805034,16,0.0270024271909312,0,Q3,0
Alkaline phosphatase,LIVER,-0.539641,5,0.050314465408805034,16,0.4913042396938399,0,Q1,0
Alkaline phosphatase,LIVER,4.35929,1,0.050314465408805034,16,0.2794804259032344,1,Q4,1
Alkaline phosphatase,LIVER,0.11847349,1,0.050314465408805034,16,0.0715034573584229,1,Q3,0
Alkaline phosphatase,LIVER,4.9076853,1,0.050314465408805034,16,0.2880423218608137,1,Q4,1
Alkaline phosphatase,LIVER,3.3052151,2,0.050314465408805034,16,0.951090102165406,0,Q4,1
Alkaline phosphatase,LIVER,0.032953877,5,0.050314465408805034,15,0.0858039528666205,0,Q3,0
Alkaline phosphatase,LIVER,0.10824399,6,0.050314465408805034,15,0.1676905814086467,0,Q3,0
Alkaline phosphatase,LIVER,-0.2932384,3,0.050314465408805034,15,0.0311475473261967,0,Q2,0
Alkaline phosphatase,LIVER,-0.1369316,5,0.050314465408805034,15,0.1356265387724601,0,Q3,0
Alkaline phosphatase,LIVER,3.036687,7,0.050314465408805034,15,0.3172588579079491,0,Q4,1
Alkaline phosphatase,LIVER,0.09275171,6,0.050314465408805034,15,0.2999920260717477,0,Q3,0
Alkaline phosphatase,LIVER,-0.6645471,3,0.050314465408805034,15,0.4725755960934369,0,Q1,0
Alkaline phosphatase,LIVER,0.33460248,9,0.050314465408805034,15,0.4928818531022922,0,Q3,0
Alkaline phosphatase,LIVER,-0.419575,7,0.050314465408805034,15,1.0,0,Q2,0
Alkaline phosphatase,LIVER,-0.34780663,10,0.050314465408805034,15,0.2142582730849273,0,Q2,0
Alkaline phosphatase,LIVER,-0.52647614,2,0.050314465408805034,15,0.6697917303083096,0,Q1,0
Alkaline phosphatase,LIVER,-0.28197044,7,0.050314465408805034,15,0.6221809346692905,0,Q2,0
Alkaline phosphatase,LIVER,6.0696926,5,0.050314465408805034,15,0.405475238951109,0,Q4,1
Alkaline phosphatase,LIVER,-0.53153306,7,0.050314465408805034,15,0.0516418768862653,0,Q1,0
Alkaline phosphatase,LIVER,0.107334316,3,0.050314465408805034,15,0.1524291762952841,0,Q3,0
Alkaline phosphatase,LIVER,-0.51189655,6,0.050314465408805034,15,0.0189262570009142,0,Q1,0
Alkaline phosphatase,LIVER,-0.38546023,7,0.050314465408805034,15,0.8749479020450887,0,Q2,0
Alkaline phosphatase,LIVER,1.0953767,6,0.050314465408805034,15,0.5246731531459453,0,Q4,1
Alkaline phosphatase,LIVER,1.6737696,7,0.050314465408805034,15,0.7867761869450717,0,Q4,1
Alkaline phosphatase,LIVER,-0.49125743,7,0.050314465408805034,15,0.5956537982917443,0,Q1,0
Alkaline phosphatase,LIVER,-0.2887269,7,0.050314465408805034,15,0.1603823594169124,0,Q2,0
Crohn's disease (medication proxy),IMMUNE,24.224974,4,0.3050314465408805,35,0.999999558290341,0,Q4,1
Crohn's disease (medication proxy),IMMUNE,-0.49125743,3,0.3050314465408805,28,0.655992771095322,0,Q1,0
Crohn's disease (medication proxy),IMMUNE,-0.422643,3,0.3050314465408805,18,0.200184542391641,0,Q2,0
Crohn's disease (medication proxy),IMMUNE,4.5276356,11,0.3050314465408805,18,0.177441786422195,0,Q4,1
Crohn's disease (medication proxy),IMMUNE,-0.46199584,1,0.3050314465408805,15,0.0481822978509062,1,Q1,0
Crohn's disease (medication proxy),IMMUNE,-0.5040096,2,0.3050314465408805,15,0.0954235401154774,0,Q1,0
Crohn's disease (medication proxy),IMMUNE,0.33703396,4,0.3050314465408805,14,0.858262279551609,0,Q3,0
Crohn's disease (medication proxy),IMMUNE,0.6445108,6,0.3050314465408805,13,0.0728831241201576,0,Q4,1
Crohn's disease (medication proxy),IMMUNE,-0.55494463,1,0.3050314465408805,13,0.0384706123023515,1,Q1,0
Crohn's disease (medication proxy),IMMUNE,-0.5174698,1,0.3050314465408805,12,0.220184686622343,1,Q1,0
Crohn's disease (medication proxy),IMMUNE,1.9359328,9,0.3050314465408805,12,0.266516034447847,0,Q4,1
Crohn's disease (medication proxy),IMMUNE,-0.4271836,1,0.3050314465408805,12,0.131503253210748,1,Q2,0
Crohn's disease (medication proxy),IMMUNE,3.1862621,2,0.3050314465408805,12,0.999952434797077,0,Q4,1
Crohn's disease (medication proxy),IMMUNE,-0.29574716,6,0.3050314465408805,11,0.195580771637494,0,Q2,0
Crohn's disease (medication proxy),IMMUNE,0.6673965,3,0.3050314465408805,11,0.983706256772833,0,Q4,1
Crohn's disease (medication proxy),IMMUNE,1.8028969,3,0.3050314465408805,11,0.0984487433186339,0,Q4,1
Crohn's disease (medication proxy),IMMUNE,-0.62584096,1,0.3050314465408805,11,0.102800373851934,1,Q1,0
Crohn's disease (medication proxy),IMMUNE,-0.40011066,1,0.3050314465408805,11,0.189392232199555,1,Q2,0
Crohn's disease (medication proxy),IMMUNE,-0.5229575,2,0.3050314465408805,11,0.330174459707252,0,Q1,0
Crohn's disease (medication proxy),IMMUNE,-0.42511585,2,0.3050314465408805,11,0.0736662150568998,0,Q2,0
Crohn's disease (medication proxy),IMMUNE,0.06394648,3,0.3050314465408805,11,0.265705147272217,0,Q3,0
Crohn's disease (medication proxy),IMMUNE,0.4446065,4,0.3050314465408805,10,0.0227739133668057,0,Q4,0
Crohn's disease (medication proxy),IMMUNE,6.301098,1,0.3050314465408805,10,0.33835135702851,1,Q4,1
Crohn's disease (medication proxy),IMMUNE,1.2398101,5,0.3050314465408805,10,0.556301101583743,0,Q4,1
Crohn's disease (medication proxy),IMMUNE,-0.1915701,2,0.3050314465408805,10,0.104194385610655,0,Q3,0
Crohn's disease (medication proxy),IMMUNE,-0.022356402,3,0.3050314465408805,10,0.673621437572504,0,Q3,0
Crohn's disease (medication proxy),IMMUNE,-0.18902792,1,0.3050314465408805,10,0.133845195333359,1,Q3,0
Crohn's disease (medication proxy),IMMUNE,0.05514849,6,0.3050314465408805,10,0.134822253996295,0,Q3,0
Crohn's disease (medication proxy),IMMUNE,-0.436875,1,0.3050314465408805,9,0.256171489698862,1,Q2,0
Crohn's disease (medication proxy),IMMUNE,-0.48708695,3,0.3050314465408805,9,0.220010231984751,0,Q1,0
Crohn's disease (medication proxy),IMMUNE,1.301401,8,0.3050314465408805,9,0.495957079528137,0,Q4,1
Crohn's disease (medication proxy),IMMUNE,-0.4584304,2,0.3050314465408805,9,0.955459373951159,0,Q1,0
Crohn's disease (medication proxy),IMMUNE,0.691958,10,0.3050314465408805,9,0.235982919764123,0,Q4,1
Crohn's disease (medication proxy),IMMUNE,0.12629628,3,0.3050314465408805,9,0.288267874109354,0,Q3,0
Crohn's disease (medication proxy),IMMUNE,-0.2283783,3,0.3050314465408805,9,0.147660499607431,0,Q2,0
Crohn's disease (medication proxy),IMMUNE,-0.2329145,1,0.3050314465408805,9,0.118853419906447,1,Q2,0
Crohn's disease (medication proxy),IMMUNE,-0.5891915,1,0.3050314465408805,9,0.111911426284233,1,Q1,0
Crohn's disease (medication proxy),IMMUNE,-0.06810067,8,0.3050314465408805,8,0.0247000573366205,0,Q3,0
Crohn's disease (medication proxy),IMMUNE,-0.14920683,3,0.3050314465408805,8,0.294348691439807,0,Q3,0
Crohn's disease (medication proxy),IMMUNE,0.037662283,5,0.3050314465408805,8,0.162292386867701,0,Q3,0
Crohn's disease (medication proxy),IMMUNE,0.4135201,10,0.3050314465408805,8,0.232160777332608,0,Q3,0
Crohn's disease (medication proxy),IMMUNE,1.5216548,10,0.3050314465408805,8,0.119281301480412,0,Q4,1
Crohn's disease (medication proxy),IMMUNE,-0.600715,2,0.3050314465408805,8,0.898689610665436,0,Q1,0
Crohn's disease (medication proxy),IMMUNE,-0.4016461,2,0.3050314465408805,8,0.200064254327321,0,Q2,0
Crohn's disease (medication proxy),IMMUNE,-0.17630415,1,0.3050314465408805,8,0.0779764525367642,1,Q3,0
Crohn's disease (medication proxy),IMMUNE,-0.33723274,3,0.3050314465408805,8,0.124126972497774,0,Q2,0
Crohn's disease (medication proxy),IMMUNE,-0.68093866,1,0.3050314465408805,7,0.333481963788406,1,Q1,0
Crohn's disease (medication proxy),IMMUNE,0.9737528,1,0.3050314465408805,7,0.259165034136464,1,Q4,1
Crohn's disease (medication proxy),IMMUNE,-0.5027635,1,0.3050314465408805,6,0.0708001818786858,1,Q1,0
Crohn's disease (medication proxy),IMMUNE,-0.5709519,1,0.3050314465408805,6,0.0292949375660256,1,Q1,0
Ulcerative colitis,IMMUNE,5.0891285,11,0.3050314465408805,74,1.0,0,Q4,1
Ulcerative colitis,IMMUNE,-0.38660428,1,0.3050314465408805,59,1.0,1,Q2,0
Ulcerative colitis,IMMUNE,-0.4859302,4,0.3050314465408805,52,0.991943479617232,0,Q1,0
Ulcerative colitis,IMMUNE,-0.573293,2,0.3050314465408805,48,0.9999999933788788,0,Q1,0
Ulcerative colitis,IMMUNE,-0.5138697,1,0.3050314465408805,46,1.0,1,Q1,0
Ulcerative colitis,IMMUNE,3.4450204,7,0.3050314465408805,46,1.0,0,Q4,1
Ulcerative colitis,IMMUNE,1.4976166,1,0.3050314465408805,45,0.7749936104931664,1,Q4,1
Ulcerative colitis,IMMUNE,-0.32728124,3,0.3050314465408805,45,0.9983480805101314,0,Q2,0
Ulcerative colitis,IMMUNE,-0.20426913,1,0.3050314465408805,44,1.0,1,Q3,0
Ulcerative colitis,IMMUNE,-0.56280196,1,0.3050314465408805,40,0.8920701475481113,1,Q1,0
Ulcerative colitis,IMMUNE,-0.18299411,1,0.3050314465408805,39,0.960328494163829,1,Q3,0
Ulcerative colitis,IMMUNE,0.42365143,3,0.3050314465408805,39,0.2797276805308256,0,Q4,1
Ulcerative colitis,IMMUNE,-0.4733943,1,0.3050314465408805,36,1.0,1,Q1,0
Ulcerative colitis,IMMUNE,-0.38237795,4,0.3050314465408805,34,1.0,0,Q2,0
Ulcerative colitis,IMMUNE,-0.50720054,2,0.3050314465408805,34,0.9961614716563414,0,Q1,0
Ulcerative colitis,IMMUNE,-0.19574083,6,0.3050314465408805,31,1.0,0,Q3,0
Ulcerative colitis,IMMUNE,-0.49508476,1,0.3050314465408805,30,1.0,1,Q1,0
Ulcerative colitis,IMMUNE,-0.4841565,2,0.3050314465408805,30,0.9999832576923844,0,Q1,0
Ulcerative colitis,IMMUNE,-0.52419215,1,0.3050314465408805,29,0.8991657102753144,1,Q1,0
Ulcerative colitis,IMMUNE,-0.28954422,1,0.3050314465408805,29,1.0,1,Q2,0
Ulcerative colitis,IMMUNE,0.08518905,7,0.3050314465408805,29,1.0,0,Q3,0
Ulcerative colitis,IMMUNE,-0.5297895,3,0.3050314465408805,29,0.4768729568894664,0,Q1,0
Ulcerative colitis,IMMUNE,-0.5965112,1,0.3050314465408805,28,0.9991347137620448,1,Q1,0
Ulcerative colitis,IMMUNE,-0.26000673,1,0.3050314465408805,28,0.5258589260388746,1,Q2,0
Ulcerative colitis,IMMUNE,0.38081917,7,0.3050314465408805,28,1.0,0,Q3,1
Ulcerative colitis,IMMUNE,-0.35290658,2,0.3050314465408805,27,0.9999887180074214,0,Q2,0
Ulcerative colitis,IMMUNE,-0.032804243,2,0.3050314465408805,27,0.9999994912106034,0,Q3,0
Ulcerative colitis,IMMUNE,0.19105545,1,0.3050314465408805,26,1.0,1,Q3,0
Ulcerative colitis,IMMUNE,-0.22805032,2,0.3050314465408805,26,0.9999999999215278,0,Q2,0
Ulcerative colitis,IMMUNE,-0.5035628,3,0.3050314465408805,25,1.0,0,Q1,0
Ulcerative colitis,IMMUNE,-0.20794292,6,0.3050314465408805,24,0.9985239576712972,0,Q3,0
Ulcerative colitis,IMMUNE,0.40797678,8,0.3050314465408805,24,0.9980857853178868,0,Q3,1
Ulcerative colitis,IMMUNE,0.042263284,5,0.3050314465408805,24,1.0,0,Q3,0
Ulcerative colitis,IMMUNE,-0.29814678,1,0.3050314465408805,24,1.0,1,Q2,0
Ulcerative colitis,IMMUNE,-0.13512088,2,0.3050314465408805,24,0.4550746099761745,0,Q3,0
Ulcerative colitis,IMMUNE,-0.3325159,1,0.3050314465408805,24,1.0,1,Q2,0
Ulcerative colitis,IMMUNE,-0.15561897,8,0.3050314465408805,24,1.0,0,Q3,0
Ulcerative colitis,IMMUNE,-0.510169,1,0.3050314465408805,23,0.9998908582534788,1,Q1,0
Ulcerative colitis,IMMUNE,-0.49991187,2,0.3050314465408805,23,0.9609405134999012,0,Q1,0
Ulcerative colitis,IMMUNE,-0.28365874,4,0.3050314465408805,22,0.9999999936258064,0,Q2,0
Ulcerative colitis,IMMUNE,-0.28995615,3,0.3050314465408805,21,0.9997584876777472,0,Q2,0
Ulcerative colitis,IMMUNE,0.344683,3,0.3050314465408805,21,0.9999989535809636,0,Q3,1
Ulcerative colitis,IMMUNE,1.6451021,11,0.3050314465408805,21,1.0,0,Q4,1
Ulcerative colitis,IMMUNE,-0.05918441,8,0.3050314465408805,19,1.0,0,Q3,0
Ulcerative colitis,IMMUNE,0.14645185,8,0.3050314465408805,19,1.0,0,Q3,0
Ulcerative colitis,IMMUNE,-0.10455056,5,0.3050314465408805,19,0.8747363328340803,0,Q3,0
Ulcerative colitis,IMMUNE,-0.43993664,2,0.3050314465408805,18,1.0,0,Q2,0
Ulcerative colitis,IMMUNE,-0.53836817,1,0.3050314465408805,18,1.0,1,Q1,0
Ulcerative colitis,IMMUNE,-0.43271303,3,0.3050314465408805,18,1.0,0,Q2,0
Ulcerative colitis,IMMUNE,-0.2136631,3,0.3050314465408805,17,1.0,0,Q3,0
Ulcerative colitis,IMMUNE,-0.24287562,1,0.3050314465408805,17,0.6126897544733432,1,Q2,0
Ulcerative colitis,IMMUNE,-0.1724916,4,0.3050314465408805,17,0.775158516284372,0,Q3,0
Ulcerative colitis,IMMUNE,-0.25281823,2,0.3050314465408805,16,0.9662711024570656,0,Q2,0
Ulcerative colitis,IMMUNE,-0.101539485,5,0.3050314465408805,16,0.985980779117756,0,Q3,0
Ulcerative colitis,IMMUNE,-0.5903625,1,0.3050314465408805,16,1.0,1,Q1,0
Ulcerative colitis,IMMUNE,-0.652476,1,0.3050314465408805,16,0.61903926952836,1,Q1,0
Ulcerative colitis,IMMUNE,-0.23960078,1,0.3050314465408805,16,0.9994528179208676,1,Q2,0
Ulcerative colitis,IMMUNE,0.10147639,8,0.3050314465408805,15,1.0,0,Q3,0
Ulcerative colitis,IMMUNE,-0.3076078,1,0.3050314465408805,15,1.0,1,Q2,0
Ulcerative colitis,IMMUNE,-0.3121434,1,0.3050314465408805,15,0.99999460033362,1,Q2,0
Ulcerative colitis,IMMUNE,-0.1369444,3,0.3050314465408805,15,1.0,0,Q3,0
Ulcerative colitis,IMMUNE,-0.09060865,5,0.3050314465408805,15,1.0,0,Q3,0
Ulcerative colitis,IMMUNE,-0.31462106,4,0.3050314465408805,15,0.9724149253393672,0,Q2,0
Ulcerative colitis,IMMUNE,-0.5033934,1,0.3050314465408805,15,0.9974286865920634,1,Q1,0
Ulcerative colitis,IMMUNE,-0.4971251,2,0.3050314465408805,15,1.0,0,Q1,0
Ulcerative colitis,IMMUNE,-0.30178073,2,0.3050314465408805,14,1.0,0,Q2,0
Ulcerative colitis,IMMUNE,-0.48560572,3,0.3050314465408805,14,1.0,0,Q1,0
Ulcerative colitis,IMMUNE,1.143709,2,0.3050314465408805,14,0.9999999940951058,0,Q4,1
Ulcerative colitis,IMMUNE,-0.68220925,1,0.3050314465408805,14,0.8566885056218669,1,Q1,0
Ulcerative colitis,IMMUNE,-0.016470715,1,0.3050314465408805,14,0.1470065770186427,1,Q3,0
Ulcerative colitis,IMMUNE,-0.32038778,1,0.3050314465408805,14,1.0,1,Q2,0
Ulcerative colitis,IMMUNE,1.2547567,11,0.3050314465408805,14,0.9112243455949888,0,Q4,1
Ulcerative colitis,IMMUNE,5.8914256,8,0.3050314465408805,13,0.9999999734527596,0,Q4,1
Ulcerative colitis,IMMUNE,0.17977045,11,0.3050314465408805,13,1.0,0,Q3,0
Ulcerative colitis,IMMUNE,-0.027832253,3,0.3050314465408805,13,0.9999999759544383,0,Q3,0
Ulcerative colitis,IMMUNE,-0.39064085,1,0.3050314465408805,13,0.546792972068052,1,Q2,0
Ulcerative colitis,IMMUNE,-0.5316438,1,0.3050314465408805,13,0.9999247089841244,1,Q1,0
Ulcerative colitis,IMMUNE,0.100357026,10,0.3050314465408805,13,0.999999995862254,0,Q3,0
Ulcerative colitis,IMMUNE,-0.32029808,1,0.3050314465408805,13,0.202885187504715,1,Q2,0
Ulcerative colitis,IMMUNE,-0.5338067,1,0.3050314465408805,13,0.9997178661001646,1,Q1,0
Ulcerative colitis,IMMUNE,-0.18081646,1,0.3050314465408805,12,0.9663878399974812,1,Q3,0
Ulcerative colitis,IMMUNE,0.8426584,10,0.3050314465408805,12,0.9999522118553352,0,Q4,1
Ulcerative colitis,IMMUNE,-0.33997402,2,0.3050314465408805,12,0.9999790640585788,0,Q2,0
Ulcerative colitis,IMMUNE,-0.44420722,2,0.3050314465408805,12,0.0433763397812666,0,Q2,0
Ulcerative colitis,IMMUNE,0.77248466,10,0.3050314465408805,12,0.3191133076188344,0,Q4,1
Ulcerative colitis,IMMUNE,0.008525991,3,0.3050314465408805,12,1.0,0,Q3,0
Ulcerative colitis,IMMUNE,0.6204714,11,0.3050314465408805,12,1.0,0,Q4,1
Ulcerative colitis,IMMUNE,1.17443,1,0.3050314465408805,11,1.0,1,Q4,1
Ulcerative colitis,IMMUNE,-0.5188443,1,0.3050314465408805,11,0.2270474780815226,1,Q1,0
Ulcerative colitis,IMMUNE,0.6399174,5,0.3050314465408805,11,0.998795663883928,0,Q4,1
Ulcerative colitis,IMMUNE,1.1214345,11,0.3050314465408805,11,0.9994723822629916,0,Q4,1
Ulcerative colitis,IMMUNE,4.2741013,7,0.3050314465408805,11,0.1502067607079038,0,Q4,1
Ulcerative colitis,IMMUNE,1.5749826,1,0.3050314465408805,11,0.7584093017916413,1,Q4,1
Ulcerative colitis,IMMUNE,-0.51142454,1,0.3050314465408805,11,0.2741026016823046,1,Q1,0
Ulcerative colitis,IMMUNE,-0.5861772,1,0.3050314465408805,11,0.9999999999454304,1,Q1,0
Ulcerative colitis,IMMUNE,-0.3503416,1,0.3050314465408805,11,0.072368759341214,1,Q2,0
Ulcerative colitis,IMMUNE,1.3696072,3,0.3050314465408805,11,0.9985891609730884,0,Q4,1
Ulcerative colitis,IMMUNE,0.83527124,1,0.3050314465408805,11,0.9497930406934596,1,Q4,1
Ulcerative colitis,IMMUNE,-0.6609737,1,0.3050314465408805,10,0.35499835904898,1,Q1,0
Ulcerative colitis,IMMUNE,0.8160886,2,0.3050314465408805,10,0.2082009854217679,0,Q4,1
Ulcerative colitis,IMMUNE,-0.57437366,1,0.3050314465408805,10,0.3601731411806904,1,Q1,0
Ulcerative colitis,IMMUNE,0.69563544,8,0.3050314465408805,10,0.999702344467784,0,Q4,1
Ulcerative colitis,IMMUNE,-0.5443244,5,0.3050314465408805,10,1.0,0,Q1,0
Ulcerative colitis,IMMUNE,-0.41784924,3,0.3050314465408805,10,0.3263402207166028,0,Q2,0
Ulcerative colitis,IMMUNE,2.7765856,10,0.3050314465408805,10,0.3490024050001091,0,Q4,1
Ulcerative colitis,IMMUNE,-0.48284516,1,0.3050314465408805,10,0.2891896022295285,1,Q1,0
Ulcerative colitis,IMMUNE,-0.6237183,1,0.3050314465408805,10,0.4997266757619766,1,Q1,0
Ulcerative colitis,IMMUNE,-0.26882893,5,0.3050314465408805,10,1.0,0,Q2,0
Ulcerative colitis,IMMUNE,-0.55936545,2,0.3050314465408805,10,0.1990371444078017,0,Q1,0
Ulcerative colitis,IMMUNE,0.71736676,3,0.3050314465408805,10,0.9961410632681936,0,Q4,1
Ulcerative colitis,IMMUNE,-0.039794985,1,0.3050314465408805,10,0.8862226254571404,1,Q3,0
Ulcerative colitis,IMMUNE,-0.31522644,1,0.3050314465408805,10,0.999966036113672,1,Q2,0
Ulcerative colitis,IMMUNE,-0.1187288,5,0.3050314465408805,9,0.9999999995876578,0,Q3,0
Ulcerative colitis,IMMUNE,-0.3465864,2,0.3050314465408805,9,0.9994113852382812,0,Q2,0
Ulcerative colitis,IMMUNE,-0.50011826,1,0.3050314465408805,9,0.9995667374860234,1,Q1,0
Ulcerative colitis,IMMUNE,-0.560938,2,0.3050314465408805,9,0.9998677638473944,0,Q1,0
Ulcerative colitis,IMMUNE,-0.64665884,1,0.3050314465408805,9,0.3764286883474683,1,Q1,0
Ulcerative colitis,IMMUNE,-0.3617061,1,0.3050314465408805,9,0.8642702873752439,1,Q2,0
Ulcerative colitis,IMMUNE,-0.64050144,2,0.3050314465408805,9,0.3706189389927494,0,Q1,0
Ulcerative colitis,IMMUNE,0.25562614,1,0.3050314465408805,9,1.0,1,Q3,1
Ulcerative colitis,IMMUNE,-0.28451917,9,0.3050314465408805,9,0.0882748623495474,0,Q2,0
Ulcerative colitis,IMMUNE,-0.4457652,1,0.3050314465408805,9,0.9999996826555212,1,Q2,0
Ulcerative colitis,IMMUNE,-0.3898502,3,0.3050314465408805,9,0.9780278467822592,0,Q2,0
Ulcerative colitis,IMMUNE,-0.45764604,2,0.3050314465408805,9,0.999999999989086,0,Q2,0
Ulcerative colitis,IMMUNE,-0.15549919,2,0.3050314465408805,9,0.3624082110067561,0,Q3,0
Ulcerative colitis,IMMUNE,-0.58395255,2,0.3050314465408805,9,1.0,0,Q1,0
Ulcerative colitis,IMMUNE,2.2292006,1,0.3050314465408805,9,0.8861987256203855,1,Q4,1
Ulcerative colitis,IMMUNE,-0.5679363,1,0.3050314465408805,9,0.3641425537892708,1,Q1,0
Ulcerative colitis,IMMUNE,-0.33771908,2,0.3050314465408805,9,1.0,0,Q2,0
Ulcerative colitis,IMMUNE,0.9060366,10,0.3050314465408805,9,0.3077654561907295,0,Q4,1
Ulcerative colitis,IMMUNE,-0.41091466,4,0.3050314465408805,9,0.3072949558217686,0,Q2,0
Ulcerative colitis,IMMUNE,-0.4407873,1,0.3050314465408805,9,0.9951649185584251,1,Q2,0
Ulcerative colitis,IMMUNE,0.15650244,5,0.3050314465408805,9,0.7699576756771077,0,Q3,0
Ulcerative colitis,IMMUNE,3.1112,11,0.3050314465408805,9,0.5623209675296383,0,Q4,1
Ulcerative colitis,IMMUNE,23.527706,2,0.3050314465408805,9,1.0,0,Q4,1
Ulcerative colitis,IMMUNE,0.71885544,8,0.3050314465408805,9,0.9999595087532468,0,Q4,1
Ulcerative colitis,IMMUNE,-0.28277415,2,0.3050314465408805,9,0.7773295007441521,0,Q2,0
Ulcerative colitis,IMMUNE,3.397691,2,0.3050314465408805,9,0.3587145124072428,0,Q4,1
Ulcerative colitis,IMMUNE,0.49436527,11,0.3050314465408805,9,0.3151585979264075,0,Q4,1
Ulcerative colitis,IMMUNE,1.5864094,2,0.3050314465408805,9,0.999999959855729,0,Q4,1
Ulcerative colitis,IMMUNE,-0.16880624,1,0.3050314465408805,8,1.0,1,Q3,0
Ulcerative colitis,IMMUNE,-0.62328243,1,0.3050314465408805,8,0.7376186087876194,1,Q1,0
Ulcerative colitis,IMMUNE,-0.28179732,4,0.3050314465408805,8,0.7033877975757609,0,Q2,0
Ulcerative colitis,IMMUNE,5.5099063,9,0.3050314465408805,8,0.976866864733606,0,Q4,1
Ulcerative colitis,IMMUNE,-0.14436957,2,0.3050314465408805,8,1.0,0,Q3,0
Ulcerative colitis,IMMUNE,-0.3490384,1,0.3050314465408805,8,0.999902054188271,1,Q2,0
Ulcerative colitis,IMMUNE,0.8471183,2,0.3050314465408805,8,0.7635543696560813,0,Q4,1
Ulcerative colitis,IMMUNE,-0.6628209,1,0.3050314465408805,8,0.990920936168637,1,Q1,0
Ulcerative colitis,IMMUNE,7.8977356,1,0.3050314465408805,8,0.0846490815922938,1,Q4,1
Ulcerative colitis,IMMUNE,1.1360426,11,0.3050314465408805,8,0.9975811371489672,0,Q4,1
Type 1 diabetes,IMMUNE,0.99888694,10,0.3050314465408805,308,0.9965085106839916,0,Q4,1
Type 1 diabetes,IMMUNE,-0.3651361,1,0.3050314465408805,77,0.8334466992163403,1,Q2,0
Type 1 diabetes,IMMUNE,-0.10269102,1,0.3050314465408805,70,0.7047189180478802,1,Q3,0
Type 1 diabetes,IMMUNE,1.9134811,4,0.3050314465408805,61,0.9999580233026064,0,Q4,1
Type 1 diabetes,IMMUNE,0.052228414,4,0.3050314465408805,53,0.9315263599705016,0,Q3,0
Type 1 diabetes,IMMUNE,-0.3399015,4,0.3050314465408805,44,1.0,0,Q2,0
Type 1 diabetes,IMMUNE,-0.097818375,2,0.3050314465408805,42,0.2022358492622235,0,Q3,0
Type 1 diabetes,IMMUNE,-0.6355023,1,0.3050314465408805,39,0.9997793279309252,1,Q1,0
Type 1 diabetes,IMMUNE,-0.51233256,1,0.3050314465408805,33,0.5899691670966861,1,Q1,0
Type 1 diabetes,IMMUNE,-0.6850546,1,0.3050314465408805,29,0.279901329824411,1,Q1,0
Type 1 diabetes,IMMUNE,-0.403379,2,0.3050314465408805,25,0.9410957775925134,0,Q2,0
Type 1 diabetes,IMMUNE,-0.5623181,1,0.3050314465408805,25,0.850206778525495,1,Q1,0
Type 1 diabetes,IMMUNE,-0.27806193,1,0.3050314465408805,24,0.7676757682822118,1,Q2,0
Type 1 diabetes,IMMUNE,-0.43414134,4,0.3050314465408805,24,0.9963096540094056,0,Q2,0
Type 1 diabetes,IMMUNE,-0.55065113,2,0.3050314465408805,23,0.0718462719630463,0,Q1,0
Type 1 diabetes,IMMUNE,13.269525,1,0.3050314465408805,22,0.7191910316826843,1,Q4,1
Type 1 diabetes,IMMUNE,-0.5523067,1,0.3050314465408805,21,0.08939261769251,1,Q1,0
Type 1 diabetes,IMMUNE,-0.5206991,1,0.3050314465408805,20,0.471105942932905,1,Q1,0
Type 1 diabetes,IMMUNE,-0.1848846,1,0.3050314465408805,20,0.1018734158782199,1,Q3,0
Type 1 diabetes,IMMUNE,-0.36142874,3,0.3050314465408805,20,0.4611874726995729,0,Q2,0
Type 1 diabetes,IMMUNE,-0.027919803,9,0.3050314465408805,19,0.5688243000870443,0,Q3,0
Type 1 diabetes,IMMUNE,-0.6406279,1,0.3050314465408805,18,0.0790779865148186,1,Q1,0
Type 1 diabetes,IMMUNE,-0.529449,1,0.3050314465408805,18,0.1779483535182006,1,Q1,0
Type 1 diabetes,IMMUNE,0.120109886,3,0.3050314465408805,17,0.2289049600987717,0,Q3,0
Type 1 diabetes,IMMUNE,0.4802084,2,0.3050314465408805,16,0.113811552951173,0,Q4,1
Type 1 diabetes,IMMUNE,1.349667,9,0.3050314465408805,15,0.1821003995184279,0,Q4,1
Type 1 diabetes,IMMUNE,-0.025278492,2,0.3050314465408805,15,0.3444212508170322,0,Q3,0
Type 1 diabetes,IMMUNE,-0.07967119,1,0.3050314465408805,15,0.3010082989742912,1,Q3,0
Type 1 diabetes,IMMUNE,-0.4799608,2,0.3050314465408805,14,0.010608236882391,0,Q1,0
Type 1 diabetes,IMMUNE,-0.14446037,1,0.3050314465408805,14,0.4103518985458038,1,Q3,0
Type 1 diabetes,IMMUNE,6.677268,11,0.3050314465408805,14,0.1936194918627936,0,Q4,1
Type 1 diabetes,IMMUNE,1.4976166,1,0.3050314465408805,14,0.4236555893886483,1,Q4,1
Type 1 diabetes,IMMUNE,-0.41344386,2,0.3050314465408805,14,0.6636835341559935,0,Q2,0
Type 1 diabetes,IMMUNE,-0.54393876,1,0.3050314465408805,13,0.2761923307342577,1,Q1,0
Type 1 diabetes,IMMUNE,-0.56512314,1,0.3050314465408805,13,0.3379729392004015,1,Q1,0
Type 1 diabetes,IMMUNE,-0.47777414,3,0.3050314465408805,13,0.0451582128760639,0,Q1,0
Type 1 diabetes,IMMUNE,-0.06720294,2,0.3050314465408805,12,0.0646772888107051,0,Q3,0
Type 1 diabetes,IMMUNE,2.4137404,1,0.3050314465408805,12,0.0873590518680454,1,Q4,1
Type 1 diabetes,IMMUNE,0.38906747,1,0.3050314465408805,12,0.1602041443060086,1,Q3,1
Type 1 diabetes,IMMUNE,0.93916684,11,0.3050314465408805,12,0.0703485003622309,0,Q4,1
Type 1 diabetes,IMMUNE,1.5699401,5,0.3050314465408805,11,0.1260532827207608,0,Q4,1
Type 1 diabetes,IMMUNE,-0.4731445,3,0.3050314465408805,11,0.6397365077495186,0,Q1,0
Type 1 diabetes,IMMUNE,-0.25630105,1,0.3050314465408805,11,0.3651693285602165,1,Q2,0
Type 1 diabetes,IMMUNE,-0.4700142,1,0.3050314465408805,10,0.0816540550569003,1,Q1,0
Type 1 diabetes,IMMUNE,0.9649371,2,0.3050314465408805,10,0.1142649298535259,0,Q4,1
Type 1 diabetes,IMMUNE,-0.4647748,5,0.3050314465408805,10,0.3080403224996821,0,Q1,0
Type 1 diabetes,IMMUNE,3.4334552,11,0.3050314465408805,10,0.0283339364858133,0,Q4,1
Type 1 diabetes,IMMUNE,-0.6185928,1,0.3050314465408805,10,0.1917134648954725,1,Q1,0
Type 1 diabetes,IMMUNE,-0.40578204,1,0.3050314465408805,10,0.051804650608356,1,Q2,0
Type 1 diabetes,IMMUNE,-0.56409496,1,0.3050314465408805,10,0.237794638263232,1,Q1,0
Type 1 diabetes,IMMUNE,-0.5516,1,0.3050314465408805,10,0.1624327231062056,1,Q1,0
Type 1 diabetes,IMMUNE,-0.4274691,5,0.3050314465408805,10,0.0655946078282707,0,Q2,0
Type 1 diabetes,IMMUNE,-0.19457586,1,0.3050314465408805,9,0.0234208509926539,1,Q3,0
Type 1 diabetes,IMMUNE,-0.0445108,7,0.3050314465408805,9,0.1338906627540547,0,Q3,0
Type 1 diabetes,IMMUNE,-0.53079027,1,0.3050314465408805,9,0.1257332223283096,1,Q1,0
Type 1 diabetes,IMMUNE,-0.07687946,7,0.3050314465408805,9,0.1695539961478309,0,Q3,0
Type 1 diabetes,IMMUNE,-0.58101034,1,0.3050314465408805,9,0.1528599397754215,1,Q1,0
Type 1 diabetes,IMMUNE,-0.09958167,4,0.3050314465408805,9,0.2500210058874026,0,Q3,0
Type 1 diabetes,IMMUNE,1.0184743,1,0.3050314465408805,9,0.2852752661597157,1,Q4,1
Type 1 diabetes,IMMUNE,-0.64441174,1,0.3050314465408805,9,0.5027872131151514,1,Q1,0
Type 1 diabetes,IMMUNE,0.3943839,1,0.3050314465408805,9,0.8961155785759038,1,Q3,1
Type 1 diabetes,IMMUNE,0.5634874,1,0.3050314465408805,9,0.4809347004422205,1,Q4,1
Type 1 diabetes,IMMUNE,-0.19486815,1,0.3050314465408805,9,0.1790942842184479,1,Q3,0
Type 1 diabetes,IMMUNE,-0.47750953,1,0.3050314465408805,9,0.0559614705131648,1,Q1,0
Type 1 diabetes,IMMUNE,11.944127,1,0.3050314465408805,9,0.3688020894819767,1,Q4,1
Type 1 diabetes,IMMUNE,-0.4277494,1,0.3050314465408805,9,0.5103290987488194,1,Q2,0
Asthma,IMMUNE,8.510811,11,0.3050314465408805,116,0.1410752437495816,0,Q4,1
Asthma,IMMUNE,-0.49067903,3,0.3050314465408805,107,0.8659815209462116,0,Q1,0
Asthma,IMMUNE,0.21167949,2,0.3050314465408805,86,0.8276340524565944,0,Q3,0
Asthma,IMMUNE,0.9938344,10,0.3050314465408805,81,1.0,0,Q4,1
Asthma,IMMUNE,15.687958,1,0.3050314465408805,70,0.5145671521800349,1,Q4,1
Asthma,IMMUNE,-0.30701888,7,0.3050314465408805,64,0.3843033271139917,0,Q2,0
Asthma,IMMUNE,18.719496,4,0.3050314465408805,55,0.992624045033316,0,Q4,1
Asthma,IMMUNE,-0.31129235,5,0.3050314465408805,53,0.58574931296469,0,Q2,0
Asthma,IMMUNE,-0.27519223,9,0.3050314465408805,52,0.4452177540446628,0,Q2,0
Asthma,IMMUNE,0.14735714,5,0.3050314465408805,46,0.4808967398185021,0,Q3,0
Asthma,IMMUNE,1.4376198,7,0.3050314465408805,40,0.329377270433522,0,Q4,1
Asthma,IMMUNE,-0.197214,1,0.3050314465408805,39,0.8460274734288752,1,Q3,0
Asthma,IMMUNE,-0.30764428,1,0.3050314465408805,37,0.549706778548885,1,Q2,0
Asthma,IMMUNE,0.08224596,9,0.3050314465408805,31,0.3060124072292585,0,Q3,0
Asthma,IMMUNE,0.8608745,1,0.3050314465408805,29,0.4165932965288117,1,Q4,1
Asthma,IMMUNE,-0.6424575,1,0.3050314465408805,28,0.0738561122760837,1,Q1,0
Asthma,IMMUNE,-0.054766636,1,0.3050314465408805,28,0.969974912821532,1,Q3,0
Asthma,IMMUNE,6.301098,1,0.3050314465408805,28,0.5025278013770201,1,Q4,1
Asthma,IMMUNE,0.64112455,9,0.3050314465408805,26,0.0281711140773673,0,Q4,0
Asthma,IMMUNE,-0.40723303,4,0.3050314465408805,26,0.8840750114968948,0,Q2,0
Asthma,IMMUNE,-0.5584396,1,0.3050314465408805,25,0.5670548058825472,1,Q1,0
Asthma,IMMUNE,-0.5312874,1,0.3050314465408805,24,0.6709727046516846,1,Q1,0
Asthma,IMMUNE,2.1336248,1,0.3050314465408805,23,0.1799776159468764,1,Q4,1
Asthma,IMMUNE,0.54070175,1,0.3050314465408805,22,0.9106586504702968,1,Q4,0
Asthma,IMMUNE,-0.5014907,1,0.3050314465408805,22,0.3550081062582078,1,Q1,0
Asthma,IMMUNE,-0.08496734,6,0.3050314465408805,22,0.9325158932591502,0,Q3,0
Asthma,IMMUNE,-0.5520123,1,0.3050314465408805,21,0.2670754237225345,1,Q1,0
Asthma,IMMUNE,-0.52366424,1,0.3050314465408805,20,0.4740988799324149,1,Q1,0
Asthma,IMMUNE,0.20472026,9,0.3050314465408805,20,0.2191965753565147,0,Q3,0
Asthma,IMMUNE,-0.6734373,1,0.3050314465408805,19,0.4170859295987419,1,Q1,0
Asthma,IMMUNE,3.4751587,10,0.3050314465408805,18,0.1144330877545354,0,Q4,1
Asthma,IMMUNE,-0.5517864,1,0.3050314465408805,18,0.1182953601663076,1,Q1,0
Asthma,IMMUNE,-0.45142797,1,0.3050314465408805,18,0.0718880159917142,1,Q2,0
Asthma,IMMUNE,2.9770975,1,0.3050314465408805,18,0.582588830248391,1,Q4,1
Asthma,IMMUNE,1.5271556,10,0.3050314465408805,17,0.1855076330135688,0,Q4,1
Asthma,IMMUNE,-0.21401316,2,0.3050314465408805,17,0.8837478405350946,0,Q3,0
Asthma,IMMUNE,-0.5682742,1,0.3050314465408805,16,0.4278836632243586,1,Q1,0
Asthma,IMMUNE,1.1339697,2,0.3050314465408805,16,0.6634125211491011,0,Q4,1
Asthma,IMMUNE,-0.20897746,1,0.3050314465408805,16,0.2544302312762302,1,Q3,0
Asthma,IMMUNE,1.8427669,1,0.3050314465408805,16,0.0765584490110745,1,Q4,1
Asthma,IMMUNE,-0.46735272,1,0.3050314465408805,15,0.2185532393088551,1,Q1,0
Asthma,IMMUNE,4.5857644,11,0.3050314465408805,15,0.2148486836071627,0,Q4,1
Asthma,IMMUNE,-0.36262682,1,0.3050314465408805,15,0.3568690288577441,1,Q2,0
Asthma,IMMUNE,1.5251023,10,0.3050314465408805,15,0.9645683433269304,0,Q4,1
Asthma,IMMUNE,-0.23366329,5,0.3050314465408805,15,0.6676880028638337,0,Q2,0
Asthma,IMMUNE,-0.08719133,2,0.3050314465408805,14,0.1744798594305683,0,Q3,0
Asthma,IMMUNE,1.8197654,1,0.3050314465408805,14,0.1707736960889377,1,Q4,1
Asthma,IMMUNE,2.7760289,4,0.3050314465408805,14,0.0804881048160362,0,Q4,1
Asthma,IMMUNE,-0.28099415,2,0.3050314465408805,13,0.6283160844545581,0,Q2,0
Asthma,IMMUNE,-0.2777056,7,0.3050314465408805,13,0.7664065303013681,0,Q2,0
Asthma,IMMUNE,-0.48060375,1,0.3050314465408805,13,0.5344998885611203,1,Q1,0
Asthma,IMMUNE,-0.5268636,1,0.3050314465408805,13,0.0955100263522659,1,Q1,0
Asthma,IMMUNE,3.4392524,7,0.3050314465408805,12,0.3471332446340416,0,Q4,1
Asthma,IMMUNE,-0.10685527,4,0.3050314465408805,12,0.0215290090077039,0,Q3,0
Asthma,IMMUNE,-0.6808963,1,0.3050314465408805,12,0.9700808579154944,1,Q1,0
Asthma,IMMUNE,-0.4199838,2,0.3050314465408805,12,0.580831021824413,0,Q2,0
Asthma,IMMUNE,-0.47118032,2,0.3050314465408805,12,0.2241622845399741,0,Q1,0
Asthma,IMMUNE,-0.5566019,1,0.3050314465408805,12,0.018593258704247,1,Q1,0
Asthma,IMMUNE,5.408353,10,0.3050314465408805,12,0.0832626391742212,0,Q4,1
Asthma,IMMUNE,-0.3803094,2,0.3050314465408805,12,0.0993317432657671,0,Q2,0
Asthma,IMMUNE,0.22659892,5,0.3050314465408805,12,0.0736264515442917,0,Q3,0
Asthma,IMMUNE,0.19566393,1,0.3050314465408805,12,0.1724506515865898,1,Q3,0
Asthma,IMMUNE,-0.57087886,2,0.3050314465408805,12,0.3295311551694457,0,Q1,0
Asthma,IMMUNE,-0.22180566,1,0.3050314465408805,12,0.2501532831325287,1,Q2,0
Asthma,IMMUNE,-0.16439465,1,0.3050314465408805,12,0.1069320756476544,1,Q3,0
Asthma,IMMUNE,-0.40745676,3,0.3050314465408805,12,0.5886513873231478,0,Q2,0
Asthma,IMMUNE,0.27209342,9,0.3050314465408805,12,1.0,0,Q3,0
Asthma,IMMUNE,4.144826,10,0.3050314465408805,11,0.4740970918437501,0,Q4,1
Asthma,IMMUNE,0.38657823,9,0.3050314465408805,11,0.0799893694632328,0,Q3,0
Asthma,IMMUNE,-0.49685416,1,0.3050314465408805,11,0.071883258260517,1,Q1,0
Asthma,IMMUNE,0.41197658,5,0.3050314465408805,11,0.0673618498531584,0,Q3,0
Asthma,IMMUNE,1.252953,10,0.3050314465408805,11,0.4466612403526648,0,Q4,1
Asthma,IMMUNE,-0.31249404,1,0.3050314465408805,11,0.1642729408496872,1,Q2,0
Asthma,IMMUNE,-0.2473697,9,0.3050314465408805,11,0.3492967652073925,0,Q2,0
Asthma,IMMUNE,-0.081017315,8,0.3050314465408805,11,0.1381640614636338,0,Q3,0
Asthma,IMMUNE,0.36572975,1,0.3050314465408805,11,0.0453179467046043,1,Q3,0
Asthma,IMMUNE,-0.470826,3,0.3050314465408805,11,0.0981056349582734,0,Q1,0
Asthma,IMMUNE,-0.58390373,3,0.3050314465408805,11,0.2114840508125618,0,Q1,0
Asthma,IMMUNE,-0.3821905,4,0.3050314465408805,10,0.0748274761797737,0,Q2,0
Asthma,IMMUNE,1.2491066,2,0.3050314465408805,10,0.0241182787393939,0,Q4,1
Asthma,IMMUNE,-0.4151864,2,0.3050314465408805,10,0.2772078186878206,0,Q2,0
Asthma,IMMUNE,-0.5757816,1,0.3050314465408805,10,0.0507167930779202,1,Q1,0
Asthma,IMMUNE,1.1634544,11,0.3050314465408805,10,0.1904958162121041,0,Q4,1
Asthma,IMMUNE,-0.2287217,3,0.3050314465408805,10,0.1963161059112599,0,Q2,0
Asthma,IMMUNE,-0.28654838,1,0.3050314465408805,10,0.2136087474445347,1,Q2,0
Asthma,IMMUNE,-0.6382539,2,0.3050314465408805,10,0.0582878440125272,0,Q1,0
Asthma,IMMUNE,-0.36021724,3,0.3050314465408805,10,0.659895664339626,0,Q2,0
Asthma,IMMUNE,-0.34490764,3,0.3050314465408805,10,0.0744438933509104,0,Q2,0
Asthma,IMMUNE,-0.63741064,1,0.3050314465408805,10,0.0755109997027012,1,Q1,0
Asthma,IMMUNE,-0.13207895,7,0.3050314465408805,10,0.4453063308741734,0,Q3,0
Asthma,IMMUNE,-0.10846052,1,0.3050314465408805,10,0.0349368608748938,1,Q3,0
Asthma,IMMUNE,0.1011736,9,0.3050314465408805,10,0.0983896099850148,0,Q3,0
Asthma,IMMUNE,1.1510422,1,0.3050314465408805,10,0.9914679089959194,1,Q4,1
Asthma,IMMUNE,-0.2513653,3,0.3050314465408805,9,0.0912073314715933,0,Q2,0
Asthma,IMMUNE,5.3738275,11,0.3050314465408805,9,0.2275623965562814,0,Q4,1
Asthma,IMMUNE,-0.3632626,1,0.3050314465408805,9,0.0440866726153184,1,Q2,0
Asthma,IMMUNE,0.88758355,9,0.3050314465408805,9,1.0,0,Q4,1
Asthma,IMMUNE,-0.42029437,1,0.3050314465408805,9,0.7468886069874558,1,Q2,0
Asthma,IMMUNE,-0.33701766,1,0.3050314465408805,9,1.0,1,Q2,0
Asthma,IMMUNE,-0.13435632,7,0.3050314465408805,9,0.0175509855741149,0,Q3,0
Asthma,IMMUNE,-0.50683767,1,0.3050314465408805,9,0.0272884036004935,1,Q1,0
Asthma,IMMUNE,-0.55635244,1,0.3050314465408805,9,0.0235690427562296,1,Q1,0
Asthma,IMMUNE,8.880991,10,0.3050314465408805,9,1.0,0,Q4,1
Asthma,IMMUNE,-0.39596385,3,0.3050314465408805,9,0.0069923960922469,0,Q2,0
Asthma,IMMUNE,-0.3674415,1,0.3050314465408805,9,0.054458309553214,1,Q2,0
Asthma,IMMUNE,-0.1262411,1,0.3050314465408805,9,0.20996577231434,1,Q3,0
Asthma,IMMUNE,-0.41271496,2,0.3050314465408805,9,0.1046514792127606,0,Q2,0
Asthma,IMMUNE,1.9921567,10,0.3050314465408805,9,0.0515335628448285,0,Q4,1
Asthma,IMMUNE,-0.0004217782,4,0.3050314465408805,9,0.0289612136557712,0,Q3,0
Asthma,IMMUNE,1.044091,3,0.3050314465408805,9,0.2447178955528103,0,Q4,1
Asthma,IMMUNE,-0.25989962,1,0.3050314465408805,9,0.0259511871935827,1,Q2,0
Asthma,IMMUNE,-0.54768395,2,0.3050314465408805,9,0.0501561284221089,0,Q1,0
Asthma,IMMUNE,-0.40746367,1,0.3050314465408805,9,0.279891037176448,1,Q2,0
Asthma,IMMUNE,-0.35247412,5,0.3050314465408805,9,0.3926070216649547,0,Q2,0
Asthma,IMMUNE,-0.37431017,2,0.3050314465408805,9,0.2019200409679758,0,Q2,0
Asthma,IMMUNE,0.111515336,10,0.3050314465408805,9,0.8696302879896632,0,Q3,0
Asthma,IMMUNE,4.5550675,11,0.3050314465408805,8,0.4019541497358718,0,Q4,1
Asthma,IMMUNE,-0.39426503,2,0.3050314465408805,8,0.4965508481498217,0,Q2,0
Asthma,IMMUNE,-0.1710049,1,0.3050314465408805,8,0.0836342775093721,1,Q3,0
Asthma,IMMUNE,17.572905,11,0.3050314465408805,8,0.9051049888820084,0,Q4,1
Asthma,IMMUNE,0.14778998,10,0.3050314465408805,8,1.0,0,Q3,0
Asthma,IMMUNE,-0.4744176,1,0.3050314465408805,8,0.210299272194561,1,Q1,0
Platelet count,IMMUNE,0.09556129,4,0.3050314465408805,492,1.0,0,Q3,0
Platelet count,IMMUNE,-0.28539842,1,0.3050314465408805,370,0.998824686288099,1,Q2,0
Platelet count,IMMUNE,0.27787313,2,0.3050314465408805,362,1.0,0,Q3,0
Platelet count,IMMUNE,0.067270204,8,0.3050314465408805,348,0.9999999999474374,0,Q3,0
Platelet count,IMMUNE,2.60966,3,0.3050314465408805,348,1.0,0,Q4,1
Platelet count,IMMUNE,-0.67872924,1,0.3050314465408805,329,0.9875782095640692,1,Q1,0
Platelet count,IMMUNE,4.0991154,11,0.3050314465408805,297,0.94694071695945,0,Q4,1
Platelet count,IMMUNE,-0.23236163,5,0.3050314465408805,288,0.9999999999999992,0,Q2,0
Platelet count,IMMUNE,2.1023507,3,0.3050314465408805,228,0.963343309406998,0,Q4,1
Platelet count,IMMUNE,-0.11774698,4,0.3050314465408805,226,1.0,0,Q3,0
Platelet count,IMMUNE,1.4304112,9,0.3050314465408805,186,0.0185908465942962,0,Q4,1
Platelet count,IMMUNE,-0.46679473,2,0.3050314465408805,185,0.7761100998956229,0,Q1,0
Platelet count,IMMUNE,-0.017235572,2,0.3050314465408805,172,0.9895551187885662,0,Q3,0
Platelet count,IMMUNE,-0.32344338,3,0.3050314465408805,165,0.9997259630606506,0,Q2,0
Platelet count,IMMUNE,-0.26889744,1,0.3050314465408805,164,0.9131343401549736,1,Q2,0
Platelet count,IMMUNE,1.9033377,1,0.3050314465408805,162,0.8673010674217787,1,Q4,1
Platelet count,IMMUNE,0.08855903,8,0.3050314465408805,147,0.7455812767967361,0,Q3,0
Platelet count,IMMUNE,-0.037330717,3,0.3050314465408805,140,0.9861579980883222,0,Q3,0
Platelet count,IMMUNE,2.9275436,4,0.3050314465408805,133,0.5932431798110093,0,Q4,1
Platelet count,IMMUNE,0.14572872,10,0.3050314465408805,132,0.8014440003418392,0,Q3,0
Platelet count,IMMUNE,-0.2758952,4,0.3050314465408805,129,0.9243508263871776,0,Q2,0
Platelet count,IMMUNE,3.2919412,3,0.3050314465408805,128,1.0,0,Q4,1
Platelet count,IMMUNE,2.0138268,11,0.3050314465408805,114,0.3733809054142355,0,Q4,1
Platelet count,IMMUNE,-0.52008784,1,0.3050314465408805,109,0.9410544714127856,1,Q1,0
Platelet count,IMMUNE,-0.24526,3,0.3050314465408805,107,0.3201363120930151,0,Q2,0
Platelet count,IMMUNE,1.1879363,2,0.3050314465408805,105,1.0,0,Q4,1
Platelet count,IMMUNE,-0.063470535,7,0.3050314465408805,103,1.0,0,Q3,0
Platelet count,IMMUNE,0.55226505,3,0.3050314465408805,99,1.0,0,Q4,0
Platelet count,IMMUNE,-0.3625094,1,0.3050314465408805,95,0.744477883367686,1,Q2,0
Platelet count,IMMUNE,3.0021763,5,0.3050314465408805,94,1.0,0,Q4,1
Platelet count,IMMUNE,0.5086227,1,0.3050314465408805,94,0.1052986148030407,1,Q4,0
Platelet count,IMMUNE,1.4681507,1,0.3050314465408805,93,0.5901216273337351,1,Q4,1
Platelet count,IMMUNE,1.3766981,8,0.3050314465408805,87,0.7143892286895495,0,Q4,1
Platelet count,IMMUNE,-0.3573229,3,0.3050314465408805,84,0.4950100824088029,0,Q2,0
Platelet count,IMMUNE,-0.31088644,3,0.3050314465408805,79,0.0349067067774536,0,Q2,0
Platelet count,IMMUNE,1.1926169,5,0.3050314465408805,79,0.9342252869414496,0,Q4,1
Platelet count,IMMUNE,1.2535427,1,0.3050314465408805,78,0.2905108472410117,1,Q4,1
Platelet count,IMMUNE,-0.5904345,1,0.3050314465408805,77,0.9910903896214592,1,Q1,0
Platelet count,IMMUNE,0.836603,2,0.3050314465408805,71,1.0,0,Q4,0
Platelet count,IMMUNE,0.29350972,2,0.3050314465408805,70,1.0,0,Q3,0
Platelet count,IMMUNE,-0.20513809,6,0.3050314465408805,70,0.2058009036009778,0,Q3,0
Platelet count,IMMUNE,0.08253925,2,0.3050314465408805,68,0.8037857148378593,0,Q3,0
Platelet count,IMMUNE,1.0767798,2,0.3050314465408805,68,0.267762712093712,0,Q4,1
Platelet count,IMMUNE,-0.44769606,1,0.3050314465408805,68,0.998242797667692,1,Q2,0
Platelet count,IMMUNE,-0.2327296,1,0.3050314465408805,67,0.9999822099578126,1,Q2,0
Platelet count,IMMUNE,-0.46716005,2,0.3050314465408805,65,1.0,0,Q1,0
Platelet count,IMMUNE,1.6528022,11,0.3050314465408805,61,0.7632193957354778,0,Q4,1
Platelet count,IMMUNE,0.6702529,6,0.3050314465408805,60,0.9999999989118048,0,Q4,0
Platelet count,IMMUNE,0.3925583,1,0.3050314465408805,60,0.848794958593479,1,Q3,0
Platelet count,IMMUNE,-0.6045764,1,0.3050314465408805,59,0.4099183537408824,1,Q1,0
Platelet count,IMMUNE,-0.30457976,5,0.3050314465408805,57,0.0563272522730023,0,Q2,0
Platelet count,IMMUNE,0.19240561,8,0.3050314465408805,55,1.0,0,Q3,0
Platelet count,IMMUNE,-0.51808935,1,0.3050314465408805,55,1.0,1,Q1,0
Platelet count,IMMUNE,-0.436105,2,0.3050314465408805,54,0.6931778357034601,0,Q2,0
Platelet count,IMMUNE,-0.58966404,1,0.3050314465408805,54,0.9829672298181892,1,Q1,0
Platelet count,IMMUNE,-0.46390048,2,0.3050314465408805,54,1.0,0,Q1,0
Platelet count,IMMUNE,0.35247853,9,0.3050314465408805,53,0.3820782444896917,0,Q3,0
Platelet count,IMMUNE,-0.28533152,2,0.3050314465408805,51,0.9933787770655114,0,Q2,0
Platelet count,IMMUNE,0.96507376,3,0.3050314465408805,51,0.6652703375452965,0,Q4,1
Platelet count,IMMUNE,-0.033073224,1,0.3050314465408805,50,0.0549268915721251,1,Q3,0
Platelet count,IMMUNE,-0.6362274,1,0.3050314465408805,48,0.5822080136364474,1,Q1,0
Platelet count,IMMUNE,15.161629,7,0.3050314465408805,48,0.4820588360982603,0,Q4,1
Platelet count,IMMUNE,0.97563297,7,0.3050314465408805,48,0.2711500069961016,0,Q4,1
Platelet count,IMMUNE,2.6043983,8,0.3050314465408805,47,0.5724662706925857,0,Q4,1
Platelet count,IMMUNE,-0.6702862,1,0.3050314465408805,47,0.3765483610094709,1,Q1,0
Platelet count,IMMUNE,0.1488044,4,0.3050314465408805,46,0.4177689658485684,0,Q3,0
Platelet count,IMMUNE,-0.1856983,1,0.3050314465408805,46,0.8190807184547649,1,Q3,0
Platelet count,IMMUNE,-0.0018552341,3,0.3050314465408805,43,0.6369508423810454,0,Q3,0
Platelet count,IMMUNE,-0.43539894,4,0.3050314465408805,43,0.6359522723986432,0,Q2,0
Platelet count,IMMUNE,0.8433693,1,0.3050314465408805,43,0.3325428823329992,1,Q4,0
Platelet count,IMMUNE,0.12430608,8,0.3050314465408805,41,0.1902010838986467,0,Q3,0
Platelet count,IMMUNE,-0.47810188,1,0.3050314465408805,41,0.2823729765393655,1,Q1,0
Platelet count,IMMUNE,-0.33496076,1,0.3050314465408805,40,0.0845637428123983,1,Q2,0
Platelet count,IMMUNE,-0.6890035,1,0.3050314465408805,39,0.4420225724227446,1,Q1,0
Platelet count,IMMUNE,11.890681,1,0.3050314465408805,39,0.9574347332000674,1,Q4,1
Platelet count,IMMUNE,-0.49917006,2,0.3050314465408805,38,1.0,0,Q1,0
Platelet count,IMMUNE,0.99805766,9,0.3050314465408805,38,0.44918658989503,0,Q4,1
Platelet count,IMMUNE,0.50258976,1,0.3050314465408805,38,0.3910747689953325,1,Q4,0
Platelet count,IMMUNE,0.40699756,3,0.3050314465408805,38,0.3368697767627715,0,Q3,0
Platelet count,IMMUNE,1.6616694,8,0.3050314465408805,37,0.4430627439666712,0,Q4,1
Platelet count,IMMUNE,-0.039360616,6,0.3050314465408805,37,1.0,0,Q3,0
Platelet count,IMMUNE,0.46700227,11,0.3050314465408805,37,1.0,0,Q4,0
Platelet count,IMMUNE,1.3155676,1,0.3050314465408805,36,0.1991308260673304,1,Q4,1
Platelet count,IMMUNE,-0.48650324,1,0.3050314465408805,36,0.267382624212608,1,Q1,0
Platelet count,IMMUNE,-0.46030813,1,0.3050314465408805,36,0.1894715485402388,1,Q1,0
Platelet count,IMMUNE,0.9636035,11,0.3050314465408805,36,0.8752085150920693,0,Q4,0
Platelet count,IMMUNE,2.243327,6,0.3050314465408805,36,0.919170357148852,0,Q4,1
Platelet count,IMMUNE,-0.3578825,1,0.3050314465408805,35,0.2870101723454679,1,Q2,0
Platelet count,IMMUNE,8.951907,1,0.3050314465408805,35,0.4127504498636413,1,Q4,1
Platelet count,IMMUNE,-0.34952223,4,0.3050314465408805,34,0.0847372548001672,0,Q2,0
Platelet count,IMMUNE,-0.38965654,1,0.3050314465408805,33,0.1409848480948809,1,Q2,0
Platelet count,IMMUNE,-0.31005785,5,0.3050314465408805,32,0.2383034125904212,0,Q2,0
Platelet count,IMMUNE,-0.077253036,6,0.3050314465408805,32,0.3113682236993104,0,Q3,0
Platelet count,IMMUNE,2.621655,10,0.3050314465408805,32,0.5035731301468539,0,Q4,1
Platelet count,IMMUNE,-0.529068,1,0.3050314465408805,32,0.2221855803430144,1,Q1,0
Platelet count,IMMUNE,-0.61979294,2,0.3050314465408805,32,0.4614034448218701,0,Q1,0
Platelet count,IMMUNE,5.170776,1,0.3050314465408805,31,1.0,1,Q4,1
Platelet count,IMMUNE,0.48576167,4,0.3050314465408805,31,0.9532157642800014,0,Q4,0
Platelet count,IMMUNE,2.643727,11,0.3050314465408805,31,0.9062475428301152,0,Q4,1
Platelet count,IMMUNE,-0.28542924,9,0.3050314465408805,31,0.0560237396105219,0,Q2,0
Platelet count,IMMUNE,-0.40287462,2,0.3050314465408805,31,0.0650610777547505,0,Q2,0
Platelet count,IMMUNE,-0.5665356,1,0.3050314465408805,30,0.024191656775754,1,Q1,0
Platelet count,IMMUNE,-0.40418032,1,0.3050314465408805,30,0.1465655710611106,1,Q2,0
Platelet count,IMMUNE,-0.5152486,1,0.3050314465408805,30,0.2006994475176133,1,Q1,0
Platelet count,IMMUNE,0.33659506,9,0.3050314465408805,30,0.3596166581921503,0,Q3,0
Platelet count,IMMUNE,-0.18734297,3,0.3050314465408805,29,0.4416984780515816,0,Q3,0
Platelet count,IMMUNE,0.06312724,9,0.3050314465408805,29,1.0,0,Q3,0
Platelet count,IMMUNE,-0.30559805,1,0.3050314465408805,29,0.3540407957505307,1,Q2,0
Platelet count,IMMUNE,-0.01619483,8,0.3050314465408805,28,0.1481321993099998,0,Q3,0
Platelet count,IMMUNE,-0.46265844,3,0.3050314465408805,28,0.1535634524223043,0,Q1,0
Platelet count,IMMUNE,0.6862173,1,0.3050314465408805,28,0.1701448001405993,1,Q4,0
Platelet count,IMMUNE,-0.41760847,3,0.3050314465408805,28,0.1836814357535727,0,Q2,0
Platelet count,IMMUNE,-0.4993114,2,0.3050314465408805,28,0.0830959772086358,0,Q1,0
Platelet count,IMMUNE,-0.5859196,1,0.3050314465408805,28,0.7085359558855063,1,Q1,0
Platelet count,IMMUNE,-0.28914833,2,0.3050314465408805,28,0.2627302209221148,0,Q2,0
Platelet count,IMMUNE,1.076346,3,0.3050314465408805,27,0.2756346299137459,0,Q4,1
Platelet count,IMMUNE,-0.58699906,1,0.3050314465408805,27,0.3755584947252569,1,Q1,0
Platelet count,IMMUNE,0.021216817,2,0.3050314465408805,27,0.3408912856497991,0,Q3,0
Platelet count,IMMUNE,0.79156893,9,0.3050314465408805,27,0.0114965940890289,0,Q4,0
Platelet count,IMMUNE,0.030960232,5,0.3050314465408805,27,0.7075024782381721,0,Q3,0
Platelet count,IMMUNE,-0.08335576,1,0.3050314465408805,27,0.3671062173151686,1,Q3,0
Platelet count,IMMUNE,-0.099622026,2,0.3050314465408805,27,1.0,0,Q3,0
Platelet count,IMMUNE,-0.4949828,1,0.3050314465408805,27,0.3329714771646016,1,Q1,0
Platelet count,IMMUNE,-0.32601252,2,0.3050314465408805,27,0.0952045814706385,0,Q2,0
Platelet count,IMMUNE,-0.4908837,2,0.3050314465408805,27,0.3460359536826621,0,Q1,0
Platelet count,IMMUNE,5.0318227,1,0.3050314465408805,26,0.9998325223805448,1,Q4,1
Platelet count,IMMUNE,-0.47713995,3,0.3050314465408805,26,0.1179719568917707,0,Q1,0
Platelet count,IMMUNE,0.7171834,6,0.3050314465408805,26,0.3179448745788243,0,Q4,0
Platelet count,IMMUNE,0.36061174,7,0.3050314465408805,26,0.1631587870664659,0,Q3,0
Platelet count,IMMUNE,-0.17520759,2,0.3050314465408805,26,0.4435753930316687,0,Q3,0
Platelet count,IMMUNE,0.19010226,10,0.3050314465408805,25,0.6578926250799453,0,Q3,0
Platelet count,IMMUNE,-0.52511024,1,0.3050314465408805,25,0.4388077468611912,1,Q1,0
Platelet count,IMMUNE,2.5851996,11,0.3050314465408805,25,0.9981924492854556,0,Q4,1
Platelet count,IMMUNE,1.8135375,3,0.3050314465408805,25,0.3876140802136267,0,Q4,1
Platelet count,IMMUNE,-0.4057105,1,0.3050314465408805,25,0.0203390190605006,1,Q2,0
Platelet count,IMMUNE,-0.45524868,3,0.3050314465408805,25,0.6484396144321107,0,Q2,0
Platelet count,IMMUNE,-0.39601395,1,0.3050314465408805,25,0.0287874212821979,1,Q2,0
Platelet count,IMMUNE,7.214302,1,0.3050314465408805,25,0.0378050076855187,1,Q4,1
Platelet count,IMMUNE,-0.20070837,2,0.3050314465408805,24,0.9993596727415374,0,Q3,0
Platelet count,IMMUNE,-0.39340597,5,0.3050314465408805,24,0.2270307409700271,0,Q2,0
Platelet count,IMMUNE,0.12185333,2,0.3050314465408805,24,0.60680474455734,0,Q3,0
Platelet count,IMMUNE,-0.6094986,1,0.3050314465408805,24,0.1622147820512554,1,Q1,0
Platelet count,IMMUNE,-0.2129266,3,0.3050314465408805,23,1.0,0,Q3,0
Platelet count,IMMUNE,0.006272143,5,0.3050314465408805,23,1.0,0,Q3,0
Platelet count,IMMUNE,13.596973,4,0.3050314465408805,23,1.0,0,Q4,1
Platelet count,IMMUNE,4.986366,6,0.3050314465408805,23,1.0,0,Q4,1
Platelet count,IMMUNE,0.8589113,2,0.3050314465408805,23,1.0,0,Q4,0
Platelet count,IMMUNE,-0.6241004,1,0.3050314465408805,23,0.126267503401928,1,Q1,0
Platelet count,IMMUNE,2.042946,1,0.3050314465408805,23,0.3458398028102969,1,Q4,1
Platelet count,IMMUNE,3.757936,6,0.3050314465408805,22,0.671173392558174,0,Q4,1
Atrial fibrillation,HEART,-0.23424323,2,0.08490566037735849,305,0.4943283134808373,0,Q2,0
Atrial fibrillation,HEART,2.267079,1,0.08490566037735849,258,0.871374794264839,1,Q4,1
Atrial fibrillation,HEART,0.5186976,2,0.08490566037735849,212,0.9999796326234436,0,Q4,1
Atrial fibrillation,HEART,1.1056484,2,0.08490566037735849,187,0.8606748681165425,0,Q4,1
Atrial fibrillation,HEART,0.80354273,7,0.08490566037735849,163,0.9995795040846698,0,Q4,1
Atrial fibrillation,HEART,-0.22415245,3,0.08490566037735849,141,0.439842430921295,0,Q2,0
Atrial fibrillation,HEART,-0.3322845,2,0.08490566037735849,134,0.838933112071133,0,Q2,0
Atrial fibrillation,HEART,2.2521753,2,0.08490566037735849,109,0.3574926097685902,0,Q4,1
Atrial fibrillation,HEART,1.3790148,3,0.08490566037735849,107,0.8661659790742621,0,Q4,1
Atrial fibrillation,HEART,3.2082932,2,0.08490566037735849,98,1.0,0,Q4,1
Atrial fibrillation,HEART,1.2595743,1,0.08490566037735849,96,0.8964299857764897,1,Q4,1
Atrial fibrillation,HEART,-0.5505372,9,0.08490566037735849,92,0.577209069389446,0,Q1,0
Atrial fibrillation,HEART,0.8687915,7,0.08490566037735849,91,0.455158784020507,0,Q4,1
Atrial fibrillation,HEART,-0.5621174,4,0.08490566037735849,84,0.6089089841951129,0,Q1,0
Atrial fibrillation,HEART,-0.6462151,9,0.08490566037735849,77,1.0,0,Q1,0
Atrial fibrillation,HEART,-0.16517727,4,0.08490566037735849,68,0.8197296538148671,0,Q3,0
Atrial fibrillation,HEART,1.2178005,1,0.08490566037735849,67,0.9999999948150162,1,Q4,1
Atrial fibrillation,HEART,0.17699498,7,0.08490566037735849,66,0.8166968927908601,0,Q3,0
Atrial fibrillation,HEART,-0.5714508,10,0.08490566037735849,66,0.1634535626982345,0,Q1,0
Atrial fibrillation,HEART,-0.42333984,3,0.08490566037735849,61,0.8570076752229265,0,Q2,0
Atrial fibrillation,HEART,-0.5142078,11,0.08490566037735849,59,0.9999999999986546,0,Q1,0
Atrial fibrillation,HEART,-0.1284994,6,0.08490566037735849,56,1.0,0,Q3,0
Atrial fibrillation,HEART,-0.6244572,8,0.08490566037735849,56,0.3841440773646626,0,Q1,0
Atrial fibrillation,HEART,-0.587852,8,0.08490566037735849,55,0.0404343036012882,0,Q1,0
Atrial fibrillation,HEART,-0.52976096,8,0.08490566037735849,55,0.4272553721642528,0,Q1,0
Atrial fibrillation,HEART,-0.30498895,2,0.08490566037735849,53,0.9999999999999848,0,Q2,0
Atrial fibrillation,HEART,-0.4512319,9,0.08490566037735849,52,0.4089595705575965,0,Q2,0
Atrial fibrillation,HEART,3.8795767,6,0.08490566037735849,52,0.9231805387082264,0,Q4,1
Atrial fibrillation,HEART,-0.6141513,5,0.08490566037735849,51,0.3796699435173866,0,Q1,0
Atrial fibrillation,HEART,0.29204568,8,0.08490566037735849,50,0.1683370898587291,0,Q3,0
Atrial fibrillation,HEART,2.9459858,1,0.08490566037735849,49,0.7200509508444587,1,Q4,1
Atrial fibrillation,HEART,1.4559677,4,0.08490566037735849,48,0.4399042727423192,0,Q4,1
Atrial fibrillation,HEART,5.7323437,1,0.08490566037735849,46,0.999999999966328,1,Q4,1
Atrial fibrillation,HEART,0.14961846,5,0.08490566037735849,46,0.0811791942239217,0,Q3,0
Atrial fibrillation,HEART,-0.70302975,5,0.08490566037735849,46,0.3707004544979854,0,Q1,0
Atrial fibrillation,HEART,-0.58386475,3,0.08490566037735849,44,0.1447154767083406,0,Q1,0
Atrial fibrillation,HEART,0.75039405,6,0.08490566037735849,43,0.3051846092710363,0,Q4,1
Atrial fibrillation,HEART,0.6235986,10,0.08490566037735849,42,0.6604936068283632,0,Q4,1
Atrial fibrillation,HEART,-0.441109,10,0.08490566037735849,42,0.5098557065340797,0,Q2,0
Atrial fibrillation,HEART,-0.2328525,7,0.08490566037735849,42,0.6564162818462284,0,Q2,0
Atrial fibrillation,HEART,-0.33251876,2,0.08490566037735849,41,0.9816711631061594,0,Q2,0
Atrial fibrillation,HEART,-0.33643645,10,0.08490566037735849,41,0.585502429022216,0,Q2,0
Atrial fibrillation,HEART,0.040527828,4,0.08490566037735849,40,0.8991951788790592,0,Q3,0
Atrial fibrillation,HEART,0.4629026,1,0.08490566037735849,40,0.5881211566515798,1,Q4,1
Atrial fibrillation,HEART,0.3633873,4,0.08490566037735849,39,0.671688027671748,0,Q3,0
Atrial fibrillation,HEART,1.1530008,10,0.08490566037735849,39,1.0,0,Q4,1
Atrial fibrillation,HEART,-0.58634144,10,0.08490566037735849,38,0.0666722473486248,0,Q1,0
Atrial fibrillation,HEART,-0.31175125,7,0.08490566037735849,38,0.1116217321848903,0,Q2,0
Atrial fibrillation,HEART,-0.4595443,10,0.08490566037735849,36,0.4723826818627598,0,Q1,0
Atrial fibrillation,HEART,-0.6005843,7,0.08490566037735849,36,0.8836886026763542,0,Q1,0
Atrial fibrillation,HEART,-0.3951758,4,0.08490566037735849,36,0.7399553935201261,0,Q2,0
Atrial fibrillation,HEART,-0.48697495,2,0.08490566037735849,35,0.0068508109719764,0,Q1,0
Atrial fibrillation,HEART,-0.60236984,9,0.08490566037735849,34,0.9797695614556337,0,Q1,0
Atrial fibrillation,HEART,-0.13565072,5,0.08490566037735849,34,0.0458617654006658,0,Q3,0
Atrial fibrillation,HEART,-0.6687585,8,0.08490566037735849,34,0.0117860216679051,0,Q1,0
Atrial fibrillation,HEART,1.5353106,1,0.08490566037735849,33,0.9163252080028602,1,Q4,1
Atrial fibrillation,HEART,-0.59216094,9,0.08490566037735849,32,0.9999984181138842,0,Q1,0
Atrial fibrillation,HEART,-0.03790148,3,0.08490566037735849,32,0.4483596835178626,0,Q3,0
Atrial fibrillation,HEART,0.8199799,1,0.08490566037735849,31,0.4221143702756469,1,Q4,1
Atrial fibrillation,HEART,-0.538008,8,0.08490566037735849,31,1.0,0,Q1,0
Atrial fibrillation,HEART,-0.62082356,10,0.08490566037735849,31,1.0,0,Q1,0
Atrial fibrillation,HEART,-0.4327115,9,0.08490566037735849,31,0.0695811441470549,0,Q2,0
Atrial fibrillation,HEART,-0.6307591,9,0.08490566037735849,30,0.7048694810468981,0,Q1,0
Atrial fibrillation,HEART,1.6149833,5,0.08490566037735849,30,1.0,0,Q4,1
Atrial fibrillation,HEART,-0.31218436,6,0.08490566037735849,30,1.0,0,Q2,0
Atrial fibrillation,HEART,-0.49060172,7,0.08490566037735849,29,0.1197466143689395,0,Q1,0
Atrial fibrillation,HEART,0.170664,7,0.08490566037735849,29,0.3048825334106855,0,Q3,0
Atrial fibrillation,HEART,-0.57836515,2,0.08490566037735849,28,0.3466208188491207,0,Q1,0
Atrial fibrillation,HEART,-0.36289942,7,0.08490566037735849,28,0.3386414423765635,0,Q2,0
Atrial fibrillation,HEART,-0.25218442,10,0.08490566037735849,28,0.939898099579034,0,Q2,0
Atrial fibrillation,HEART,3.0099444,1,0.08490566037735849,27,0.3138278317041943,1,Q4,1
Atrial fibrillation,HEART,-0.50956804,11,0.08490566037735849,27,0.3421063258656928,0,Q1,0
Atrial fibrillation,HEART,-0.061231792,8,0.08490566037735849,27,0.5445642411501134,0,Q3,0
Atrial fibrillation,HEART,-0.20283453,3,0.08490566037735849,27,0.9866582798333042,0,Q3,0
Atrial fibrillation,HEART,-0.5627655,6,0.08490566037735849,26,0.386657395686465,0,Q1,0
Atrial fibrillation,HEART,0.017131763,11,0.08490566037735849,26,0.655864475777187,0,Q3,0
Atrial fibrillation,HEART,0.76949,3,0.08490566037735849,26,0.0783550357283054,0,Q4,1
Atrial fibrillation,HEART,-0.37983912,4,0.08490566037735849,25,0.4152176401825292,0,Q2,0
Atrial fibrillation,HEART,1.0596701,1,0.08490566037735849,25,0.098375130557186,1,Q4,1
Atrial fibrillation,HEART,-0.5795626,11,0.08490566037735849,25,0.8774065590707085,0,Q1,0
Atrial fibrillation,HEART,-0.45560682,7,0.08490566037735849,25,0.0414182225822099,0,Q2,0
Atrial fibrillation,HEART,-0.51640797,7,0.08490566037735849,24,0.0627868667476969,0,Q1,0
Atrial fibrillation,HEART,-0.25699592,10,0.08490566037735849,24,0.9985034328986604,0,Q2,0
Atrial fibrillation,HEART,-0.41193017,6,0.08490566037735849,24,1.0,0,Q2,0
Atrial fibrillation,HEART,-0.4813355,11,0.08490566037735849,23,0.4857634587378552,0,Q1,0
Atrial fibrillation,HEART,-0.10346738,6,0.08490566037735849,23,0.4939814606860281,0,Q3,0
Atrial fibrillation,HEART,-0.5365681,9,0.08490566037735849,23,0.0507421756806302,0,Q1,0
Atrial fibrillation,HEART,-0.19894953,10,0.08490566037735849,23,0.1133378122617527,0,Q3,0
Atrial fibrillation,HEART,-0.6065245,7,0.08490566037735849,23,0.0639015882338596,0,Q1,0
Atrial fibrillation,HEART,1.0504012,1,0.08490566037735849,23,0.2626130041871706,1,Q4,1
Atrial fibrillation,HEART,-0.14456935,11,0.08490566037735849,22,0.0571165465368054,0,Q3,0
Atrial fibrillation,HEART,-0.6314569,8,0.08490566037735849,22,0.0059094830078245,0,Q1,0
Atrial fibrillation,HEART,3.2741556,11,0.08490566037735849,22,0.3071483263681939,0,Q4,1
Atrial fibrillation,HEART,-0.38130566,5,0.08490566037735849,22,0.1957466216770463,0,Q2,0
Atrial fibrillation,HEART,0.41279498,7,0.08490566037735849,22,0.1496486533447741,0,Q3,0
Atrial fibrillation,HEART,1.3975544,10,0.08490566037735849,22,0.9959744917199852,0,Q4,1
Atrial fibrillation,HEART,-0.05991279,9,0.08490566037735849,22,0.4660694844748617,0,Q3,0
Atrial fibrillation,HEART,-0.50707537,9,0.08490566037735849,22,0.2674306047105246,0,Q1,0
Atrial fibrillation,HEART,-0.18084724,11,0.08490566037735849,22,0.3350828764086368,0,Q3,0
Atrial fibrillation,HEART,-0.139506,7,0.08490566037735849,21,0.0606272951475841,0,Q3,0
Atrial fibrillation,HEART,0.3675258,1,0.08490566037735849,21,0.3024720029139839,1,Q3,0
Atrial fibrillation,HEART,-0.27221042,7,0.08490566037735849,20,0.998072095201047,0,Q2,0
Atrial fibrillation,HEART,-0.36368805,10,0.08490566037735849,20,0.7367883795691982,0,Q2,0
Atrial fibrillation,HEART,-0.51239115,3,0.08490566037735849,20,0.6696247780435888,0,Q1,0
Atrial fibrillation,HEART,-0.43780458,3,0.08490566037735849,20,0.088868744623346,0,Q2,0
Atrial fibrillation,HEART,-0.3112365,8,0.08490566037735849,20,0.1181894406691882,0,Q2,0
Atrial fibrillation,HEART,0.8997273,11,0.08490566037735849,19,0.9804901213980608,0,Q4,1
Atrial fibrillation,HEART,2.9165049,4,0.08490566037735849,19,0.6138827791819529,0,Q4,1
Atrial fibrillation,HEART,-0.4570149,5,0.08490566037735849,19,1.0,0,Q2,0
Atrial fibrillation,HEART,0.3925583,11,0.08490566037735849,19,0.9706001567242653,0,Q3,0
Atrial fibrillation,HEART,-0.22836278,8,0.08490566037735849,19,0.1999089555258182,0,Q2,0
Atrial fibrillation,HEART,3.2688706,8,0.08490566037735849,18,0.1841266202546975,0,Q4,1
Atrial fibrillation,HEART,4.9777875,4,0.08490566037735849,18,0.7609545974783413,0,Q4,1
Atrial fibrillation,HEART,-0.5017231,10,0.08490566037735849,18,0.1224688967213046,0,Q1,0
Atrial fibrillation,HEART,-0.4113955,11,0.08490566037735849,18,0.7234889056935137,0,Q2,0
Atrial fibrillation,HEART,6.250958,1,0.08490566037735849,18,0.2640624448294353,1,Q4,1
Atrial fibrillation,HEART,-0.13176803,8,0.08490566037735849,17,0.141068406591387,0,Q3,0
Atrial fibrillation,HEART,-0.21891604,6,0.08490566037735849,17,0.1008390726778543,0,Q3,0
Atrial fibrillation,HEART,-0.21851891,9,0.08490566037735849,17,0.904450918346878,0,Q3,0
Atrial fibrillation,HEART,-0.21568455,5,0.08490566037735849,17,0.2511178141273678,0,Q3,0
Atrial fibrillation,HEART,-0.6239371,9,0.08490566037735849,17,0.3004922002717902,0,Q1,0
Atrial fibrillation,HEART,-0.37082008,8,0.08490566037735849,17,0.8247837042416504,0,Q2,0
Atrial fibrillation,HEART,-0.31356847,8,0.08490566037735849,17,0.3055721731496081,0,Q2,0
Atrial fibrillation,HEART,6.3342533,1,0.08490566037735849,17,0.7927757273648623,1,Q4,1
Atrial fibrillation,HEART,-0.4780049,10,0.08490566037735849,17,0.0336038967167399,0,Q1,0
Atrial fibrillation,HEART,0.10886957,2,0.08490566037735849,17,0.121186254050566,0,Q3,0
Atrial fibrillation,HEART,-0.5120227,11,0.08490566037735849,17,0.3728659615610958,0,Q1,0
Atrial fibrillation,HEART,-0.32518607,10,0.08490566037735849,17,0.852408934731641,0,Q2,0
Atrial fibrillation,HEART,1.6199658,7,0.08490566037735849,17,0.5050506664469523,0,Q4,1
Atrial fibrillation,HEART,0.21342754,8,0.08490566037735849,17,0.1104174473035059,0,Q3,0
Atrial fibrillation,HEART,1.7534751,7,0.08490566037735849,17,0.2056755564967317,0,Q4,1
Atrial fibrillation,HEART,4.1715755,2,0.08490566037735849,16,0.0573734837300854,0,Q4,1
Atrial fibrillation,HEART,-0.22014908,8,0.08490566037735849,16,0.4676621852143597,0,Q3,0
Atrial fibrillation,HEART,1.2395854,3,0.08490566037735849,16,1.0,0,Q4,1
Atrial fibrillation,HEART,0.12652548,5,0.08490566037735849,16,0.0094178809748288,0,Q3,0
Atrial fibrillation,HEART,-0.3692819,4,0.08490566037735849,16,0.9638951491173426,0,Q2,0
Atrial fibrillation,HEART,-0.28614333,3,0.08490566037735849,16,0.3329332169453337,0,Q2,0
Atrial fibrillation,HEART,-0.5204975,9,0.08490566037735849,16,0.8320510935894875,0,Q1,0
Atrial fibrillation,HEART,-0.5136839,11,0.08490566037735849,16,0.3194408430471241,0,Q1,0
Atrial fibrillation,HEART,-0.4797532,11,0.08490566037735849,16,0.1019647997335094,0,Q1,0
Atrial fibrillation,HEART,2.7693136,6,0.08490566037735849,16,0.1206261470951292,0,Q4,1
Atrial fibrillation,HEART,-0.4664647,5,0.08490566037735849,16,0.3164360902584665,0,Q1,0
Atrial fibrillation,HEART,-0.08587499,2,0.08490566037735849,16,1.0,0,Q3,0
Atrial fibrillation,HEART,-0.18502451,10,0.08490566037735849,16,0.1373731549843076,0,Q3,0
Atrial fibrillation,HEART,-0.49081942,2,0.08490566037735849,15,0.9752179224045484,0,Q1,0
Atrial fibrillation,HEART,0.415456,8,0.08490566037735849,15,0.2854681212319053,0,Q3,0
Atrial fibrillation,HEART,-0.02683108,3,0.08490566037735849,15,0.0960044190411494,0,Q3,0
Atrial fibrillation,HEART,-0.18170296,8,0.08490566037735849,15,0.188115999791121,0,Q3,0
Atrial fibrillation,HEART,0.21425167,2,0.08490566037735849,15,0.9879372368240316,0,Q3,0
Atrial fibrillation,HEART,-0.33229554,4,0.08490566037735849,15,0.9747554522512908,0,Q2,0
Heart rate,HEART,-0.6582553,8,0.08490566037735849,316,0.8290161398084582,0,Q1,0
Heart rate,HEART,-0.10253447,11,0.08490566037735849,162,0.9999999960339904,0,Q3,0
Heart rate,HEART,-0.634278,9,0.08490566037735849,156,0.8221229584998332,0,Q1,0
Heart rate,HEART,6.4965677,2,0.08490566037735849,129,0.3163965159462312,0,Q4,1
Heart rate,HEART,2.5838811,4,0.08490566037735849,117,0.9864297172715648,0,Q4,1
Heart rate,HEART,4.014566,4,0.08490566037735849,78,0.7428954687190382,0,Q4,1
Heart rate,HEART,-0.091580614,6,0.08490566037735849,78,0.9413509487994656,0,Q3,0
Heart rate,HEART,-0.3322845,2,0.08490566037735849,75,0.5609766070999607,0,Q2,0
Heart rate,HEART,-0.6455421,9,0.08490566037735849,73,0.222036609166141,0,Q1,0
Heart rate,HEART,-0.5063452,10,0.08490566037735849,68,0.1908301161906831,0,Q1,0
Heart rate,HEART,0.092847176,6,0.08490566037735849,65,0.1964742358237108,0,Q3,0
Heart rate,HEART,0.8199799,1,0.08490566037735849,64,0.482943421156304,1,Q4,1
Heart rate,HEART,3.046641,10,0.08490566037735849,62,0.3897345648461195,0,Q4,1
Heart rate,HEART,-0.018738303,3,0.08490566037735849,62,0.3091712110156662,0,Q3,0
Heart rate,HEART,-0.3861737,5,0.08490566037735849,58,0.1042150924647846,0,Q2,0
Heart rate,HEART,0.8997273,11,0.08490566037735849,54,0.9999824571801758,0,Q4,1
Heart rate,HEART,14.736772,8,0.08490566037735849,52,0.6972710139869568,0,Q4,1
Heart rate,HEART,0.5368281,1,0.08490566037735849,46,0.7994961108451343,1,Q4,0
Heart rate,HEART,-0.45724526,10,0.08490566037735849,44,0.1498477375207692,0,Q2,0
Heart rate,HEART,0.40374848,2,0.08490566037735849,40,0.0909687698501567,0,Q3,0
Heart rate,HEART,6.4644523,4,0.08490566037735849,40,0.649887370950448,0,Q4,1
Heart rate,HEART,-0.40402117,8,0.08490566037735849,37,0.2827539112179122,0,Q2,0
Heart rate,HEART,7.1574726,1,0.08490566037735849,37,0.7541405598754537,1,Q4,1
Heart rate,HEART,-0.44802618,11,0.08490566037735849,37,0.1375781181940493,0,Q2,0
Heart rate,HEART,1.4383999,1,0.08490566037735849,37,0.8993855355345588,1,Q4,1
Heart rate,HEART,-0.5989628,9,0.08490566037735849,37,0.0738903693997848,0,Q1,0
Heart rate,HEART,-0.33791593,6,0.08490566037735849,36,0.9999999973708232,0,Q2,0
Heart rate,HEART,-0.55191845,10,0.08490566037735849,36,0.1624347017803775,0,Q1,0
Heart rate,HEART,0.0330884,6,0.08490566037735849,35,0.6147616373972246,0,Q3,0
Heart rate,HEART,-0.4869089,5,0.08490566037735849,35,0.9986920409327052,0,Q1,0
Heart rate,HEART,-0.52486646,9,0.08490566037735849,35,0.4536930276456906,0,Q1,0
Heart rate,HEART,-0.4279904,10,0.08490566037735849,34,0.1842044971231355,0,Q2,0
Heart rate,HEART,-0.5884427,2,0.08490566037735849,31,0.9169271743550246,0,Q1,0
Heart rate,HEART,2.478724,8,0.08490566037735849,31,0.9875578593903044,0,Q4,1
Heart rate,HEART,6.198384,7,0.08490566037735849,31,0.7917595116938514,0,Q4,1
Heart rate,HEART,-0.44189388,11,0.08490566037735849,30,0.067695217368887,0,Q2,0
Heart rate,HEART,0.21727447,10,0.08490566037735849,29,0.97132897415531,0,Q3,0
Heart rate,HEART,-0.47629482,8,0.08490566037735849,29,0.9999944326758148,0,Q1,0
Heart rate,HEART,-0.07941336,3,0.08490566037735849,28,0.3571866624694859,0,Q3,0
Heart rate,HEART,-0.62778693,5,0.08490566037735849,28,0.124278130507785,0,Q1,0
Heart rate,HEART,-0.51756614,10,0.08490566037735849,27,0.9187608505994566,0,Q1,0
Heart rate,HEART,1.4952004,1,0.08490566037735849,26,0.2560613690053894,1,Q4,1
Heart rate,HEART,0.2565539,11,0.08490566037735849,26,0.8860173149322451,0,Q3,0
Heart rate,HEART,0.1886201,1,0.08490566037735849,25,0.1198890896894738,1,Q3,0
Heart rate,HEART,1.5017669,3,0.08490566037735849,25,0.9963349845664954,0,Q4,1
Heart rate,HEART,-0.5844403,5,0.08490566037735849,25,0.33638391198091,0,Q1,0
Heart rate,HEART,4.2408476,3,0.08490566037735849,25,0.6694922720601576,0,Q4,1
Heart rate,HEART,3.1853986,4,0.08490566037735849,24,0.0483633703788569,0,Q4,1
Heart rate,HEART,-0.008301254,11,0.08490566037735849,24,0.8598669179023195,0,Q3,0
Heart rate,HEART,-0.49782744,9,0.08490566037735849,23,0.1921033035376826,0,Q1,0
Heart rate,HEART,-0.40228516,10,0.08490566037735849,23,0.174480093127477,0,Q2,0
Heart rate,HEART,0.7144991,1,0.08490566037735849,23,0.1115011488342357,1,Q4,0
Heart rate,HEART,-0.58777815,4,0.08490566037735849,23,0.3410434354286393,0,Q1,0
Heart rate,HEART,-0.2717261,4,0.08490566037735849,23,0.4715548217009779,0,Q2,0
Heart rate,HEART,0.29965955,3,0.08490566037735849,23,0.0616176127250409,0,Q3,0
Heart rate,HEART,-0.35798436,3,0.08490566037735849,22,0.9979735354143506,0,Q2,0
Heart rate,HEART,0.2228286,2,0.08490566037735849,22,1.0,0,Q3,0
Heart rate,HEART,-0.5891099,10,0.08490566037735849,22,0.3647125248014167,0,Q1,0
Heart rate,HEART,-0.3894101,9,0.08490566037735849,22,0.5561394544162859,0,Q2,0
Heart rate,HEART,-0.6041262,8,0.08490566037735849,22,0.0594738638665612,0,Q1,0
Heart rate,HEART,3.3820393,1,0.08490566037735849,21,0.7473844636423653,1,Q4,1
Heart rate,HEART,-0.40111277,2,0.08490566037735849,21,0.2509581711731664,0,Q2,0
Heart rate,HEART,0.37579992,3,0.08490566037735849,21,0.315803833099095,0,Q3,0
Heart rate,HEART,0.6905436,10,0.08490566037735849,21,0.2306749326421035,0,Q4,0
Heart rate,HEART,-0.6409091,8,0.08490566037735849,21,0.2690640629674623,0,Q1,0
Heart rate,HEART,0.7751664,4,0.08490566037735849,21,0.0958836986959437,0,Q4,1
Heart rate,HEART,0.89312,8,0.08490566037735849,21,0.1143983514217554,0,Q4,1
Heart rate,HEART,0.13565834,10,0.08490566037735849,20,0.074107452801916,0,Q3,0
Heart rate,HEART,-0.33572423,10,0.08490566037735849,20,1.0,0,Q2,0
Heart rate,HEART,2.827044,7,0.08490566037735849,20,1.0,0,Q4,1
Heart rate,HEART,0.5415578,2,0.08490566037735849,20,0.6789954586448246,0,Q4,0
Heart rate,HEART,0.04341848,9,0.08490566037735849,20,0.1794172572720778,0,Q3,0
Heart rate,HEART,12.579754,3,0.08490566037735849,20,1.0,0,Q4,1
Heart rate,HEART,0.6943539,1,0.08490566037735849,20,0.9248666023924564,1,Q4,0
Heart rate,HEART,-0.16179384,4,0.08490566037735849,20,0.6369260087042109,0,Q3,0
Heart rate,HEART,-0.3810804,2,0.08490566037735849,20,0.2025592928372682,0,Q2,0
Heart rate,HEART,-0.07799292,9,0.08490566037735849,20,0.1756630175170633,0,Q3,0
Heart rate,HEART,-0.13751955,9,0.08490566037735849,20,1.0,0,Q3,0
Heart rate,HEART,0.36065036,3,0.08490566037735849,19,0.9909705997744136,0,Q3,0
Heart rate,HEART,-0.3767776,8,0.08490566037735849,19,0.4337838086540876,0,Q2,0
Heart rate,HEART,-0.6376156,8,0.08490566037735849,19,0.30770422899661,0,Q1,0
Heart rate,HEART,-0.040504735,3,0.08490566037735849,19,0.8896555226577976,0,Q3,0
Heart rate,HEART,0.5970646,9,0.08490566037735849,19,0.2250309040439654,0,Q4,0
Heart rate,HEART,4.6588645,5,0.08490566037735849,19,0.8775589663330318,0,Q4,1
Heart rate,HEART,10.865339,6,0.08490566037735849,19,0.6160824445490221,0,Q4,1
Heart rate,HEART,-0.42937765,11,0.08490566037735849,19,0.1559721637892176,0,Q2,0
Heart rate,HEART,0.1166266,10,0.08490566037735849,19,0.0645557239742304,0,Q3,0
Heart rate,HEART,-0.048344284,6,0.08490566037735849,19,0.2983721641948231,0,Q3,0
Heart rate,HEART,-0.28147948,8,0.08490566037735849,19,0.0445733057127083,0,Q2,0
Heart rate,HEART,-0.20792507,8,0.08490566037735849,18,0.6894734771213693,0,Q3,0
Heart rate,HEART,3.8419533,8,0.08490566037735849,18,0.9968155294264748,0,Q4,1
Heart rate,HEART,-0.5337447,4,0.08490566037735849,18,0.2287845524147802,0,Q1,0
Heart rate,HEART,0.63795227,2,0.08490566037735849,18,0.0639601629610667,0,Q4,0
Heart rate,HEART,0.14411908,2,0.08490566037735849,18,0.0901603481732989,0,Q3,0
Heart rate,HEART,-0.56634814,10,0.08490566037735849,18,0.2125431563585114,0,Q1,0
Heart rate,HEART,-0.446283,7,0.08490566037735849,18,0.0600930252996393,0,Q2,0
Heart rate,HEART,-0.1891003,7,0.08490566037735849,17,0.5521976395519796,0,Q3,0
Heart rate,HEART,1.0944009,4,0.08490566037735849,17,0.0684205317790291,0,Q4,1
Heart rate,HEART,-0.21504699,3,0.08490566037735849,17,0.4574636635136158,0,Q3,0
Heart rate,HEART,-0.30370706,2,0.08490566037735849,17,0.012202503978291,0,Q2,0
Heart rate,HEART,-0.11966207,1,0.08490566037735849,17,0.0887395226402346,1,Q3,0
Heart rate,HEART,-0.022985365,11,0.08490566037735849,16,0.0899430119967832,0,Q3,0
Heart rate,HEART,3.9381402,4,0.08490566037735849,16,0.5137950352719594,0,Q4,1
Heart rate,HEART,2.372561,6,0.08490566037735849,16,0.9992296562387974,0,Q4,1
Heart rate,HEART,-0.45610043,10,0.08490566037735849,16,0.362259649765871,0,Q2,0
Heart rate,HEART,0.28717226,4,0.08490566037735849,16,0.999951383909279,0,Q3,0
Heart rate,HEART,-0.34113717,3,0.08490566037735849,16,0.1602807935408134,0,Q2,0
Heart rate,HEART,-0.6247951,8,0.08490566037735849,16,0.0264425457537492,0,Q1,0
Heart rate,HEART,-0.011831012,7,0.08490566037735849,16,0.8552869233561691,0,Q3,0
Heart rate,HEART,-0.5831599,9,0.08490566037735849,16,0.0281827957160151,0,Q1,0
Heart rate,HEART,-0.3432305,8,0.08490566037735849,16,0.1305586066196714,0,Q2,0
Heart rate,HEART,-0.5112471,9,0.08490566037735849,16,0.3771477414246089,0,Q1,0
Heart rate,HEART,0.20643738,4,0.08490566037735849,16,0.0594104501666235,0,Q3,0
Heart rate,HEART,-0.726672,7,0.08490566037735849,16,0.0764407999735614,0,Q1,0
Heart rate,HEART,-0.1403305,11,0.08490566037735849,16,0.2406352373583625,0,Q3,0
Heart rate,HEART,-0.32461804,5,0.08490566037735849,15,0.0455087571941597,0,Q2,0
Heart rate,HEART,-0.5777818,8,0.08490566037735849,15,0.0948258932144004,0,Q1,0
Heart rate,HEART,-0.39765364,5,0.08490566037735849,15,0.2696482651131123,0,Q2,0
Heart rate,HEART,2.2948034,5,0.08490566037735849,15,0.650646682165034,0,Q4,1
Heart rate,HEART,-0.23809351,8,0.08490566037735849,15,0.4777101360953145,0,Q2,0
Heart rate,HEART,-0.057716135,8,0.08490566037735849,15,0.0428549550850046,0,Q3,0
Heart rate,HEART,-0.39524034,10,0.08490566037735849,15,0.4352312170949255,0,Q2,0
Heart rate,HEART,-0.5302476,7,0.08490566037735849,15,0.756646456181432,0,Q1,0
Heart rate,HEART,0.111719064,7,0.08490566037735849,15,0.0949446300795033,0,Q3,0
Heart rate,HEART,-0.45503953,3,0.08490566037735849,15,0.0892926865741778,0,Q2,0
Heart rate,HEART,2.1250036,1,0.08490566037735849,15,0.7594945137973085,1,Q4,1
Heart rate,HEART,-0.4153088,4,0.08490566037735849,15,0.0609086232492588,0,Q2,0
Heart rate,HEART,2.7140605,2,0.08490566037735849,15,0.4258676977126018,0,Q4,1
Heart rate,HEART,14.415617,1,0.08490566037735849,15,0.5558356244550313,1,Q4,1
Heart rate,HEART,0.91119653,10,0.08490566037735849,15,0.2685015563577911,0,Q4,1
Heart rate,HEART,-0.29071036,7,0.08490566037735849,15,0.1401175904955965,0,Q2,0
Heart rate,HEART,-0.47864348,3,0.08490566037735849,14,0.1824482803934633,0,Q1,0
Heart rate,HEART,-0.071298644,10,0.08490566037735849,14,0.0963279046547241,0,Q3,0
Heart rate,HEART,2.5851996,3,0.08490566037735849,14,0.9448040761688564,0,Q4,1
Heart rate,HEART,-0.13744321,10,0.08490566037735849,14,0.0967198226622064,0,Q3,0
Heart rate,HEART,-0.6118273,11,0.08490566037735849,14,0.0996230036552134,0,Q1,0
Heart rate,HEART,-0.4221027,8,0.08490566037735849,14,0.0958355177192821,0,Q2,0
Heart rate,HEART,1.5627006,2,0.08490566037735849,14,0.2310686776072167,0,Q4,1
Heart rate,HEART,3.253876,1,0.08490566037735849,14,0.169112120185796,1,Q4,1
Heart rate,HEART,2.800855,8,0.08490566037735849,14,0.0384257754409222,0,Q4,1
Heart rate,HEART,0.0625441,8,0.08490566037735849,14,0.9937983762551128,0,Q3,0
Heart rate,HEART,4.858091,3,0.08490566037735849,14,0.2523690003505085,0,Q4,1
Heart rate,HEART,-0.06877999,3,0.08490566037735849,14,0.0322657128504602,0,Q3,0
Heart rate,HEART,-0.2756049,2,0.08490566037735849,14,0.1770455401420882,0,Q2,0
Heart rate,HEART,-0.5869443,10,0.08490566037735849,14,0.6620612684210969,0,Q1,0
Heart rate,HEART,12.618406,2,0.08490566037735849,14,0.2149096458084038,0,Q4,1
Heart rate,HEART,-0.39203736,10,0.08490566037735849,14,0.1517114115312535,0,Q2,0
Heart rate,HEART,-0.013482227,9,0.08490566037735849,14,0.3477921475966014,0,Q3,0
Heart rate,HEART,-0.12451521,9,0.08490566037735849,14,0.2480483463470879,0,Q3,0
Heart rate,HEART,0.4941847,11,0.08490566037735849,14,0.1224212156201904,0,Q4,0
Coronary artery disease,ARTERY,0.05760909,6,0.0440251572327044,278,0.999967940531002,0,Q3,0
Coronary artery disease,ARTERY,-0.366942,7,0.0440251572327044,233,1.0,0,Q2,0
Coronary artery disease,ARTERY,-0.5627655,7,0.0440251572327044,186,0.90209459089122,0,Q1,0
Coronary artery disease,ARTERY,-0.25421137,8,0.0440251572327044,142,0.999999999831175,0,Q2,0
Coronary artery disease,ARTERY,-0.47831985,9,0.0440251572327044,116,0.9999999999997442,0,Q1,0
Coronary artery disease,ARTERY,0.30489758,1,0.0440251572327044,114,1.0,1,Q3,0
Coronary artery disease,ARTERY,-0.40411478,4,0.0440251572327044,113,0.7453491224792838,0,Q2,0
Coronary artery disease,ARTERY,-0.39063373,6,0.0440251572327044,107,0.9999999999999716,0,Q2,0
Coronary artery disease,ARTERY,0.012987575,6,0.0440251572327044,93,0.98182746793193,0,Q3,0
Coronary artery disease,ARTERY,-0.35025138,6,0.0440251572327044,81,1.0,0,Q2,0
Coronary artery disease,ARTERY,21.722971,3,0.0440251572327044,57,0.8671313435674127,0,Q4,1
Coronary artery disease,ARTERY,-0.4063985,9,0.0440251572327044,50,0.9999267979456206,0,Q2,0
Coronary artery disease,ARTERY,-0.6191435,6,0.0440251572327044,50,0.999999470957986,0,Q1,0
Coronary artery disease,ARTERY,-0.5241839,4,0.0440251572327044,49,1.0,0,Q1,0
Coronary artery disease,ARTERY,0.50063646,8,0.0440251572327044,46,0.9999998993526212,0,Q4,1
Coronary artery disease,ARTERY,-0.5110658,7,0.0440251572327044,44,1.0,0,Q1,0
Coronary artery disease,ARTERY,-0.47654715,10,0.0440251572327044,44,0.3485303614526343,0,Q1,0
Coronary artery disease,ARTERY,0.08482389,9,0.0440251572327044,42,0.9998808921894342,0,Q3,0
Coronary artery disease,ARTERY,0.14120944,7,0.0440251572327044,42,1.0,0,Q3,0
Coronary artery disease,ARTERY,-0.47350505,6,0.0440251572327044,38,0.1498173195261953,0,Q1,0
Coronary artery disease,ARTERY,0.102115355,2,0.0440251572327044,35,0.9706377888158974,0,Q3,0
Coronary artery disease,ARTERY,2.0304575,2,0.0440251572327044,34,1.0,0,Q4,1
Coronary artery disease,ARTERY,-0.09451177,9,0.0440251572327044,33,0.2313028755383623,0,Q3,0
Coronary artery disease,ARTERY,-0.50903153,1,0.0440251572327044,33,0.7005270830994049,1,Q1,0
Coronary artery disease,ARTERY,-0.59074676,4,0.0440251572327044,33,0.501408776372859,0,Q1,0
Coronary artery disease,ARTERY,3.809827,1,0.0440251572327044,32,1.0,1,Q4,1
Coronary artery disease,ARTERY,-0.51655936,9,0.0440251572327044,31,0.6950751855688642,0,Q1,0
Coronary artery disease,ARTERY,-0.43052372,4,0.0440251572327044,30,0.5167072056599837,0,Q2,0
Coronary artery disease,ARTERY,0.74359393,3,0.0440251572327044,30,0.3864215286616931,0,Q4,1
Coronary artery disease,ARTERY,-0.43324044,7,0.0440251572327044,29,0.4332492231259664,0,Q2,0
Coronary artery disease,ARTERY,1.5070052,4,0.0440251572327044,28,0.99999999997155,0,Q4,1
Coronary artery disease,ARTERY,1.9302675,1,0.0440251572327044,28,0.3950464610356181,1,Q4,1
Coronary artery disease,ARTERY,-0.107775874,4,0.0440251572327044,25,0.9998987922859028,0,Q3,0
Coronary artery disease,ARTERY,-0.59208673,7,0.0440251572327044,24,0.4206837487777338,0,Q1,0
Coronary artery disease,ARTERY,3.373136,1,0.0440251572327044,24,0.8891839702626312,1,Q4,1
Coronary artery disease,ARTERY,0.75798106,5,0.0440251572327044,24,0.9999999997380656,0,Q4,1
Coronary artery disease,ARTERY,-0.51366174,9,0.0440251572327044,24,0.2386909853498007,0,Q1,0
Coronary artery disease,ARTERY,0.64244604,8,0.0440251572327044,23,1.0,0,Q4,1
Coronary artery disease,ARTERY,-0.5609263,9,0.0440251572327044,23,0.3623622978012085,0,Q1,0
Coronary artery disease,ARTERY,0.33897802,6,0.0440251572327044,22,0.9538776474263976,0,Q3,1
Coronary artery disease,ARTERY,-0.6609737,3,0.0440251572327044,22,0.3094006213428397,0,Q1,0
Coronary artery disease,ARTERY,-0.65401965,4,0.0440251572327044,22,0.5288264740817776,0,Q1,0
Coronary artery disease,ARTERY,0.53348595,7,0.0440251572327044,21,0.6817205405748096,0,Q4,1
Coronary artery disease,ARTERY,-0.41130805,11,0.0440251572327044,21,0.8570434946177924,0,Q2,0
Coronary artery disease,ARTERY,-0.44085833,5,0.0440251572327044,21,1.0,0,Q2,0
Coronary artery disease,ARTERY,-0.4727962,6,0.0440251572327044,21,0.9999999769049244,0,Q1,0
Coronary artery disease,ARTERY,0.25992414,7,0.0440251572327044,20,0.9999999999385024,0,Q3,0
Coronary artery disease,ARTERY,-0.3649871,3,0.0440251572327044,20,0.6838964625831021,0,Q2,0
Coronary artery disease,ARTERY,24.72089,2,0.0440251572327044,20,0.7822288637692407,0,Q4,1
Coronary artery disease,ARTERY,0.062953725,2,0.0440251572327044,20,0.6276272047811452,0,Q3,0
Coronary artery disease,ARTERY,-0.36837786,4,0.0440251572327044,20,1.0,0,Q2,0
Coronary artery disease,ARTERY,-0.034641996,5,0.0440251572327044,20,0.5286590800317252,0,Q3,0
Coronary artery disease,ARTERY,-0.34117547,9,0.0440251572327044,19,0.7381660784887843,0,Q2,0
Coronary artery disease,ARTERY,0.19597939,3,0.0440251572327044,19,0.4067947426361844,0,Q3,0
Coronary artery disease,ARTERY,3.3802032,6,0.0440251572327044,19,0.4603314467107562,0,Q4,1
Coronary artery disease,ARTERY,2.6022882,4,0.0440251572327044,19,0.999997154486762,0,Q4,1
Coronary artery disease,ARTERY,-0.4201349,8,0.0440251572327044,19,0.4417367904002986,0,Q2,0
Coronary artery disease,ARTERY,1.7225862,9,0.0440251572327044,18,0.9999999996089172,0,Q4,1
Coronary artery disease,ARTERY,-0.260905,8,0.0440251572327044,18,0.2711521328820172,0,Q2,0
Coronary artery disease,ARTERY,-0.091257825,3,0.0440251572327044,18,0.2147561576172713,0,Q3,0
Coronary artery disease,ARTERY,-0.20621178,1,0.0440251572327044,18,0.852036969029635,1,Q3,0
Coronary artery disease,ARTERY,-0.037558332,1,0.0440251572327044,18,0.4497850595369096,1,Q3,0
Coronary artery disease,ARTERY,-0.4783294,7,0.0440251572327044,18,0.1239226955358377,0,Q1,0
Coronary artery disease,ARTERY,-0.13061765,6,0.0440251572327044,18,0.999992223176604,0,Q3,0
Coronary artery disease,ARTERY,0.8039218,2,0.0440251572327044,18,0.0409027801299129,0,Q4,1
Coronary artery disease,ARTERY,-0.39427105,5,0.0440251572327044,17,0.9999798498354882,0,Q2,0
Coronary artery disease,ARTERY,1.7412533,1,0.0440251572327044,17,0.999978935879116,1,Q4,1
Coronary artery disease,ARTERY,-0.14456,2,0.0440251572327044,17,0.6735374416837702,0,Q3,0
Coronary artery disease,ARTERY,0.31550866,1,0.0440251572327044,16,0.2632054130675825,1,Q3,0
Coronary artery disease,ARTERY,-0.58190286,7,0.0440251572327044,16,0.0414715505032606,0,Q1,0
Coronary artery disease,ARTERY,-0.5375491,7,0.0440251572327044,16,0.7728784747094819,0,Q1,0
Coronary artery disease,ARTERY,-0.5364254,2,0.0440251572327044,16,0.6632755886239317,0,Q1,0
Coronary artery disease,ARTERY,0.024965629,8,0.0440251572327044,16,0.817935159763297,0,Q3,0
Coronary artery disease,ARTERY,-0.2258108,9,0.0440251572327044,16,0.2307382539922729,0,Q2,0
Coronary artery disease,ARTERY,0.30733696,6,0.0440251572327044,16,1.0,0,Q3,0
Coronary artery disease,ARTERY,-0.050523244,4,0.0440251572327044,15,0.3108179626241953,0,Q3,0
Coronary artery disease,ARTERY,-0.1696977,6,0.0440251572327044,15,0.7134906980385536,0,Q3,0
Coronary artery disease,ARTERY,-0.3966837,4,0.0440251572327044,15,0.1311019943930945,0,Q2,0
Coronary artery disease,ARTERY,-0.41324455,5,0.0440251572327044,15,0.2970469702074617,0,Q2,0
Coronary artery disease,ARTERY,-0.2528022,3,0.0440251572327044,15,0.1881278990595981,0,Q2,0
Coronary artery disease,ARTERY,-0.39357385,7,0.0440251572327044,15,0.1325040676074665,0,Q2,0
Coronary artery disease,ARTERY,-0.13968074,2,0.0440251572327044,15,0.028008024161405,0,Q3,0
Coronary artery disease,ARTERY,-0.4566269,10,0.0440251572327044,15,0.2595874165406544,0,Q2,0
Coronary artery disease,ARTERY,-0.43722665,4,0.0440251572327044,15,0.0819436682809373,0,Q2,0
Coronary artery disease,ARTERY,-0.14051817,8,0.0440251572327044,14,0.2434782110651814,0,Q3,0
Coronary artery disease,ARTERY,-0.5397554,4,0.0440251572327044,14,0.2621911781881201,0,Q1,0
Coronary artery disease,ARTERY,-0.5387152,9,0.0440251572327044,14,0.1671081348282979,0,Q1,0
Coronary artery disease,ARTERY,0.64627767,9,0.0440251572327044,14,0.3710115533247346,0,Q4,1
Coronary artery disease,ARTERY,0.0032185498,8,0.0440251572327044,14,0.4240419856237629,0,Q3,0
Coronary artery disease,ARTERY,-0.6836369,8,0.0440251572327044,14,0.97925415693207,0,Q1,0
Coronary artery disease,ARTERY,1.3085437,3,0.0440251572327044,14,0.1329594299875809,0,Q4,1
Coronary artery disease,ARTERY,1.1752508,1,0.0440251572327044,14,0.999698739476826,1,Q4,1
Coronary artery disease,ARTERY,0.10130137,1,0.0440251572327044,14,0.291784967961406,1,Q3,0
Coronary artery disease,ARTERY,-0.26668775,5,0.0440251572327044,14,0.2558626279209809,0,Q2,0
Coronary artery disease,ARTERY,-0.5985855,5,0.0440251572327044,14,0.082453009235637,0,Q1,0
Coronary artery disease,ARTERY,-0.64005804,8,0.0440251572327044,14,0.1213212329074018,0,Q1,0
Coronary artery disease,ARTERY,-0.5482867,7,0.0440251572327044,14,0.0589979227991237,0,Q1,0
Coronary artery disease,ARTERY,3.2335427,2,0.0440251572327044,13,0.5671413505414219,0,Q4,1
Coronary artery disease,ARTERY,-0.40513495,5,0.0440251572327044,13,0.2314568058257932,0,Q2,0
Coronary artery disease,ARTERY,0.7486305,6,0.0440251572327044,13,0.9737203374700676,0,Q4,1
Coronary artery disease,ARTERY,1.289177,6,0.0440251572327044,13,0.7455379001707306,0,Q4,1
Coronary artery disease,ARTERY,-0.1697185,3,0.0440251572327044,13,1.0,0,Q3,0
Coronary artery disease,ARTERY,-0.43907583,8,0.0440251572327044,13,0.7019898541745064,0,Q2,0
Coronary artery disease,ARTERY,-0.67081934,10,0.0440251572327044,13,0.9938687629249302,0,Q1,0
Coronary artery disease,ARTERY,0.9562831,8,0.0440251572327044,13,0.7660110863472716,0,Q4,1
Coronary artery disease,ARTERY,4.261339,2,0.0440251572327044,13,0.6844072122403752,0,Q4,1
Coronary artery disease,ARTERY,-0.28007668,4,0.0440251572327044,13,0.1743916214544785,0,Q2,0
Coronary artery disease,ARTERY,-0.32045043,10,0.0440251572327044,13,0.2794575196180087,0,Q2,0
Coronary artery disease,ARTERY,-0.60632366,7,0.0440251572327044,13,0.28837159233259,0,Q1,0
Coronary artery disease,ARTERY,8.415468,1,0.0440251572327044,13,0.9960753080737946,1,Q4,1
Coronary artery disease,ARTERY,-0.37910786,9,0.0440251572327044,13,0.4862995189537497,0,Q2,0
Coronary artery disease,ARTERY,0.026480304,4,0.0440251572327044,13,0.999999761066846,0,Q3,0
Coronary artery disease,ARTERY,-0.19858688,11,0.0440251572327044,13,0.1942708671784752,0,Q3,0
Coronary artery disease,ARTERY,0.34671456,5,0.0440251572327044,12,0.7166850681697717,0,Q3,1
Coronary artery disease,ARTERY,-0.34460595,9,0.0440251572327044,12,0.9768554874267624,0,Q2,0
Coronary artery disease,ARTERY,-0.045611396,1,0.0440251572327044,12,0.1264661761218052,1,Q3,0
Coronary artery disease,ARTERY,-0.5583258,10,0.0440251572327044,12,0.4528799767041327,0,Q1,0
Coronary artery disease,ARTERY,-0.47160304,11,0.0440251572327044,12,0.3894290522666557,0,Q1,0
Coronary artery disease,ARTERY,-0.25404596,8,0.0440251572327044,12,0.0512149901551636,0,Q2,0
Coronary artery disease,ARTERY,0.5415578,1,0.0440251572327044,12,0.4421984162914841,1,Q4,1
Coronary artery disease,ARTERY,1.5377715,2,0.0440251572327044,12,0.1526349835242888,0,Q4,1
Coronary artery disease,ARTERY,0.14314115,2,0.0440251572327044,12,0.3077010844075952,0,Q3,0
Coronary artery disease,ARTERY,-0.16608486,10,0.0440251572327044,12,0.2496415417340814,0,Q3,0
Coronary artery disease,ARTERY,-0.25779742,4,0.0440251572327044,12,0.4644429308007187,0,Q2,0
Coronary artery disease,ARTERY,-0.32860774,9,0.0440251572327044,12,0.0653076442620048,0,Q2,0
Coronary artery disease,ARTERY,2.0987766,7,0.0440251572327044,12,0.4787103148713779,0,Q4,1
Coronary artery disease,ARTERY,-0.53431416,9,0.0440251572327044,12,0.3461677148895571,0,Q1,0
Coronary artery disease,ARTERY,0.017648213,5,0.0440251572327044,12,0.1621604140206589,0,Q3,0
Coronary artery disease,ARTERY,0.66346776,1,0.0440251572327044,12,0.2588556860304407,1,Q4,1
Coronary artery disease,ARTERY,-0.51660615,9,0.0440251572327044,11,0.185819219795722,0,Q1,0
Coronary artery disease,ARTERY,-0.28179234,1,0.0440251572327044,11,0.2774626156540657,1,Q2,0
Coronary artery disease,ARTERY,1.0762666,1,0.0440251572327044,11,0.6583789877727981,1,Q4,1
Coronary artery disease,ARTERY,3.0153322,1,0.0440251572327044,11,0.1504901482556546,1,Q4,1
Coronary artery disease,ARTERY,-0.08511179,7,0.0440251572327044,11,0.2072711416663678,0,Q3,0
Coronary artery disease,ARTERY,-0.36794338,8,0.0440251572327044,11,0.2668619148133312,0,Q2,0
Coronary artery disease,ARTERY,1.0838925,3,0.0440251572327044,11,0.3923592254907203,0,Q4,1
Coronary artery disease,ARTERY,1.1479237,5,0.0440251572327044,11,0.4882245841936762,0,Q4,1
Coronary artery disease,ARTERY,-0.5263999,9,0.0440251572327044,11,0.1084534758001547,0,Q1,0
Coronary artery disease,ARTERY,-0.61764765,6,0.0440251572327044,11,0.1281880677170297,0,Q1,0
Coronary artery disease,ARTERY,0.12889062,11,0.0440251572327044,11,0.312182821015368,0,Q3,0
Coronary artery disease,ARTERY,-0.015956927,1,0.0440251572327044,11,0.3827566052159689,1,Q3,0
Coronary artery disease,ARTERY,-0.50459903,5,0.0440251572327044,11,0.2556623907864905,0,Q1,0
Coronary artery disease,ARTERY,0.27905503,5,0.0440251572327044,11,0.0418356744293396,0,Q3,0
Coronary artery disease,ARTERY,-0.2697673,5,0.0440251572327044,11,0.0394755590869456,0,Q2,0
Coronary artery disease,ARTERY,0.26713523,5,0.0440251572327044,11,0.2968965033395778,0,Q3,0
Coronary artery disease,ARTERY,1.4928813,2,0.0440251572327044,11,0.1376473266874072,0,Q4,1
Coronary artery disease,ARTERY,1.2723141,8,0.0440251572327044,11,0.6291302280441848,0,Q4,1
Coronary artery disease,ARTERY,-0.33077186,7,0.0440251572327044,11,0.762194824276546,0,Q2,0
Coronary artery disease,ARTERY,-0.19415416,6,0.0440251572327044,11,0.3936297599692966,0,Q3,0
Coronary artery disease,ARTERY,-0.41681656,4,0.0440251572327044,11,0.0621733921134613,0,Q2,0
Systolic blood pressure,ARTERY,-0.59111506,7,0.0440251572327044,132,0.9772962137882818,0,Q1,0
Systolic blood pressure,ARTERY,0.3418942,3,0.0440251572327044,120,0.61442906796765,0,Q3,1
Systolic blood pressure,ARTERY,-0.5966991,7,0.0440251572327044,113,0.5481075724236018,0,Q1,0
Systolic blood pressure,ARTERY,1.7225862,9,0.0440251572327044,107,0.3320026762671574,0,Q4,1
Systolic blood pressure,ARTERY,0.9646502,1,0.0440251572327044,98,0.0720803658348156,1,Q4,1
Systolic blood pressure,ARTERY,-0.4404405,8,0.0440251572327044,80,0.991609338960698,0,Q2,0
Systolic blood pressure,ARTERY,-0.60508734,8,0.0440251572327044,68,0.5263161033414236,0,Q1,0
Systolic blood pressure,ARTERY,-0.5555154,8,0.0440251572327044,64,0.3916021112337945,0,Q1,0
Systolic blood pressure,ARTERY,6.198384,5,0.0440251572327044,64,0.9705483557981462,0,Q4,1
Systolic blood pressure,ARTERY,-0.20078355,4,0.0440251572327044,60,0.2807848362436885,0,Q3,0
Systolic blood pressure,ARTERY,-0.32993397,6,0.0440251572327044,54,0.4622660146212096,0,Q2,0
Systolic blood pressure,ARTERY,-0.2328525,5,0.0440251572327044,53,0.7348193222930173,0,Q2,0
Systolic blood pressure,ARTERY,0.61160165,2,0.0440251572327044,52,0.5926393812265066,0,Q4,1
Systolic blood pressure,ARTERY,-0.5127798,6,0.0440251572327044,51,0.5226345878861102,0,Q1,0
Systolic blood pressure,ARTERY,-0.64932823,7,0.0440251572327044,48,0.2928406688847317,0,Q1,0
Systolic blood pressure,ARTERY,-0.6511939,10,0.0440251572327044,47,0.3977229884893264,0,Q1,0
Systolic blood pressure,ARTERY,-0.30130416,10,0.0440251572327044,43,0.2261674549814292,0,Q2,0
Systolic blood pressure,ARTERY,-0.48458144,7,0.0440251572327044,42,0.9220037914227678,0,Q1,0
Systolic blood pressure,ARTERY,-0.32860097,1,0.0440251572327044,41,0.9999998811432232,1,Q2,0
Systolic blood pressure,ARTERY,0.116237484,2,0.0440251572327044,38,0.3864718132052253,0,Q3,1
Systolic blood pressure,ARTERY,8.003349,3,0.0440251572327044,35,0.9999994739572884,0,Q4,1
Systolic blood pressure,ARTERY,-0.53926,6,0.0440251572327044,34,0.1666192770225724,0,Q1,0
Systolic blood pressure,ARTERY,-0.2663967,3,0.0440251572327044,34,0.9787503665074458,0,Q2,0
Systolic blood pressure,ARTERY,0.55617195,5,0.0440251572327044,33,0.4280937843236157,0,Q4,1
Systolic blood pressure,ARTERY,0.4180009,1,0.0440251572327044,30,0.0139223122314076,1,Q3,1
Systolic blood pressure,ARTERY,-0.3247542,3,0.0440251572327044,29,0.2817926727014014,0,Q2,0
Systolic blood pressure,ARTERY,-0.6728865,9,0.0440251572327044,29,0.5733355609682002,0,Q1,0
Systolic blood pressure,ARTERY,0.41827485,3,0.0440251572327044,29,0.3691761214913717,0,Q3,1
Systolic blood pressure,ARTERY,-0.4391402,4,0.0440251572327044,28,0.609162357433299,0,Q2,0
Systolic blood pressure,ARTERY,-0.5927447,10,0.0440251572327044,27,0.113628027987592,0,Q1,0
Systolic blood pressure,ARTERY,-0.59539765,8,0.0440251572327044,27,0.1126060464354974,0,Q1,0
Systolic blood pressure,ARTERY,-0.5634534,7,0.0440251572327044,26,0.0631392863805745,0,Q1,0
Systolic blood pressure,ARTERY,-0.5284476,7,0.0440251572327044,25,0.2619689030402193,0,Q1,0
Systolic blood pressure,ARTERY,0.30489758,1,0.0440251572327044,23,0.9998052568714056,1,Q3,1
Systolic blood pressure,ARTERY,-0.5950015,6,0.0440251572327044,23,0.0290543232199816,0,Q1,0
Systolic blood pressure,ARTERY,-0.4593604,6,0.0440251572327044,23,0.4052724958045096,0,Q1,0
Systolic blood pressure,ARTERY,-0.24524733,6,0.0440251572327044,21,0.0519381373652742,0,Q2,0
Systolic blood pressure,ARTERY,-0.069596566,6,0.0440251572327044,21,0.0322035739996298,0,Q3,0
Systolic blood pressure,ARTERY,0.8595377,3,0.0440251572327044,20,0.3031657846987514,0,Q4,1
Systolic blood pressure,ARTERY,-0.07479862,1,0.0440251572327044,20,0.1674248735310835,1,Q3,0
Systolic blood pressure,ARTERY,3.8657186,6,0.0440251572327044,20,0.7786581842000403,0,Q4,1
Systolic blood pressure,ARTERY,7.7296333,5,0.0440251572327044,20,0.4251358911258664,0,Q4,1
Systolic blood pressure,ARTERY,-0.43491885,1,0.0440251572327044,20,0.0937206112568534,1,Q2,0
Systolic blood pressure,ARTERY,-0.5625798,4,0.0440251572327044,19,0.0218166836333825,0,Q1,0
Systolic blood pressure,ARTERY,-0.50558835,10,0.0440251572327044,19,0.1015191366526025,0,Q1,0
Systolic blood pressure,ARTERY,1.5553344,2,0.0440251572327044,19,0.568285637617713,0,Q4,1
Systolic blood pressure,ARTERY,-0.381745,5,0.0440251572327044,19,0.0174497531741738,0,Q2,0
Systolic blood pressure,ARTERY,-0.20052773,4,0.0440251572327044,18,0.101347610860895,0,Q3,0
Systolic blood pressure,ARTERY,-0.6177188,7,0.0440251572327044,18,0.1198309338182987,0,Q1,0
Systolic blood pressure,ARTERY,-0.39696306,8,0.0440251572327044,18,0.0095330045802,0,Q2,0
Systolic blood pressure,ARTERY,-0.41103894,5,0.0440251572327044,18,0.3068914255918986,0,Q2,0
Systolic blood pressure,ARTERY,-0.23692903,6,0.0440251572327044,17,0.0570560925812171,0,Q2,0
Systolic blood pressure,ARTERY,-0.6120027,8,0.0440251572327044,17,0.5436658875313736,0,Q1,0
Systolic blood pressure,ARTERY,0.7419493,7,0.0440251572327044,17,0.4843747479184245,0,Q4,1
Systolic blood pressure,ARTERY,-0.626029,5,0.0440251572327044,16,0.0477747688728197,0,Q1,0
Systolic blood pressure,ARTERY,-0.4110025,10,0.0440251572327044,16,0.519183105257469,0,Q2,0
Systolic blood pressure,ARTERY,-0.44617704,5,0.0440251572327044,16,0.0579074304474707,0,Q2,0
Systolic blood pressure,ARTERY,-0.4582891,9,0.0440251572327044,16,0.1028671676184817,0,Q2,0
Systolic blood pressure,ARTERY,-0.40374216,7,0.0440251572327044,16,0.3285934568441985,0,Q2,0
Systolic blood pressure,ARTERY,0.4194643,2,0.0440251572327044,15,0.5782600347447475,0,Q4,1
Systolic blood pressure,ARTERY,-0.31534997,8,0.0440251572327044,15,0.0813397118315601,0,Q2,0
Systolic blood pressure,ARTERY,-0.57947004,5,0.0440251572327044,15,0.2060270491247748,0,Q1,0
Systolic blood pressure,ARTERY,0.47008112,2,0.0440251572327044,15,0.3188392998094287,0,Q4,1
Systolic blood pressure,ARTERY,-0.49472097,8,0.0440251572327044,15,0.1099693322962835,0,Q1,0
Systolic blood pressure,ARTERY,-0.54338455,4,0.0440251572327044,15,0.2995702318134802,0,Q1,0
Systolic blood pressure,ARTERY,0.04911216,2,0.0440251572327044,15,0.4122173789567646,0,Q3,0
Systolic blood pressure,ARTERY,-0.15396027,4,0.0440251572327044,14,0.0464190347347693,0,Q3,0
Systolic blood pressure,ARTERY,-0.037370067,7,0.0440251572327044,14,1.0,0,Q3,0
Systolic blood pressure,ARTERY,-0.5460526,8,0.0440251572327044,14,0.1178091190518825,0,Q1,0
Systolic blood pressure,ARTERY,0.03850555,4,0.0440251572327044,14,0.7606864673205566,0,Q3,0
Systolic blood pressure,ARTERY,-0.11136369,2,0.0440251572327044,13,0.3319752224304058,0,Q3,0
Systolic blood pressure,ARTERY,-0.21981332,4,0.0440251572327044,13,0.0347127847158168,0,Q3,0
Systolic blood pressure,ARTERY,-0.3060572,7,0.0440251572327044,13,0.1401258822964926,0,Q2,0
Systolic blood pressure,ARTERY,-0.613885,10,0.0440251572327044,13,0.6368768057224039,0,Q1,0
Systolic blood pressure,ARTERY,6.6291246,4,0.0440251572327044,13,0.211899968657735,0,Q4,1
Systolic blood pressure,ARTERY,0.6683731,4,0.0440251572327044,13,0.0158693679903106,0,Q4,1
Systolic blood pressure,ARTERY,-0.5495098,7,0.0440251572327044,13,0.3657161944272153,0,Q1,0
Systolic blood pressure,ARTERY,-0.5402891,8,0.0440251572327044,13,0.2826817644742435,0,Q1,0
Systolic blood pressure,ARTERY,-0.42998803,6,0.0440251572327044,13,0.1562587761964587,0,Q2,0
Systolic blood pressure,ARTERY,-0.52480716,5,0.0440251572327044,13,0.0332056956261719,0,Q1,0
Systolic blood pressure,ARTERY,-0.18747167,5,0.0440251572327044,13,0.0896399685287491,0,Q3,0
Systolic blood pressure,ARTERY,-0.52254736,9,0.0440251572327044,13,0.0483401513290601,0,Q1,0
Systolic blood pressure,ARTERY,-0.26463303,9,0.0440251572327044,13,0.0612296164820707,0,Q2,0
Systolic blood pressure,ARTERY,-0.5937904,7,0.0440251572327044,12,0.0197318118068177,0,Q1,0
Systolic blood pressure,ARTERY,-0.63826835,4,0.0440251572327044,12,0.0510848532999218,0,Q1,0
Systolic blood pressure,ARTERY,0.35376236,6,0.0440251572327044,12,0.0254187776816091,0,Q3,1
Systolic blood pressure,ARTERY,1.1146843,5,0.0440251572327044,12,1.0,0,Q4,1
Systolic blood pressure,ARTERY,-0.57689345,8,0.0440251572327044,12,0.1739505346737913,0,Q1,0
Systolic blood pressure,ARTERY,-0.16882725,8,0.0440251572327044,12,0.0478308281809649,0,Q3,0
Systolic blood pressure,ARTERY,-0.50739366,5,0.0440251572327044,12,0.0773241945614397,0,Q1,0
Systolic blood pressure,ARTERY,-0.422292,3,0.0440251572327044,12,0.5932528903428697,0,Q2,0
Systolic blood pressure,ARTERY,0.811291,6,0.0440251572327044,12,0.0807723888923685,0,Q4,1
Systolic blood pressure,ARTERY,-0.4907884,7,0.0440251572327044,12,0.026710958207608,0,Q1,0
Systolic blood pressure,ARTERY,3.9748743,3,0.0440251572327044,12,0.125838781371112,0,Q4,1
Systolic blood pressure,ARTERY,-0.40388688,3,0.0440251572327044,12,0.1569855073199518,0,Q2,0
Systolic blood pressure,ARTERY,-0.44622025,5,0.0440251572327044,12,0.2502306596000834,0,Q2,0
Systolic blood pressure,ARTERY,-0.35093993,1,0.0440251572327044,12,0.0727124879088111,1,Q2,0
Systolic blood pressure,ARTERY,0.23774931,4,0.0440251572327044,12,0.0789071449316857,0,Q3,1
Systolic blood pressure,ARTERY,-0.18215035,4,0.0440251572327044,12,0.2144170802767612,0,Q3,0
Systolic blood pressure,ARTERY,0.3580505,1,0.0440251572327044,12,0.1579942418342326,1,Q3,1
Systolic blood pressure,ARTERY,-0.24471876,9,0.0440251572327044,12,0.158271976426367,0,Q2,0
Systolic blood pressure,ARTERY,-0.3962208,7,0.0440251572327044,12,0.012470449272888,0,Q2,0
Systolic blood pressure,ARTERY,0.109331414,3,0.0440251572327044,12,0.3387695968571405,0,Q3,0
Systolic blood pressure,ARTERY,-0.61321574,6,0.0440251572327044,11,0.0509555135759,0,Q1,0
Systolic blood pressure,ARTERY,-0.3589068,4,0.0440251572327044,11,0.4286049528814267,0,Q2,0
Systolic blood pressure,ARTERY,3.7979114,1,0.0440251572327044,11,0.5436207306493899,1,Q4,1
Systolic blood pressure,ARTERY,-0.23874599,10,0.0440251572327044,11,0.0458796767284884,0,Q2,0
Systolic blood pressure,ARTERY,-0.23337765,5,0.0440251572327044,11,0.11815464040854,0,Q2,0
Systolic blood pressure,ARTERY,0.069827706,4,0.0440251572327044,11,0.5792784708398729,0,Q3,0
Systolic blood pressure,ARTERY,-0.35683715,7,0.0440251572327044,11,0.0006315592278337,0,Q2,0
Systolic blood pressure,ARTERY,-0.50957686,7,0.0440251572327044,11,0.1402214833608232,0,Q1,0
Systolic blood pressure,ARTERY,0.007304971,8,0.0440251572327044,11,0.0896303456736019,0,Q3,0
Systolic blood pressure,ARTERY,-0.56215346,8,0.0440251572327044,11,0.0690304592983973,0,Q1,0
Systolic blood pressure,ARTERY,-0.27825487,7,0.0440251572327044,11,0.4694037783850524,0,Q2,0
Systolic blood pressure,ARTERY,-0.5959859,8,0.0440251572327044,10,0.0133630024506801,0,Q1,0
Systolic blood pressure,ARTERY,0.4108329,1,0.0440251572327044,10,0.2107544383579711,1,Q3,1
Systolic blood pressure,ARTERY,-0.63331145,7,0.0440251572327044,10,0.1151762299894958,0,Q1,0
Systolic blood pressure,ARTERY,-0.37402564,9,0.0440251572327044,10,0.6064635134730748,0,Q2,0
Systolic blood pressure,ARTERY,-0.58685493,9,0.0440251572327044,10,0.0673044035029645,0,Q1,0
Systolic blood pressure,ARTERY,-0.12558912,7,0.0440251572327044,10,0.6294841037470924,0,Q3,0
Systolic blood pressure,ARTERY,0.6585369,6,0.0440251572327044,10,0.0388512430230508,0,Q4,1
Systolic blood pressure,ARTERY,-0.2952032,9,0.0440251572327044,10,0.0396704516799659,0,Q2,0
Systolic blood pressure,ARTERY,-0.15486965,4,0.0440251572327044,10,0.0196990454173678,0,Q3,0
Systolic blood pressure,ARTERY,1.0351065,9,0.0440251572327044,10,0.1246956908107438,0,Q4,1
Systolic blood pressure,ARTERY,-0.6037792,6,0.0440251572327044,10,0.3998385893686222,0,Q1,0
Systolic blood pressure,ARTERY,0.10412929,7,0.0440251572327044,10,0.0432550056176823,0,Q3,0
Systolic blood pressure,ARTERY,-0.49488258,9,0.0440251572327044,10,0.1017455946810343,0,Q1,0
Systolic blood pressure,ARTERY,-0.43560138,11,0.0440251572327044,10,0.017118996990806,0,Q2,0
Systolic blood pressure,ARTERY,-0.069508374,10,0.0440251572327044,9,0.2211259097286279,0,Q3,0
Systolic blood pressure,ARTERY,0.32984817,10,0.0440251572327044,9,0.0379210583501598,0,Q3,1
Systolic blood pressure,ARTERY,0.48741266,5,0.0440251572327044,9,0.0552676881988609,0,Q4,1
Systolic blood pressure,ARTERY,-0.41033235,11,0.0440251572327044,9,0.0654598078007069,0,Q2,0
Systolic blood pressure,ARTERY,0.05399387,1,0.0440251572327044,9,0.1959534389846282,1,Q3,0
Systolic blood pressure,ARTERY,-0.4060277,8,0.0440251572327044,9,0.0794912438717379,0,Q2,0
Systolic blood pressure,ARTERY,1.1056484,7,0.0440251572327044,9,0.3224978995425533,0,Q4,1
Systolic blood pressure,ARTERY,0.003994915,10,0.0440251572327044,9,0.2405777506540573,0,Q3,0
Systolic blood pressure,ARTERY,-0.044372246,9,0.0440251572327044,9,0.0254081851839441,0,Q3,0
Systolic blood pressure,ARTERY,0.6937269,1,0.0440251572327044,9,0.1987389458536235,1,Q4,1
Systolic blood pressure,ARTERY,-0.28285468,2,0.0440251572327044,9,0.0706592216348352,0,Q2,0
Systolic blood pressure,ARTERY,-0.49615204,4,0.0440251572327044,9,0.0446046233544401,0,Q1,0
Systolic blood pressure,ARTERY,-0.28248975,5,0.0440251572327044,9,0.0572005485892679,0,Q2,0
Systolic blood pressure,ARTERY,0.37214908,8,0.0440251572327044,9,1.0,0,Q3,1
Systolic blood pressure,ARTERY,0.4213603,4,0.0440251572327044,9,0.0464923523747218,0,Q4,1
Systolic blood pressure,ARTERY,-0.21706326,5,0.0440251572327044,9,0.0930839588913106,0,Q3,0
Systolic blood pressure,ARTERY,-0.5591376,8,0.0440251572327044,9,0.1295633173115341,0,Q1,0
Systolic blood pressure,ARTERY,-0.4887638,3,0.0440251572327044,9,0.0663011784629636,0,Q1,0
Systolic blood pressure,ARTERY,-0.101310074,1,0.0440251572327044,9,0.4008450975691899,1,Q3,0
Systolic blood pressure,ARTERY,0.36215577,5,0.0440251572327044,9,0.193692779490901,0,Q3,1
Body mass index,BRAIN,-0.106804416,1,0.1069182389937107,63,0.4198681013163593,1,Q3,0
Body mass index,BRAIN,-0.5234746,8,0.1069182389937107,47,0.6738288607772689,0,Q1,0
Body mass index,BRAIN,2.705308,6,0.1069182389937107,46,0.3956150317106913,0,Q4,1
Body mass index,BRAIN,-0.18894498,5,0.1069182389937107,38,0.5013547284028574,0,Q3,0
Body mass index,BRAIN,-0.22426079,1,0.1069182389937107,36,0.4127002634962183,1,Q2,0
Body mass index,BRAIN,-0.398432,5,0.1069182389937107,35,0.7448961505003877,0,Q2,0
Body mass index,BRAIN,-0.009830533,1,0.1069182389937107,33,0.2243073453111169,1,Q3,0
Body mass index,BRAIN,0.0041877115,7,0.1069182389937107,33,0.9011064257576944,0,Q3,0
Body mass index,BRAIN,-0.61927545,6,0.1069182389937107,31,0.1576782093953227,0,Q1,0
Body mass index,BRAIN,-0.32734028,2,0.1069182389937107,30,1.0,0,Q2,0
Body mass index,BRAIN,-0.5427118,7,0.1069182389937107,30,0.1693780187837906,0,Q1,0
Body mass index,BRAIN,-0.33228642,8,0.1069182389937107,30,0.1367518942992359,0,Q2,0
Body mass index,BRAIN,-0.4000499,5,0.1069182389937107,28,0.9151526643906936,0,Q2,0
Body mass index,BRAIN,-0.51643735,9,0.1069182389937107,28,0.2669492430139795,0,Q1,0
Body mass index,BRAIN,-0.6144542,10,0.1069182389937107,27,0.6392111370950128,0,Q1,0
Body mass index,BRAIN,-0.56250775,7,0.1069182389937107,26,0.3326041376184268,0,Q1,0
Body mass index,BRAIN,1.8048381,7,0.1069182389937107,25,0.3839697607683471,0,Q4,1
Body mass index,BRAIN,0.66027755,1,0.1069182389937107,25,0.1163851518600884,1,Q4,1
Body mass index,BRAIN,-0.6785011,9,0.1069182389937107,25,0.419205520558581,0,Q1,0
Body mass index,BRAIN,-0.5188865,11,0.1069182389937107,24,0.6366253224695323,0,Q1,0
Body mass index,BRAIN,-0.2656434,3,0.1069182389937107,24,0.1390478522754752,0,Q2,0
Body mass index,BRAIN,-0.40914845,10,0.1069182389937107,24,0.6949155481344382,0,Q2,0
Body mass index,BRAIN,-0.558778,10,0.1069182389937107,24,0.0766304768557206,0,Q1,0
Body mass index,BRAIN,5.279918,9,0.1069182389937107,24,0.0715942531240834,0,Q4,1
Body mass index,BRAIN,-0.4335583,9,0.1069182389937107,23,0.2284912107252601,0,Q2,0
Body mass index,BRAIN,0.6824337,4,0.1069182389937107,23,0.0617171815809623,0,Q4,1
Body mass index,BRAIN,-0.34816167,10,0.1069182389937107,23,0.5660325355952837,0,Q2,0
Body mass index,BRAIN,0.8469386,5,0.1069182389937107,23,0.9903242953326392,0,Q4,1
Body mass index,BRAIN,0.121305585,1,0.1069182389937107,22,0.2798228821217091,1,Q3,0
Body mass index,BRAIN,-0.43922392,6,0.1069182389937107,22,0.1735192894982921,0,Q2,0
Body mass index,BRAIN,-0.5836193,5,0.1069182389937107,22,0.1361758497263348,0,Q1,0
Body mass index,BRAIN,-0.36294252,3,0.1069182389937107,21,0.1803948547687406,0,Q2,0
Body mass index,BRAIN,3.3835204,1,0.1069182389937107,21,0.7613287287007131,1,Q4,1
Body mass index,BRAIN,1.3838273,2,0.1069182389937107,21,0.3870581568121953,0,Q4,1
Body mass index,BRAIN,5.326692,4,0.1069182389937107,21,0.4826533428091113,0,Q4,1
Body mass index,BRAIN,-0.5825438,5,0.1069182389937107,21,1.0,0,Q1,0
Body mass index,BRAIN,-0.4143198,10,0.1069182389937107,20,0.1385795491317232,0,Q2,0
Body mass index,BRAIN,-0.66201377,10,0.1069182389937107,20,0.9301244690299004,0,Q1,0
Body mass index,BRAIN,-0.63832444,9,0.1069182389937107,20,0.4313951295579349,0,Q1,0
Body mass index,BRAIN,-0.41066763,3,0.1069182389937107,19,0.0602261820761292,0,Q2,0
Body mass index,BRAIN,-0.22376017,1,0.1069182389937107,19,0.3314850713014353,1,Q2,0
Body mass index,BRAIN,0.6683562,10,0.1069182389937107,19,0.4337872970698082,0,Q4,1
Body mass index,BRAIN,-0.519061,8,0.1069182389937107,19,0.3825302513839018,0,Q1,0
Body mass index,BRAIN,-0.39602146,2,0.1069182389937107,19,0.1264125156660412,0,Q2,0
Body mass index,BRAIN,-0.11020972,8,0.1069182389937107,19,0.0121950302071928,0,Q3,0
Body mass index,BRAIN,-0.21941742,2,0.1069182389937107,19,0.1434735335079681,0,Q3,0
Body mass index,BRAIN,-0.552335,8,0.1069182389937107,18,0.1033613497777831,0,Q1,0
Body mass index,BRAIN,-0.4793647,6,0.1069182389937107,18,0.1495835998199874,0,Q1,0
Body mass index,BRAIN,-0.22653377,10,0.1069182389937107,18,0.6095728065430854,0,Q2,0
Body mass index,BRAIN,-0.37215972,9,0.1069182389937107,18,0.1464464417519289,0,Q2,0
Body mass index,BRAIN,-0.64299417,9,0.1069182389937107,18,0.149771979170927,0,Q1,0
Body mass index,BRAIN,-0.5146209,2,0.1069182389937107,18,0.0356767990025307,0,Q1,0
Body mass index,BRAIN,-0.61192656,9,0.1069182389937107,18,0.3182049072308034,0,Q1,0
Body mass index,BRAIN,3.0363731,1,0.1069182389937107,18,1.0,1,Q4,1
Body mass index,BRAIN,-0.20341723,7,0.1069182389937107,18,0.994695207785928,0,Q3,0
Body mass index,BRAIN,0.3777793,1,0.1069182389937107,17,0.0607915006148233,1,Q3,1
Body mass index,BRAIN,-0.04884203,1,0.1069182389937107,17,0.1301516769634994,1,Q3,0
Body mass index,BRAIN,-0.4124361,11,0.1069182389937107,17,0.1597770323932774,0,Q2,0
Body mass index,BRAIN,-0.58675313,6,0.1069182389937107,17,0.3488087595119832,0,Q1,0
Body mass index,BRAIN,-0.49918762,1,0.1069182389937107,17,0.4952789881079544,1,Q1,0
Body mass index,BRAIN,2.3102946,2,0.1069182389937107,17,0.1113074890914075,0,Q4,1
Body mass index,BRAIN,2.0092955,7,0.1069182389937107,17,0.2645242373350165,0,Q4,1
Body mass index,BRAIN,-0.4791338,5,0.1069182389937107,17,0.4313266230960224,0,Q1,0
Body mass index,BRAIN,0.6663387,8,0.1069182389937107,17,0.9999794033457394,0,Q4,1
Body mass index,BRAIN,-0.03281194,4,0.1069182389937107,17,0.1153694679955567,0,Q3,0
Body mass index,BRAIN,-0.56560934,4,0.1069182389937107,16,0.1941019509506794,0,Q1,0
Body mass index,BRAIN,-0.5724016,10,0.1069182389937107,16,0.4381932149653655,0,Q1,0
Body mass index,BRAIN,-0.49519905,7,0.1069182389937107,16,0.9659021315804162,0,Q1,0
Body mass index,BRAIN,-0.12789628,6,0.1069182389937107,16,0.1971676847192293,0,Q3,0
Body mass index,BRAIN,-0.08747808,4,0.1069182389937107,16,0.916836404114276,0,Q3,0
Body mass index,BRAIN,-0.12501806,9,0.1069182389937107,16,0.199071361271551,0,Q3,0
Body mass index,BRAIN,0.19956893,10,0.1069182389937107,16,0.0295254269755997,0,Q3,1
Body mass index,BRAIN,0.68481004,4,0.1069182389937107,16,0.3453457630728999,0,Q4,1
Body mass index,BRAIN,-0.53102756,11,0.1069182389937107,16,0.166827717795483,0,Q1,0
Body mass index,BRAIN,-0.5465692,6,0.1069182389937107,16,0.2756823233922079,0,Q1,0
Body mass index,BRAIN,-0.30634934,5,0.1069182389937107,16,0.1564730740445312,0,Q2,0
Body mass index,BRAIN,-0.31822905,5,0.1069182389937107,16,0.9408338027032904,0,Q2,0
Body mass index,BRAIN,-0.4655969,2,0.1069182389937107,16,0.0476023963179638,0,Q1,0
Body mass index,BRAIN,0.47743946,2,0.1069182389937107,16,0.9719822115231108,0,Q4,1
Body mass index,BRAIN,0.026101474,9,0.1069182389937107,16,0.1448633057351225,0,Q3,0
Body mass index,BRAIN,-0.36085042,9,0.1069182389937107,15,0.164858706745048,0,Q2,0
Body mass index,BRAIN,-0.24597572,1,0.1069182389937107,15,0.0374052990449399,1,Q2,0
Body mass index,BRAIN,-0.41221637,8,0.1069182389937107,15,1.0,0,Q2,0
Body mass index,BRAIN,-0.2004786,3,0.1069182389937107,15,0.253046082417993,0,Q3,0
Body mass index,BRAIN,0.20583978,8,0.1069182389937107,15,0.1605401296562915,0,Q3,1
Body mass index,BRAIN,-0.11808301,10,0.1069182389937107,15,0.3596936286400492,0,Q3,0
Body mass index,BRAIN,-0.6617867,9,0.1069182389937107,15,0.1358026624154813,0,Q1,0
Body mass index,BRAIN,-0.27655265,8,0.1069182389937107,15,0.1113776794576515,0,Q2,0
Body mass index,BRAIN,-0.4236662,5,0.1069182389937107,15,0.556613087512471,0,Q2,0
Body mass index,BRAIN,0.37899157,7,0.1069182389937107,15,0.5564921900451256,0,Q3,1
Body mass index,BRAIN,0.43295082,10,0.1069182389937107,15,0.079281680803825,0,Q4,1
Body mass index,BRAIN,-0.30557826,8,0.1069182389937107,15,0.3178140338083431,0,Q2,0
Body mass index,BRAIN,-0.09610759,1,0.1069182389937107,14,0.3255589805827856,1,Q3,0
Body mass index,BRAIN,-0.66146195,7,0.1069182389937107,14,0.2140931443952431,0,Q1,0
Body mass index,BRAIN,0.8626255,2,0.1069182389937107,14,0.6469512392603882,0,Q4,1
Body mass index,BRAIN,-0.4117608,1,0.1069182389937107,14,0.2965828480750908,1,Q2,0
Body mass index,BRAIN,0.34508047,9,0.1069182389937107,14,0.2746107290706809,0,Q3,1
Body mass index,BRAIN,-0.53449535,1,0.1069182389937107,14,0.5242076299567142,1,Q1,0
Body mass index,BRAIN,-0.18326706,7,0.1069182389937107,14,0.1513881085156298,0,Q3,0
Body mass index,BRAIN,-0.37482986,1,0.1069182389937107,14,0.2448631644894098,1,Q2,0
Body mass index,BRAIN,-0.51978517,1,0.1069182389937107,14,0.1089088545169221,1,Q1,0
Body mass index,BRAIN,0.20181371,3,0.1069182389937107,14,0.2790520651994316,0,Q3,1
Body mass index,BRAIN,0.037019003,2,0.1069182389937107,14,0.1180566735409087,0,Q3,0
Body mass index,BRAIN,0.36952418,2,0.1069182389937107,14,0.5102801680907099,0,Q3,1
Body mass index,BRAIN,-0.3958661,10,0.1069182389937107,14,0.0913762194225278,0,Q2,0
Body mass index,BRAIN,0.6947363,6,0.1069182389937107,14,0.1666890788009214,0,Q4,1
Body mass index,BRAIN,0.7035769,3,0.1069182389937107,14,0.4559969818027835,0,Q4,1
Body mass index,BRAIN,-0.44757894,10,0.1069182389937107,14,0.5652131355931791,0,Q2,0
Body mass index,BRAIN,-0.26594445,1,0.1069182389937107,14,0.3042133433321402,1,Q2,0
Body mass index,BRAIN,3.0676646,9,0.1069182389937107,14,0.0376211721484931,0,Q4,1
Body mass index,BRAIN,-0.6600077,5,0.1069182389937107,14,0.1518604037142691,0,Q1,0
Body mass index,BRAIN,-0.66694605,8,0.1069182389937107,14,0.1200951155830212,0,Q1,0
Body mass index,BRAIN,-0.36280835,8,0.1069182389937107,14,0.1769044823811385,0,Q2,0
Body mass index,BRAIN,0.0017899856,1,0.1069182389937107,14,0.0594991142772533,1,Q3,0
Body mass index,BRAIN,-0.11898275,6,0.1069182389937107,14,0.0284370611287125,0,Q3,0
Body mass index,BRAIN,-0.3045315,9,0.1069182389937107,14,1.0,0,Q2,0
Body mass index,BRAIN,0.39466232,4,0.1069182389937107,14,0.1358800306916559,0,Q3,1
Body mass index,BRAIN,1.7412812,8,0.1069182389937107,14,1.0,0,Q4,1
Body mass index,BRAIN,-0.18162555,8,0.1069182389937107,14,0.2344348415173513,0,Q3,0
Body mass index,BRAIN,-0.49980426,1,0.1069182389937107,14,0.0423261176584341,1,Q1,0
Body mass index,BRAIN,2.9197931,6,0.1069182389937107,13,0.0864298243464009,0,Q4,1
Body mass index,BRAIN,-0.086910844,2,0.1069182389937107,13,0.1022733976833525,0,Q3,0
Body mass index,BRAIN,-0.36179695,2,0.1069182389937107,13,0.3578768415762073,0,Q2,0
Body mass index,BRAIN,0.008172699,7,0.1069182389937107,13,0.4917496081289774,0,Q3,0
Body mass index,BRAIN,0.011980501,8,0.1069182389937107,13,0.8261121084790817,0,Q3,0
Body mass index,BRAIN,0.13677426,1,0.1069182389937107,13,0.5138034349860462,1,Q3,0
Body mass index,BRAIN,-0.32101408,1,0.1069182389937107,13,0.1138204965834623,1,Q2,0
Body mass index,BRAIN,-0.22618411,10,0.1069182389937107,13,0.1923922014600641,0,Q2,0
Body mass index,BRAIN,-0.5270441,6,0.1069182389937107,13,0.1446653994729637,0,Q1,0
Body mass index,BRAIN,2.0753136,5,0.1069182389937107,13,0.4646870208498107,0,Q4,1
Body mass index,BRAIN,1.8570269,7,0.1069182389937107,13,0.991428872297522,0,Q4,1
Body mass index,BRAIN,-0.017439662,1,0.1069182389937107,13,0.1461909088924637,1,Q3,0
Body mass index,BRAIN,-0.5801326,6,0.1069182389937107,13,0.2407274185365449,0,Q1,0
Body mass index,BRAIN,-0.3306527,3,0.1069182389937107,13,0.1588528830840811,0,Q2,0
Body mass index,BRAIN,-0.5918474,11,0.1069182389937107,13,0.2539132646229343,0,Q1,0
Body mass index,BRAIN,-0.49313354,4,0.1069182389937107,13,0.8461753033616778,0,Q1,0
Body mass index,BRAIN,-0.6280654,4,0.1069182389937107,13,0.1569182412240036,0,Q1,0
Body mass index,BRAIN,-0.6136419,6,0.1069182389937107,13,0.1608895175539694,0,Q1,0
Body mass index,BRAIN,1.5920495,4,0.1069182389937107,13,0.9650228326071422,0,Q4,1
Body mass index,BRAIN,-0.5926283,7,0.1069182389937107,13,0.1146960330552101,0,Q1,0
Body mass index,BRAIN,1.0334591,8,0.1069182389937107,13,0.738129367417115,0,Q4,1
Body mass index,BRAIN,-0.19443882,1,0.1069182389937107,13,0.5188113033900975,1,Q3,0
Body mass index,BRAIN,-0.41929325,5,0.1069182389937107,13,0.4483282790233667,0,Q2,0
Body mass index,BRAIN,-0.39410692,5,0.1069182389937107,12,0.1954130196401308,0,Q2,0
Body mass index,BRAIN,-0.62962794,8,0.1069182389937107,12,0.0627418922668766,0,Q1,0
Body mass index,BRAIN,18.266172,3,0.1069182389937107,12,0.9462332593873944,0,Q4,1
Body mass index,BRAIN,-0.07573613,1,0.1069182389937107,12,0.0988510389415541,1,Q3,0
Body mass index,BRAIN,1.860068,1,0.1069182389937107,12,0.0170530459542943,1,Q4,1
Body mass index,BRAIN,-0.52374214,2,0.1069182389937107,12,0.1010627006008334,0,Q1,0
Body mass index,BRAIN,1.4116743,9,0.1069182389937107,12,0.125569720193592,0,Q4,1
Intelligence,BRAIN,-0.64547014,9,0.1069182389937107,31,0.3974367615140906,0,Q1,0
Intelligence,BRAIN,0.26401374,10,0.1069182389937107,27,0.0694184387317795,0,Q3,1
Intelligence,BRAIN,0.02654656,8,0.1069182389937107,26,0.4642725669658242,0,Q3,1
Intelligence,BRAIN,-0.43162996,1,0.1069182389937107,25,0.993374560717907,1,Q2,0
Intelligence,BRAIN,-0.43138394,8,0.1069182389937107,23,0.9412448255654042,0,Q2,0
Intelligence,BRAIN,-0.5673458,4,0.1069182389937107,23,0.2235604967616537,0,Q1,0
Intelligence,BRAIN,-0.5209216,11,0.1069182389937107,22,0.8525155011657347,0,Q1,0
Intelligence,BRAIN,-0.556387,5,0.1069182389937107,22,0.4758622568041827,0,Q1,0
Intelligence,BRAIN,14.905993,6,0.1069182389937107,21,0.9999957959036844,0,Q4,1
Intelligence,BRAIN,-0.3064086,4,0.1069182389937107,20,0.6085878314661585,0,Q2,0
Intelligence,BRAIN,0.5724916,8,0.1069182389937107,18,0.7462298667980308,0,Q4,1
Intelligence,BRAIN,-0.5432183,7,0.1069182389937107,17,0.1647052805577682,0,Q1,0
Intelligence,BRAIN,-0.6030173,7,0.1069182389937107,17,0.0907895780261947,0,Q1,0
Intelligence,BRAIN,3.3063161,5,0.1069182389937107,17,0.0343293419824339,0,Q4,1
Intelligence,BRAIN,-0.39911237,6,0.1069182389937107,16,0.0560097519695892,0,Q2,0
Intelligence,BRAIN,-0.59396297,9,0.1069182389937107,16,0.359147220121806,0,Q1,0
Intelligence,BRAIN,1.3034401,5,0.1069182389937107,16,0.1279923342435346,0,Q4,1
Intelligence,BRAIN,-0.17162631,4,0.1069182389937107,15,0.4362225274761812,0,Q3,0
Intelligence,BRAIN,-0.48076585,8,0.1069182389937107,15,0.1888525007268806,0,Q1,0
Intelligence,BRAIN,-0.62826514,10,0.1069182389937107,15,0.1152603075384228,0,Q1,0
Intelligence,BRAIN,-0.15524408,1,0.1069182389937107,15,0.0276840435087773,1,Q3,0
Intelligence,BRAIN,-0.54327005,6,0.1069182389937107,14,0.4659562980156094,0,Q1,0
Intelligence,BRAIN,-0.6030551,7,0.1069182389937107,14,0.1418132184716519,0,Q1,0
Intelligence,BRAIN,-0.054347664,11,0.1069182389937107,14,0.2393803971746855,0,Q3,1
Intelligence,BRAIN,4.6896114,1,0.1069182389937107,14,0.0379509446201771,1,Q4,1
Intelligence,BRAIN,0.1934962,6,0.1069182389937107,14,0.0809267981813027,0,Q3,1
Intelligence,BRAIN,-0.029512245,2,0.1069182389937107,14,0.3231846213068621,0,Q3,1
Intelligence,BRAIN,-0.49842453,2,0.1069182389937107,14,0.0896918955234669,0,Q1,0
Intelligence,BRAIN,0.45692953,7,0.1069182389937107,14,0.0715292145602544,0,Q4,1
Intelligence,BRAIN,-0.41032186,8,0.1069182389937107,13,0.315455588248251,0,Q2,0
Intelligence,BRAIN,-0.24522766,9,0.1069182389937107,13,0.9967897385254672,0,Q2,0
Intelligence,BRAIN,-0.032578498,5,0.1069182389937107,13,0.5694920083385371,0,Q3,1
Intelligence,BRAIN,-0.42725664,5,0.1069182389937107,13,0.015316768382146,0,Q2,0
Intelligence,BRAIN,0.21240693,3,0.1069182389937107,13,0.2436935222242819,0,Q3,1
Intelligence,BRAIN,-0.43949804,5,0.1069182389937107,13,0.8776970082546441,0,Q2,0
Intelligence,BRAIN,3.688298,2,0.1069182389937107,13,0.2524710773936959,0,Q4,1
Intelligence,BRAIN,-0.42183107,5,0.1069182389937107,13,0.0501770485032047,0,Q2,0
Intelligence,BRAIN,-0.67021155,11,0.1069182389937107,13,0.5391075681984466,0,Q1,0
Intelligence,BRAIN,0.43699092,2,0.1069182389937107,13,0.0303659347056988,0,Q4,1
Intelligence,BRAIN,-0.43772727,3,0.1069182389937107,13,0.5726290272545741,0,Q2,0
Intelligence,BRAIN,-0.2757258,1,0.1069182389937107,12,0.9969441488376856,1,Q2,0
Intelligence,BRAIN,0.40414026,1,0.1069182389937107,12,0.0682794127472465,1,Q3,1
Intelligence,BRAIN,0.17353544,2,0.1069182389937107,12,0.2736976356595181,0,Q3,1
Intelligence,BRAIN,0.32905626,1,0.1069182389937107,12,0.640995491816319,1,Q3,1
Intelligence,BRAIN,-0.43826488,8,0.1069182389937107,12,0.2537602092365218,0,Q2,0
Intelligence,BRAIN,-0.4526185,4,0.1069182389937107,12,0.3668174849524163,0,Q2,0
Intelligence,BRAIN,-0.5622894,5,0.1069182389937107,12,0.0737926230281203,0,Q1,0
Intelligence,BRAIN,-0.2242345,2,0.1069182389937107,12,0.7040765839374498,0,Q2,0
Intelligence,BRAIN,-0.6115868,10,0.1069182389937107,12,0.0646628371265376,0,Q1,0
Intelligence,BRAIN,-0.5601492,4,0.1069182389937107,12,0.5877734651418419,0,Q1,0
Intelligence,BRAIN,-0.39050382,5,0.1069182389937107,12,1.0,0,Q2,0
Intelligence,BRAIN,-0.3263643,8,0.1069182389937107,12,0.1606432890897099,0,Q2,0
Intelligence,BRAIN,-0.28172153,6,0.1069182389937107,11,0.1720837137810524,0,Q2,0
Intelligence,BRAIN,-0.61385286,11,0.1069182389937107,11,0.0347132694829399,0,Q1,0
Intelligence,BRAIN,-0.30604967,8,0.1069182389937107,11,0.4629050192002301,0,Q2,0
Intelligence,BRAIN,-0.30464303,5,0.1069182389937107,11,0.060070005720212,0,Q2,0
Intelligence,BRAIN,-0.34529185,1,0.1069182389937107,11,0.0449605208226851,1,Q2,0
Intelligence,BRAIN,-0.4000712,1,0.1069182389937107,11,0.0962025511801395,1,Q2,0
Intelligence,BRAIN,5.4832973,5,0.1069182389937107,11,0.041555117968015,0,Q4,1
Intelligence,BRAIN,1.1319001,1,0.1069182389937107,11,0.2262148085783689,1,Q4,1
Intelligence,BRAIN,-0.18557248,3,0.1069182389937107,11,0.8689570850949061,0,Q3,0
Intelligence,BRAIN,-0.47532463,6,0.1069182389937107,11,0.0477209989442263,0,Q1,0
Intelligence,BRAIN,0.065785095,2,0.1069182389937107,11,1.0,0,Q3,1
Intelligence,BRAIN,-0.6272014,7,0.1069182389937107,11,0.0635224267927259,0,Q1,0
Intelligence,BRAIN,-0.09741292,4,0.1069182389937107,11,0.0203053959109728,0,Q3,0
Intelligence,BRAIN,-0.2557528,7,0.1069182389937107,11,0.2486729821871064,0,Q2,0
Intelligence,BRAIN,-0.36422414,9,0.1069182389937107,10,0.9995701898308018,0,Q2,0
Intelligence,BRAIN,-0.18260032,11,0.1069182389937107,10,0.0315607947149626,0,Q3,0
Intelligence,BRAIN,-0.22424014,1,0.1069182389937107,10,0.0554199205480905,1,Q2,0
Intelligence,BRAIN,-0.417063,8,0.1069182389937107,10,0.1787649091131003,0,Q2,0
Intelligence,BRAIN,-0.3957833,4,0.1069182389937107,10,0.3734409641264115,0,Q2,0
Intelligence,BRAIN,-0.48832822,1,0.1069182389937107,10,0.53767355729619,1,Q1,0
Intelligence,BRAIN,-0.440817,2,0.1069182389937107,10,0.7007059487748188,0,Q2,0
Intelligence,BRAIN,-0.48161176,10,0.1069182389937107,10,0.2337985411572999,0,Q1,0
Intelligence,BRAIN,-0.6679007,9,0.1069182389937107,10,0.9920795505897684,0,Q1,0
Intelligence,BRAIN,-0.47343174,3,0.1069182389937107,10,0.2034614658821074,0,Q1,0
Intelligence,BRAIN,-0.5447673,10,0.1069182389937107,10,0.1268201319663634,0,Q1,0
Intelligence,BRAIN,-0.5490515,11,0.1069182389937107,10,0.4343080245282553,0,Q1,0
Intelligence,BRAIN,-0.23476867,1,0.1069182389937107,10,0.2806409736150527,1,Q2,0
Intelligence,BRAIN,-0.29289326,10,0.1069182389937107,10,0.999831764097198,0,Q2,0
Intelligence,BRAIN,0.18750894,1,0.1069182389937107,10,0.8945428711108563,1,Q3,1
Intelligence,BRAIN,0.30321082,9,0.1069182389937107,10,0.3079873176357183,0,Q3,1
Intelligence,BRAIN,-0.5532353,2,0.1069182389937107,10,0.1733160939726462,0,Q1,0
Intelligence,BRAIN,-0.54629034,10,0.1069182389937107,10,0.025745794792001,0,Q1,0
Intelligence,BRAIN,0.4532562,2,0.1069182389937107,10,0.1814171523377387,0,Q4,1
Intelligence,BRAIN,-0.6463867,10,0.1069182389937107,10,0.1813682076506868,0,Q1,0
Intelligence,BRAIN,-0.22622897,9,0.1069182389937107,10,0.4890388500849069,0,Q2,0
Intelligence,BRAIN,-0.6618486,9,0.1069182389937107,10,0.688128567842837,0,Q1,0
Intelligence,BRAIN,-0.16201045,1,0.1069182389937107,10,0.0438370804650932,1,Q3,0
Intelligence,BRAIN,-0.49906072,9,0.1069182389937107,10,0.3045028818245034,0,Q1,0
Intelligence,BRAIN,-0.5845434,9,0.1069182389937107,10,0.0284376718682576,0,Q1,0
Intelligence,BRAIN,-0.61318517,3,0.1069182389937107,10,0.1502679574810262,0,Q1,0
Intelligence,BRAIN,-0.023371605,4,0.1069182389937107,10,0.3500488363532884,0,Q3,1
Intelligence,BRAIN,-0.62292254,4,0.1069182389937107,10,0.9998172956403976,0,Q1,0
Intelligence,BRAIN,1.0584674,9,0.1069182389937107,10,0.2323865213546365,0,Q4,1
Intelligence,BRAIN,-0.37826908,10,0.1069182389937107,10,0.2502037193111229,0,Q2,0
Intelligence,BRAIN,0.09041729,7,0.1069182389937107,10,0.3013674308829093,0,Q3,1
Intelligence,BRAIN,-0.5483655,5,0.1069182389937107,9,0.286878539957859,0,Q1,0
Intelligence,BRAIN,-0.32338303,4,0.1069182389937107,9,0.0611795628218346,0,Q2,0
Intelligence,BRAIN,-0.32967478,10,0.1069182389937107,9,0.7336337396590616,0,Q2,0
Intelligence,BRAIN,0.75690496,10,0.1069182389937107,9,0.1047967799261948,0,Q4,1
Intelligence,BRAIN,-0.58789694,4,0.1069182389937107,9,0.0677293247694472,0,Q1,0
Intelligence,BRAIN,-0.30116612,11,0.1069182389937107,9,0.0406564248105962,0,Q2,0
Intelligence,BRAIN,-0.6418451,10,0.1069182389937107,9,0.6345170991151908,0,Q1,0
Intelligence,BRAIN,-0.4580378,3,0.1069182389937107,9,0.1514717447046187,0,Q2,0
Intelligence,BRAIN,-0.38659117,7,0.1069182389937107,9,0.0784317065288459,0,Q2,0
Intelligence,BRAIN,-0.38931865,9,0.1069182389937107,9,0.4645598708916981,0,Q2,0
Intelligence,BRAIN,-0.5535797,6,0.1069182389937107,9,0.6457159205574582,0,Q1,0
Intelligence,BRAIN,-0.48761573,6,0.1069182389937107,9,0.4907237995751142,0,Q1,0
Intelligence,BRAIN,-0.4121721,1,0.1069182389937107,9,0.0639761987509005,1,Q2,0
Intelligence,BRAIN,-0.36823103,11,0.1069182389937107,9,0.945941566674604,0,Q2,0
Intelligence,BRAIN,-0.49351224,7,0.1069182389937107,9,0.41736930879784,0,Q1,0
Intelligence,BRAIN,0.09067052,9,0.1069182389937107,9,0.6843233747368759,0,Q3,1
Intelligence,BRAIN,-0.1514288,7,0.1069182389937107,9,0.0652221832145898,0,Q3,0
Intelligence,BRAIN,-0.36585718,2,0.1069182389937107,9,0.325399371642167,0,Q2,0
Intelligence,BRAIN,1.756094,5,0.1069182389937107,9,0.023114480409499,0,Q4,1
Intelligence,BRAIN,-0.38795972,5,0.1069182389937107,9,0.0273318915306105,0,Q2,0
Intelligence,BRAIN,-0.49712586,10,0.1069182389937107,9,0.5117591855152445,0,Q1,0
Intelligence,BRAIN,-0.48954168,2,0.1069182389937107,9,0.1184279787243151,0,Q1,0
Intelligence,BRAIN,-0.4166657,3,0.1069182389937107,9,0.1023090075372726,0,Q2,0
Intelligence,BRAIN,-0.3980852,9,0.1069182389937107,9,0.0754909919899818,0,Q2,0
Intelligence,BRAIN,0.35566866,7,0.1069182389937107,9,0.9999687372350158,0,Q3,1
Intelligence,BRAIN,-0.23863485,7,0.1069182389937107,9,0.5692860770056483,0,Q2,0
Intelligence,BRAIN,-0.17515025,9,0.1069182389937107,9,0.1886920541877239,0,Q3,0
Intelligence,BRAIN,-0.41244787,1,0.1069182389937107,9,0.0786137044176151,1,Q2,0
Intelligence,BRAIN,-0.6241574,10,0.1069182389937107,9,0.0551725602320664,0,Q1,0
Intelligence,BRAIN,-0.29777482,2,0.1069182389937107,9,0.1098180898561629,0,Q2,0
Intelligence,BRAIN,-0.25831982,6,0.1069182389937107,9,0.13639497477115,0,Q2,0
Intelligence,BRAIN,0.4627514,8,0.1069182389937107,9,0.4671879430737204,0,Q4,1
Intelligence,BRAIN,-0.6930343,10,0.1069182389937107,9,0.0233266995578064,0,Q1,0
Intelligence,BRAIN,-0.104183674,2,0.1069182389937107,9,0.4618585899795515,0,Q3,0
Intelligence,BRAIN,-0.35682288,8,0.1069182389937107,9,0.3822801846702005,0,Q2,0
Intelligence,BRAIN,-0.5603868,7,0.1069182389937107,9,0.820413761640661,0,Q1,0
Intelligence,BRAIN,-0.38108805,1,0.1069182389937107,9,0.248817047374376,1,Q2,0
Intelligence,BRAIN,-0.38927707,2,0.1069182389937107,9,0.2006626334577252,0,Q2,0
Intelligence,BRAIN,1.2547268,8,0.1069182389937107,9,0.3116583123333323,0,Q4,1
Intelligence,BRAIN,-0.41113877,4,0.1069182389937107,9,0.4984435524198316,0,Q2,0
Intelligence,BRAIN,-0.484224,8,0.1069182389937107,9,0.1115720584080814,0,Q1,0
Intelligence,BRAIN,-0.43008763,1,0.1069182389937107,9,0.6723363267617086,1,Q2,0
Intelligence,BRAIN,-0.11171792,9,0.1069182389937107,9,0.3125700217425009,0,Q3,0
Intelligence,BRAIN,-0.44011003,11,0.1069182389937107,9,0.9281704089103456,0,Q2,0
Intelligence,BRAIN,0.57122445,6,0.1069182389937107,9,0.7915910494258035,0,Q4,1
Intelligence,BRAIN,1.458007,7,0.1069182389937107,9,0.8346857899666307,0,Q4,1
Intelligence,BRAIN,0.41369736,2,0.1069182389937107,9,0.0691816235346463,0,Q3,1
Intelligence,BRAIN,0.07811515,3,0.1069182389937107,9,0.3992120840265048,0,Q3,1
Intelligence,BRAIN,11.140319,6,0.1069182389937107,9,0.3399625426182993,0,Q4,1
Intelligence,BRAIN,-0.6504909,7,0.1069182389937107,9,0.1140212498439462,0,Q1,0
Intelligence,BRAIN,-0.5515757,10,0.1069182389937107,9,0.6140269991149551,0,Q1,0
Intelligence,BRAIN,-0.6244657,4,0.1069182389937107,9,0.3881360807934159,0,Q1,0
Intelligence,BRAIN,-0.10979729,11,0.1069182389937107,9,0.4783980764783767,0,Q3,0
Lung function (FEV1/FVC),LUNG,-0.5797524,9,0.05345911949685535,226,0.3523807238582908,0,Q1,0
Lung function (FEV1/FVC),LUNG,-0.3553902,11,0.05345911949685535,205,0.9745943616127924,0,Q2,0
Lung function (FEV1/FVC),LUNG,0.37695712,3,0.05345911949685535,174,0.783506310464802,0,Q3,0
Lung function (FEV1/FVC),LUNG,0.28382674,5,0.05345911949685535,141,0.999999999483056,0,Q3,0
Lung function (FEV1/FVC),LUNG,-0.14412686,2,0.05345911949685535,131,0.973763249350935,0,Q3,0
Lung function (FEV1/FVC),LUNG,-0.5466635,6,0.05345911949685535,114,0.2556827015505831,0,Q1,0
Lung function (FEV1/FVC),LUNG,1.4194169,3,0.05345911949685535,83,0.6798507077929383,0,Q4,1
Lung function (FEV1/FVC),LUNG,-0.34456435,10,0.05345911949685535,81,0.1206006230480525,0,Q2,0
Lung function (FEV1/FVC),LUNG,-0.585738,9,0.05345911949685535,75,0.2911487568920564,0,Q1,0
Lung function (FEV1/FVC),LUNG,-0.13691382,6,0.05345911949685535,72,0.3366279139077118,0,Q3,0
Lung function (FEV1/FVC),LUNG,-0.36390027,9,0.05345911949685535,70,0.7781294633483182,0,Q2,0
Lung function (FEV1/FVC),LUNG,-0.2796415,9,0.05345911949685535,66,0.9144184965432428,0,Q2,0
Lung function (FEV1/FVC),LUNG,0.2703338,4,0.05345911949685535,64,0.217105685946836,0,Q3,0
Lung function (FEV1/FVC),LUNG,13.460858,2,0.05345911949685535,55,0.6884677945664859,0,Q4,1
Lung function (FEV1/FVC),LUNG,-0.47271952,9,0.05345911949685535,51,0.4915658217911088,0,Q1,0
Lung function (FEV1/FVC),LUNG,0.17515594,4,0.05345911949685535,50,0.8642624085591831,0,Q3,0
Lung function (FEV1/FVC),LUNG,-0.55651784,11,0.05345911949685535,49,0.3116011437858114,0,Q1,0
Lung function (FEV1/FVC),LUNG,0.71041083,2,0.05345911949685535,48,0.7669345229456284,0,Q4,1
Lung function (FEV1/FVC),LUNG,-0.46124738,11,0.05345911949685535,47,0.7613566859897388,0,Q1,0
Lung function (FEV1/FVC),LUNG,-0.0027133222,5,0.05345911949685535,46,0.2263127277433322,0,Q3,0
Lung function (FEV1/FVC),LUNG,-0.15064488,2,0.05345911949685535,45,0.697952210486119,0,Q3,0
Lung function (FEV1/FVC),LUNG,-0.38054696,5,0.05345911949685535,43,0.999998901607178,0,Q2,0
Lung function (FEV1/FVC),LUNG,0.4022546,3,0.05345911949685535,43,0.4109558942951134,0,Q3,0
Lung function (FEV1/FVC),LUNG,-0.62563884,7,0.05345911949685535,41,0.2401720691150389,0,Q1,0
Lung function (FEV1/FVC),LUNG,0.21163756,9,0.05345911949685535,41,0.9726773708866836,0,Q3,0
Lung function (FEV1/FVC),LUNG,-0.4725959,2,0.05345911949685535,40,0.1117006968324547,0,Q1,0
Lung function (FEV1/FVC),LUNG,0.43131983,10,0.05345911949685535,39,0.8075100665211552,0,Q4,0
Lung function (FEV1/FVC),LUNG,1.3116391,6,0.05345911949685535,38,0.2218464910021073,0,Q4,1
Lung function (FEV1/FVC),LUNG,0.27710757,7,0.05345911949685535,37,0.8389445141245274,0,Q3,0
Lung function (FEV1/FVC),LUNG,0.7055115,9,0.05345911949685535,36,0.9977232440029904,0,Q4,1
Lung function (FEV1/FVC),LUNG,-0.32473657,10,0.05345911949685535,35,0.9999995889120123,0,Q2,0
Lung function (FEV1/FVC),LUNG,-0.20961441,1,0.05345911949685535,35,0.3806672256297624,1,Q3,0
Lung function (FEV1/FVC),LUNG,-0.43381262,7,0.05345911949685535,34,0.0169605300838134,0,Q2,0
Lung function (FEV1/FVC),LUNG,-0.45615134,1,0.05345911949685535,34,0.6601155272578936,1,Q2,0
Lung function (FEV1/FVC),LUNG,-0.5129462,3,0.05345911949685535,34,0.45605397348861,0,Q1,0
Lung function (FEV1/FVC),LUNG,-0.40950826,5,0.05345911949685535,34,0.10328983121487,0,Q2,0
Lung function (FEV1/FVC),LUNG,1.730804,8,0.05345911949685535,33,0.4606288782145881,0,Q4,1
Lung function (FEV1/FVC),LUNG,-0.56358504,3,0.05345911949685535,33,0.2449859694500139,0,Q1,0
Lung function (FEV1/FVC),LUNG,-0.57399493,9,0.05345911949685535,32,0.4744482615500704,0,Q1,0
Lung function (FEV1/FVC),LUNG,14.810914,2,0.05345911949685535,32,0.6817754036166708,0,Q4,1
Lung function (FEV1/FVC),LUNG,-0.02641002,2,0.05345911949685535,32,0.9947637688936576,0,Q3,0
Lung function (FEV1/FVC),LUNG,0.5580812,2,0.05345911949685535,31,1.0,0,Q4,1
Lung function (FEV1/FVC),LUNG,-0.15197878,2,0.05345911949685535,31,0.7671562373253745,0,Q3,0
Lung function (FEV1/FVC),LUNG,1.2497402,2,0.05345911949685535,31,0.2303024938785963,0,Q4,1
Lung function (FEV1/FVC),LUNG,1.3184057,9,0.05345911949685535,30,0.1632868822468525,0,Q4,1
Lung function (FEV1/FVC),LUNG,1.0773394,8,0.05345911949685535,30,0.609345780369094,0,Q4,1
Lung function (FEV1/FVC),LUNG,-0.62448376,7,0.05345911949685535,30,0.525335673373894,0,Q1,0
Lung function (FEV1/FVC),LUNG,0.75724024,9,0.05345911949685535,30,0.9952568692771022,0,Q4,1
Lung function (FEV1/FVC),LUNG,-0.33508858,1,0.05345911949685535,29,0.2944283948100666,1,Q2,0
Lung function (FEV1/FVC),LUNG,-0.498255,2,0.05345911949685535,29,0.5273916205153273,0,Q1,0
Lung function (FEV1/FVC),LUNG,0.2896258,6,0.05345911949685535,29,0.6989982608933033,0,Q3,0
Lung function (FEV1/FVC),LUNG,-0.59692496,5,0.05345911949685535,28,0.5844467360570599,0,Q1,0
Lung function (FEV1/FVC),LUNG,0.70128536,8,0.05345911949685535,28,0.4004169176769691,0,Q4,1
Lung function (FEV1/FVC),LUNG,-0.39289153,8,0.05345911949685535,28,0.3466013348788701,0,Q2,0
Lung function (FEV1/FVC),LUNG,-0.5537606,6,0.05345911949685535,28,0.4131012667832516,0,Q1,0
Lung function (FEV1/FVC),LUNG,-0.62456244,11,0.05345911949685535,28,0.5552936856156458,0,Q1,0
Lung function (FEV1/FVC),LUNG,-0.4019435,2,0.05345911949685535,27,0.0533390386813954,0,Q2,0
Lung function (FEV1/FVC),LUNG,2.978511,5,0.05345911949685535,27,0.8929686274309572,0,Q4,1
Lung function (FEV1/FVC),LUNG,0.8190608,10,0.05345911949685535,27,0.4587216270098684,0,Q4,1
Lung function (FEV1/FVC),LUNG,2.5977883,1,0.05345911949685535,27,0.9999998877121944,1,Q4,1
Lung function (FEV1/FVC),LUNG,0.35804048,11,0.05345911949685535,27,0.2069182317712694,0,Q3,0
Lung function (FEV1/FVC),LUNG,-0.07080766,5,0.05345911949685535,26,0.1479461989434966,0,Q3,0
Lung function (FEV1/FVC),LUNG,-0.41549644,2,0.05345911949685535,26,0.1688747251196546,0,Q2,0
Lung function (FEV1/FVC),LUNG,0.20302962,11,0.05345911949685535,26,0.0872459224490822,0,Q3,0
Lung function (FEV1/FVC),LUNG,-0.11349445,6,0.05345911949685535,26,0.719548640700648,0,Q3,0
Lung function (FEV1/FVC),LUNG,0.34178674,6,0.05345911949685535,26,0.155317327276888,0,Q3,0
Lung function (FEV1/FVC),LUNG,-0.040645014,4,0.05345911949685535,25,0.826047252967022,0,Q3,0
Lung function (FEV1/FVC),LUNG,0.046354454,9,0.05345911949685535,25,0.2223311127952128,0,Q3,0
Lung function (FEV1/FVC),LUNG,0.072445855,8,0.05345911949685535,25,0.3220667135092883,0,Q3,0
Lung function (FEV1/FVC),LUNG,-0.5482471,11,0.05345911949685535,24,0.1346801763734885,0,Q1,0
Lung function (FEV1/FVC),LUNG,-0.19804087,2,0.05345911949685535,24,0.5950415064542618,0,Q3,0
Lung function (FEV1/FVC),LUNG,-0.2975001,10,0.05345911949685535,24,0.4465831981861,0,Q2,0
Lung function (FEV1/FVC),LUNG,8.279829,2,0.05345911949685535,24,0.8373919414273072,0,Q4,1
Lung function (FEV1/FVC),LUNG,0.83183044,7,0.05345911949685535,23,0.9835946224997526,0,Q4,1
Lung function (FEV1/FVC),LUNG,-0.39594692,6,0.05345911949685535,23,0.1318493610537871,0,Q2,0
Lung function (FEV1/FVC),LUNG,1.2514875,4,0.05345911949685535,23,0.4726857591085094,0,Q4,1
Lung function (FEV1/FVC),LUNG,3.6867354,8,0.05345911949685535,22,0.2043216986899867,0,Q4,1
Lung function (FEV1/FVC),LUNG,-0.10046465,1,0.05345911949685535,22,0.3857801745892277,1,Q3,0
Lung function (FEV1/FVC),LUNG,1.5963312,3,0.05345911949685535,22,0.1305898995610556,0,Q4,1
Lung function (FEV1/FVC),LUNG,-0.5813985,11,0.05345911949685535,22,0.3055420680250227,0,Q1,0
Lung function (FEV1/FVC),LUNG,-0.14172064,1,0.05345911949685535,22,0.0658986002789228,1,Q3,0
Lung function (FEV1/FVC),LUNG,-0.25003046,6,0.05345911949685535,22,0.5311516020492784,0,Q2,0
Lung function (FEV1/FVC),LUNG,0.046110652,10,0.05345911949685535,21,0.5499458050757453,0,Q3,0
Lung function (FEV1/FVC),LUNG,-0.25846818,3,0.05345911949685535,21,0.5713496249117699,0,Q2,0
Lung function (FEV1/FVC),LUNG,0.024452489,7,0.05345911949685535,20,0.5995111968987497,0,Q3,0
Lung function (FEV1/FVC),LUNG,0.8224192,6,0.05345911949685535,20,1.0,0,Q4,1
Lung function (FEV1/FVC),LUNG,-0.1984269,2,0.05345911949685535,19,0.8478837168133536,0,Q3,0
Lung function (FEV1/FVC),LUNG,-0.28427714,5,0.05345911949685535,19,0.1998334661078504,0,Q2,0
Lung function (FEV1/FVC),LUNG,0.14778998,8,0.05345911949685535,19,1.0,0,Q3,0
Lung function (FEV1/FVC),LUNG,-0.5210376,5,0.05345911949685535,19,0.4174995057407804,0,Q1,0
Lung function (FEV1/FVC),LUNG,-0.2171056,1,0.05345911949685535,19,0.1122118031432655,1,Q3,0
Lung function (FEV1/FVC),LUNG,2.837112,5,0.05345911949685535,19,0.3891307569433263,0,Q4,1
Lung function (FEV1/FVC),LUNG,-0.096975826,11,0.05345911949685535,19,0.1041833648528095,0,Q3,0
Lung function (FEV1/FVC),LUNG,0.5367956,5,0.05345911949685535,19,0.8380065805263812,0,Q4,1
Lung function (FEV1/FVC),LUNG,-0.2807318,1,0.05345911949685535,19,0.5588215291930362,1,Q2,0
Lung function (FEV1/FVC),LUNG,1.4718003,6,0.05345911949685535,18,0.645933431626134,0,Q4,1
Lung function (FEV1/FVC),LUNG,-0.5185421,3,0.05345911949685535,18,0.0495371835543276,0,Q1,0
Lung function (FEV1/FVC),LUNG,-0.605778,10,0.05345911949685535,18,0.592488481835825,0,Q1,0
Lung function (FEV1/FVC),LUNG,-0.40868554,9,0.05345911949685535,18,0.1242365223907978,0,Q2,0
Lung function (FEV1/FVC),LUNG,5.200515,4,0.05345911949685535,18,0.7513601631664171,0,Q4,1
Lung function (FEV1/FVC),LUNG,-0.26768914,11,0.05345911949685535,18,0.1630503363936672,0,Q2,0
Lung function (FEV1/FVC),LUNG,-0.40639976,7,0.05345911949685535,18,0.2066298640481895,0,Q2,0
Lung function (FEV1/FVC),LUNG,1.4254636,3,0.05345911949685535,18,0.9646886288116554,0,Q4,1
Lung function (FEV1/FVC),LUNG,0.5051331,3,0.05345911949685535,18,0.928169095827774,0,Q4,0
Lung function (FEV1/FVC),LUNG,-0.055660766,1,0.05345911949685535,18,0.0457441392950562,1,Q3,0
Lung function (FEV1/FVC),LUNG,-0.46909538,2,0.05345911949685535,18,0.1869634742432456,0,Q1,0
Lung function (FEV1/FVC),LUNG,-0.5032126,9,0.05345911949685535,18,0.2070759419936841,0,Q1,0
Lung function (FEV1/FVC),LUNG,-0.62727904,8,0.05345911949685535,18,0.245825215550982,0,Q1,0
Lung function (FEV1/FVC),LUNG,0.48515248,5,0.05345911949685535,18,0.6717886973451167,0,Q4,0
Lung function (FEV1/FVC),LUNG,-0.2196026,6,0.05345911949685535,17,0.3987004442375262,0,Q3,0
Lung function (FEV1/FVC),LUNG,-0.3406289,7,0.05345911949685535,17,0.455875189976281,0,Q2,0
Lung function (FEV1/FVC),LUNG,-0.579554,6,0.05345911949685535,17,0.497429227002372,0,Q1,0
Lung function (FEV1/FVC),LUNG,1.0612698,10,0.05345911949685535,17,0.063665867439039,0,Q4,1
Lung function (FEV1/FVC),LUNG,-0.49035192,5,0.05345911949685535,17,0.0963483901758872,0,Q1,0
Lung function (FEV1/FVC),LUNG,-0.59298676,9,0.05345911949685535,17,0.034047810329072,0,Q1,0
Lung function (FEV1/FVC),LUNG,-0.11962897,11,0.05345911949685535,17,0.7288488587625727,0,Q3,0
Lung function (FEV1/FVC),LUNG,-0.42284936,11,0.05345911949685535,17,0.4223026267507124,0,Q2,0
Lung function (FEV1/FVC),LUNG,17.757235,6,0.05345911949685535,17,1.0,0,Q4,1
Lung function (FEV1/FVC),LUNG,-0.14927955,5,0.05345911949685535,16,0.303461932617511,0,Q3,0
Lung function (FEV1/FVC),LUNG,0.21121807,9,0.05345911949685535,16,0.7691941203428913,0,Q3,0
Lung function (FEV1/FVC),LUNG,0.890452,3,0.05345911949685535,16,0.3165493117827715,0,Q4,1
Lung function (FEV1/FVC),LUNG,0.68294895,1,0.05345911949685535,16,0.0899266147949073,1,Q4,1
Lung function (FEV1/FVC),LUNG,5.911593,7,0.05345911949685535,16,0.3319807593765525,0,Q4,1
Lung function (FEV1/FVC),LUNG,-0.37581456,2,0.05345911949685535,16,0.1878043529652999,0,Q2,0
Lung function (FEV1/FVC),LUNG,-0.37889522,2,0.05345911949685535,16,0.4067314295330389,0,Q2,0
Lung function (FEV1/FVC),LUNG,0.4253712,4,0.05345911949685535,16,0.7508742859735505,0,Q4,0
Lung function (FEV1/FVC),LUNG,-0.18106852,11,0.05345911949685535,16,0.9885896860086132,0,Q3,0
Lung function (FEV1/FVC),LUNG,0.23924068,10,0.05345911949685535,16,0.5046156664258961,0,Q3,0
Lung function (FEV1/FVC),LUNG,-0.22307377,5,0.05345911949685535,16,0.2425656831973492,0,Q2,0
Lung function (FEV1/FVC),LUNG,-0.34244883,7,0.05345911949685535,16,0.0823731174980129,0,Q2,0
Lung function (FEV1/FVC),LUNG,0.030654924,10,0.05345911949685535,16,0.3002871755852937,0,Q3,0
Lung function (FEV1/FVC),LUNG,-0.29675555,3,0.05345911949685535,15,0.6446845764464185,0,Q2,0
Lung function (FEV1/FVC),LUNG,0.06484666,1,0.05345911949685535,15,0.1367320783746313,1,Q3,0
Lung function (FEV1/FVC),LUNG,-0.23269427,9,0.05345911949685535,15,0.027809060257274,0,Q2,0
Lung function (FEV1/FVC),LUNG,-0.47950113,7,0.05345911949685535,15,0.0506149312970531,0,Q1,0
Lung function (FEV1/FVC),LUNG,-0.5354914,6,0.05345911949685535,15,0.7067411847658416,0,Q1,0
Lung function (FEV1/FVC),LUNG,2.1341975,5,0.05345911949685535,15,0.3289840197921999,0,Q4,1
Lung function (FEV1/FVC),LUNG,0.9429878,4,0.05345911949685535,15,0.5946939508286022,0,Q4,1
Lung function (FEV1/FVC),LUNG,-0.5725819,6,0.05345911949685535,15,0.0772003150834115,0,Q1,0
Lung function (FEV1/FVC),LUNG,2.3396153,7,0.05345911949685535,15,0.9958796716490108,0,Q4,1
Lung function (FEV1/FVC),LUNG,-0.3377845,5,0.05345911949685535,15,0.0622771389367075,0,Q2,0
Lung function (FEV1/FVC),LUNG,-0.56325895,1,0.05345911949685535,15,0.7441834383164788,1,Q1,0
Lung function (FEV1/FVC),LUNG,0.00092484744,3,0.05345911949685535,15,0.2172937304297318,0,Q3,0
Lung function (FEV1/FVC),LUNG,-0.5869875,10,0.05345911949685535,15,0.4852059577998739,0,Q1,0
Lung function (FEV1/FVC),LUNG,-0.42688292,6,0.05345911949685535,15,0.2194704280726164,0,Q2,0
Lung function (FEV1/FVC),LUNG,4.626967,9,0.05345911949685535,15,0.7122438452038995,0,Q4,1
Lung function (FEV1/FVC),LUNG,8.646583,9,0.05345911949685535,15,0.6283402484921564,0,Q4,1
Lung function (FEV1/FVC),LUNG,-0.44888648,10,0.05345911949685535,15,0.3425091248650733,0,Q2,0
Lung function (FEV1/FVC),LUNG,0.39987242,2,0.05345911949685535,14,0.1877053739256175,0,Q3,0
Lung function (FEV1/FVC),LUNG,2.8555381,11,0.05345911949685535,14,0.9466721631835134,0,Q4,1
Atopic dermatitis,SKIN,-0.37166548,8,0.07547169811320754,58,0.4146857239011337,0,Q2,0
Atopic dermatitis,SKIN,-0.075268455,1,0.07547169811320754,51,0.6839040335269755,1,Q3,0
Atopic dermatitis,SKIN,19.757803,2,0.07547169811320754,49,0.992781741350514,0,Q4,1
Atopic dermatitis,SKIN,-0.4713973,6,0.07547169811320754,48,0.0444811113593568,0,Q1,0
Atopic dermatitis,SKIN,-0.48128653,2,0.07547169811320754,39,0.5619483849623731,0,Q1,0
Atopic dermatitis,SKIN,-0.6118685,8,0.07547169811320754,35,0.8205282394813707,0,Q1,0
Atopic dermatitis,SKIN,0.03575892,7,0.07547169811320754,32,0.821080145329651,0,Q3,0
Atopic dermatitis,SKIN,-0.32928377,5,0.07547169811320754,25,0.5582605204996703,0,Q2,0
Atopic dermatitis,SKIN,-0.13083506,4,0.07547169811320754,25,0.7330908391966999,0,Q3,0
Atopic dermatitis,SKIN,-0.27796233,4,0.07547169811320754,23,0.1507934544240022,0,Q2,0
Atopic dermatitis,SKIN,-0.24471876,7,0.07547169811320754,21,0.2612225327681375,0,Q2,0
Atopic dermatitis,SKIN,0.8453308,2,0.07547169811320754,20,0.9460344063154292,0,Q4,1
Atopic dermatitis,SKIN,1.5271556,8,0.07547169811320754,20,0.2105637681632486,0,Q4,1
Atopic dermatitis,SKIN,5.474589,8,0.07547169811320754,18,0.0556641772334049,0,Q4,1
Atopic dermatitis,SKIN,5.775628,4,0.07547169811320754,18,0.999892601635024,0,Q4,1
Atopic dermatitis,SKIN,0.8160886,3,0.07547169811320754,18,0.3103783661722882,0,Q4,1
Atopic dermatitis,SKIN,-0.28478992,7,0.07547169811320754,18,0.9999417164860984,0,Q2,0
Atopic dermatitis,SKIN,-0.038867764,9,0.07547169811320754,18,0.0925025547996323,0,Q3,0
Atopic dermatitis,SKIN,-0.3278583,6,0.07547169811320754,18,0.1315601237333931,0,Q2,0
Atopic dermatitis,SKIN,-0.21633337,5,0.07547169811320754,17,0.1009048332215596,0,Q3,0
Atopic dermatitis,SKIN,-0.35609102,1,0.07547169811320754,17,0.0436224181886509,1,Q2,0
Atopic dermatitis,SKIN,-0.70376116,10,0.07547169811320754,17,0.183626090058383,0,Q1,0
Atopic dermatitis,SKIN,0.54070175,11,0.07547169811320754,17,0.8534072235779983,0,Q4,0
Atopic dermatitis,SKIN,-0.20436437,1,0.07547169811320754,17,0.1484580319865654,1,Q3,0
Atopic dermatitis,SKIN,-0.1475785,10,0.07547169811320754,17,0.6384036564415099,0,Q3,0
Atopic dermatitis,SKIN,18.719496,7,0.07547169811320754,15,0.7312182796337727,0,Q4,1
Atopic dermatitis,SKIN,35.022247,1,0.07547169811320754,15,0.0689124205636897,1,Q4,1
Atopic dermatitis,SKIN,2.0719874,2,0.07547169811320754,15,0.821707511182939,0,Q4,1
Atopic dermatitis,SKIN,-0.2855302,10,0.07547169811320754,14,1.0,0,Q2,0
Atopic dermatitis,SKIN,1.0789671,1,0.07547169811320754,14,0.0421774303041779,1,Q4,1
Atopic dermatitis,SKIN,-0.14792265,10,0.07547169811320754,13,1.0,0,Q3,0
Atopic dermatitis,SKIN,-0.13312551,5,0.07547169811320754,13,0.5442432832025446,0,Q3,0
Atopic dermatitis,SKIN,0.33059296,4,0.07547169811320754,13,0.1417341989861319,0,Q3,0
Atopic dermatitis,SKIN,-0.5872042,9,0.07547169811320754,13,0.0928198179602289,0,Q1,0
Atopic dermatitis,SKIN,-0.5326208,6,0.07547169811320754,13,0.3473653238010333,0,Q1,0
Atopic dermatitis,SKIN,25.194056,3,0.07547169811320754,13,1.0,0,Q4,1
Atopic dermatitis,SKIN,-0.65740925,8,0.07547169811320754,13,0.0379773609305578,0,Q1,0
Atopic dermatitis,SKIN,-0.054908283,2,0.07547169811320754,13,0.9972759437608976,0,Q3,0
Atopic dermatitis,SKIN,0.06809571,4,0.07547169811320754,12,0.5213407965459322,0,Q3,0
Atopic dermatitis,SKIN,1.6234761,4,0.07547169811320754,12,1.0,0,Q4,1
Atopic dermatitis,SKIN,-0.03544059,5,0.07547169811320754,12,0.4589742424464673,0,Q3,0
Atopic dermatitis,SKIN,-0.49819103,5,0.07547169811320754,12,1.0,0,Q1,0
Atopic dermatitis,SKIN,0.28898007,9,0.07547169811320754,12,1.0,0,Q3,0
Atopic dermatitis,SKIN,-0.56341255,4,0.07547169811320754,11,0.6969873289151155,0,Q1,0
Atopic dermatitis,SKIN,1.0094991,2,0.07547169811320754,11,1.0,0,Q4,1
Atopic dermatitis,SKIN,0.49160382,8,0.07547169811320754,11,0.0535024136768123,0,Q4,0
Atopic dermatitis,SKIN,-0.59840745,7,0.07547169811320754,11,0.4276376949749694,0,Q1,0
Atopic dermatitis,SKIN,-0.25400686,1,0.07547169811320754,11,0.0438805007794179,1,Q2,0
Atopic dermatitis,SKIN,11.332514,3,0.07547169811320754,11,0.6947713172192835,0,Q4,1
Atopic dermatitis,SKIN,0.28621677,7,0.07547169811320754,11,0.2839608759499804,0,Q3,0
Atopic dermatitis,SKIN,-0.37824866,7,0.07547169811320754,11,0.0264878915932244,0,Q2,0
Atopic dermatitis,SKIN,-0.35837728,11,0.07547169811320754,11,0.7642369304556079,0,Q2,0
Atopic dermatitis,SKIN,-0.07627128,2,0.07547169811320754,11,0.0788842507953863,0,Q3,0
Atopic dermatitis,SKIN,-0.5079126,6,0.07547169811320754,10,0.3248219620218617,0,Q1,0
Atopic dermatitis,SKIN,-0.22374175,9,0.07547169811320754,10,0.0369570120772451,0,Q2,0
Atopic dermatitis,SKIN,-0.5066456,10,0.07547169811320754,10,0.0728995823347859,0,Q1,0
Atopic dermatitis,SKIN,-0.08901944,7,0.07547169811320754,10,1.0,0,Q3,0
Atopic dermatitis,SKIN,0.7444492,2,0.07547169811320754,10,0.8336821659621413,0,Q4,0
Atopic dermatitis,SKIN,1.2556436,1,0.07547169811320754,10,1.0,1,Q4,1
Atopic dermatitis,SKIN,-0.505858,5,0.07547169811320754,10,0.1944308205514038,0,Q1,0
Atopic dermatitis,SKIN,4.2293773,4,0.07547169811320754,10,0.0605361689503323,0,Q4,1
Atopic dermatitis,SKIN,-0.51911,6,0.07547169811320754,10,0.9370182242287646,0,Q1,0
Atopic dermatitis,SKIN,-0.46807232,9,0.07547169811320754,10,0.2785113460479781,0,Q1,0
Atopic dermatitis,SKIN,0.66981107,8,0.07547169811320754,10,0.1536761630596843,0,Q4,0
Atopic dermatitis,SKIN,0.65209204,11,0.07547169811320754,10,1.0,0,Q4,0
Atopic dermatitis,SKIN,4.1539717,4,0.07547169811320754,10,1.0,0,Q4,1
Atopic dermatitis,SKIN,-0.33258632,7,0.07547169811320754,9,1.0,0,Q2,0
Atopic dermatitis,SKIN,19.590582,5,0.07547169811320754,9,0.6092830207398905,0,Q4,1
Atopic dermatitis,SKIN,-0.309681,8,0.07547169811320754,9,0.0204205850293886,0,Q2,0
Atopic dermatitis,SKIN,0.027351988,9,0.07547169811320754,9,0.0697651693036718,0,Q3,0
Atopic dermatitis,SKIN,3.2501476,1,0.07547169811320754,9,0.2095141044964829,1,Q4,1
Atopic dermatitis,SKIN,-0.6215721,6,0.07547169811320754,9,0.0282500175799738,0,Q1,0
Atopic dermatitis,SKIN,6.301098,6,0.07547169811320754,9,0.4508544012554044,0,Q4,1
Atopic dermatitis,SKIN,-0.5675363,9,0.07547169811320754,9,0.886055740142838,0,Q1,0
Atopic dermatitis,SKIN,-0.15826719,7,0.07547169811320754,9,1.0,0,Q3,0
Atopic dermatitis,SKIN,-0.42306235,8,0.07547169811320754,9,0.3822886148098716,0,Q2,0
Atopic dermatitis,SKIN,0.27826348,1,0.07547169811320754,9,0.4736653558899016,1,Q3,0
Atopic dermatitis,SKIN,3.1862621,8,0.07547169811320754,9,0.9949340979399226,0,Q4,1
Atopic dermatitis,SKIN,-0.41614804,1,0.07547169811320754,9,0.320403322487094,1,Q2,0
Atopic dermatitis,SKIN,-0.11528199,5,0.07547169811320754,9,0.7260237064622428,0,Q3,0
Atopic dermatitis,SKIN,-0.23301987,9,0.07547169811320754,9,0.4189586367590076,0,Q2,0
Atopic dermatitis,SKIN,-0.425863,6,0.07547169811320754,9,0.3323078729807136,0,Q2,0
Atopic dermatitis,SKIN,-0.5217668,7,0.07547169811320754,9,1.0,0,Q1,0
Atopic dermatitis,SKIN,3.3941603,7,0.07547169811320754,9,0.3409956697713043,0,Q4,1
Atopic dermatitis,SKIN,-0.21773715,7,0.07547169811320754,9,0.231898161453288,0,Q3,0
Type 2 diabetes (replication),ISLET,32.313103,11,0.08490566037735849,10,0.8313925489201973,0,Q4,1
Type 2 diabetes (replication),ISLET,1.1510713,6,0.08490566037735849,14,0.7553047376838243,0,Q4,1
Type 2 diabetes (replication),ISLET,0.35206652,9,0.08490566037735849,10,0.1831152496937307,0,Q3,1
Type 2 diabetes (replication),ISLET,-0.19133732,9,0.08490566037735849,16,0.9998467976146193,0,Q3,0
Type 2 diabetes (replication),ISLET,-0.35347512,7,0.08490566037735849,13,0.3611943663206575,0,Q2,0
Type 2 diabetes (replication),ISLET,-0.40269732,1,0.08490566037735849,9,0.3135902659767069,1,Q2,0
Type 2 diabetes (replication),ISLET,-0.3323593,9,0.08490566037735849,8,0.1635957018804458,0,Q2,0
Type 2 diabetes (replication),ISLET,0.16845877,1,0.08490566037735849,12,0.7291245426559018,1,Q3,0
Type 2 diabetes (replication),ISLET,-0.60305285,11,0.08490566037735849,16,0.9988459044221834,0,Q1,0
Type 2 diabetes (replication),ISLET,2.9202278,4,0.08490566037735849,9,0.9423135393985984,0,Q4,1
Type 2 diabetes (replication),ISLET,-0.11917345,1,0.08490566037735849,10,0.1285118395954364,1,Q3,0
Type 2 diabetes (replication),ISLET,-0.12849724,3,0.08490566037735849,11,0.2988516482409586,0,Q3,0
Type 2 diabetes (replication),ISLET,-0.60638547,6,0.08490566037735849,10,0.9965367508819272,0,Q1,0
Type 2 diabetes (replication),ISLET,-0.38397714,2,0.08490566037735849,18,0.9988970681682904,0,Q2,0
Type 2 diabetes (replication),ISLET,-0.7051028,3,0.08490566037735849,14,0.3843248832150225,0,Q1,0
Type 2 diabetes (replication),ISLET,1.7166532,11,0.08490566037735849,11,0.7820821680193158,0,Q4,1
Type 2 diabetes (replication),ISLET,-0.4969089,7,0.08490566037735849,10,0.7782040674866895,0,Q1,0
Type 2 diabetes (replication),ISLET,-0.5234746,9,0.08490566037735849,11,0.2010278554217675,0,Q1,0
Type 2 diabetes (replication),ISLET,0.27572957,1,0.08490566037735849,10,0.434882104538585,1,Q3,1
Type 2 diabetes (replication),ISLET,-0.0059936675,6,0.08490566037735849,14,0.1958595137138024,0,Q3,0
Type 2 diabetes (replication),ISLET,-0.5535782,4,0.08490566037735849,18,0.2035946438169887,0,Q1,0
Type 2 diabetes (replication),ISLET,-0.40475497,1,0.08490566037735849,9,0.1565583419133527,1,Q2,0
Type 2 diabetes (replication),ISLET,0.98725474,11,0.08490566037735849,34,0.224890394980414,0,Q4,1
Type 2 diabetes (replication),ISLET,-0.48941252,1,0.08490566037735849,18,0.3148827457585085,1,Q1,0
Type 2 diabetes (replication),ISLET,0.48795566,11,0.08490566037735849,28,0.2565592307861053,0,Q4,1
Type 2 diabetes (replication),ISLET,-0.015425586,3,0.08490566037735849,18,0.9999999999629416,0,Q3,0
Type 2 diabetes (replication),ISLET,-0.4154694,4,0.08490566037735849,11,0.0652001841738431,0,Q2,0
Type 2 diabetes (replication),ISLET,2.3099012,11,0.08490566037735849,12,0.999852268900276,0,Q4,1
Type 2 diabetes (replication),ISLET,-0.50704116,4,0.08490566037735849,10,0.5520596601168778,0,Q1,0
Type 2 diabetes (replication),ISLET,0.108569,1,0.08490566037735849,8,0.1562836107554361,1,Q3,0
Type 2 diabetes (replication),ISLET,-0.41620353,1,0.08490566037735849,22,0.4997228621057959,1,Q2,0
Type 2 diabetes (replication),ISLET,-0.1933952,5,0.08490566037735849,18,0.9999786554085855,0,Q3,0
Type 2 diabetes (replication),ISLET,2.071888,3,0.08490566037735849,15,0.987946576607394,0,Q4,1
Type 2 diabetes (replication),ISLET,-0.6005101,2,0.08490566037735849,16,0.9866015933030012,0,Q1,0
Type 2 diabetes (replication),ISLET,-0.46891323,8,0.08490566037735849,22,0.7907402481522484,0,Q1,0
Type 2 diabetes (replication),ISLET,-0.31113073,7,0.08490566037735849,15,0.9984587227207332,0,Q2,0
Type 2 diabetes (replication),ISLET,-0.6090724,5,0.08490566037735849,7,0.9805036361645502,0,Q1,0
Type 2 diabetes (replication),ISLET,-0.403495,3,0.08490566037735849,57,0.9623797318434846,0,Q2,0
Type 2 diabetes (replication),ISLET,-0.20668685,11,0.08490566037735849,9,0.0164126720994067,0,Q3,0
Type 2 diabetes (replication),ISLET,-0.3290718,2,0.08490566037735849,13,0.98369301871035,0,Q2,0
Type 2 diabetes (replication),ISLET,-0.59745854,9,0.08490566037735849,7,0.9986155373307772,0,Q1,0
Type 2 diabetes (replication),ISLET,-0.35515764,2,0.08490566037735849,44,0.9999989821932396,0,Q2,0
Type 2 diabetes (replication),ISLET,-0.3072861,8,0.08490566037735849,10,0.3555004254234884,0,Q2,0
Type 2 diabetes (replication),ISLET,-0.30978885,11,0.08490566037735849,13,0.6669839483633812,0,Q2,0
Type 2 diabetes (replication),ISLET,-0.11107967,8,0.08490566037735849,24,0.4217842992780725,0,Q3,0
Type 2 diabetes (replication),ISLET,-0.3909775,2,0.08490566037735849,11,0.6399130452554062,0,Q2,0
Type 2 diabetes (replication),ISLET,-0.12064353,10,0.08490566037735849,23,0.9961735338827992,0,Q3,0
Type 2 diabetes (replication),ISLET,-0.55992347,1,0.08490566037735849,39,0.7058982554069463,1,Q1,0
Type 2 diabetes (replication),ISLET,-0.51839316,6,0.08490566037735849,10,0.417688065975811,0,Q1,0
Type 2 diabetes (replication),ISLET,-0.5905926,9,0.08490566037735849,10,0.99947897944236,0,Q1,0
Type 2 diabetes (replication),ISLET,0.9919755,8,0.08490566037735849,32,1.0,0,Q4,1
Type 2 diabetes (replication),ISLET,0.1510053,11,0.08490566037735849,10,0.9842225550831664,0,Q3,0
Type 2 diabetes (replication),ISLET,-0.5501515,7,0.08490566037735849,9,0.0412452020613102,0,Q1,0
Type 2 diabetes (replication),ISLET,0.019280868,2,0.08490566037735849,21,0.8381127087380983,0,Q3,0
Type 2 diabetes (replication),ISLET,-0.3222779,1,0.08490566037735849,13,0.9999999996184742,1,Q2,0
Type 2 diabetes (replication),ISLET,-0.1958604,3,0.08490566037735849,12,0.859117811576699,0,Q3,0
Type 2 diabetes (replication),ISLET,-0.48860973,10,0.08490566037735849,6,0.9961958336044184,0,Q1,0
Type 2 diabetes (replication),ISLET,-0.047148228,7,0.08490566037735849,8,0.0304078409537278,0,Q3,0
Type 2 diabetes (replication),ISLET,-0.14076723,8,0.08490566037735849,9,0.5428633931412425,0,Q3,0
Type 2 diabetes (replication),ISLET,-0.19345857,3,0.08490566037735849,12,0.6352142127431952,0,Q3,0
Type 2 diabetes (replication),ISLET,0.6937269,7,0.08490566037735849,323,1.0,0,Q4,1
Type 2 diabetes (replication),ISLET,0.044893302,4,0.08490566037735849,9,0.7987104721053244,0,Q3,0
Type 2 diabetes (replication),ISLET,-0.058420923,11,0.08490566037735849,11,0.0669008982890577,0,Q3,0
Type 2 diabetes (replication),ISLET,0.5678984,9,0.08490566037735849,7,0.1730207187409892,0,Q4,1
Type 2 diabetes (replication),ISLET,-0.5938443,2,0.08490566037735849,9,0.1584696966503851,0,Q1,0
Type 2 diabetes (replication),ISLET,0.6873544,10,0.08490566037735849,11,0.4365982118185222,0,Q4,1
Type 2 diabetes (replication),ISLET,0.021655213,10,0.08490566037735849,8,0.0216539207448332,0,Q3,0
Type 2 diabetes (replication),ISLET,0.40502527,1,0.08490566037735849,12,0.309004040779935,1,Q3,1
Type 2 diabetes (replication),ISLET,0.3658279,9,0.08490566037735849,47,0.1589509901400017,0,Q3,1
Type 2 diabetes (replication),ISLET,-0.28455403,6,0.08490566037735849,6,0.2820869971549494,0,Q2,0
Type 2 diabetes (replication),ISLET,0.27506578,10,0.08490566037735849,11,0.2716120560840658,0,Q3,1
Type 2 diabetes (replication),ISLET,3.0734065,5,0.08490566037735849,22,0.9999995587574496,0,Q4,1
Type 2 diabetes (replication),ISLET,3.2766683,5,0.08490566037735849,9,0.940371717447823,0,Q4,1
Type 2 diabetes (replication),ISLET,1.7209336,9,0.08490566037735849,8,0.1654805667879896,0,Q4,1
Type 2 diabetes (replication),ISLET,0.43578708,11,0.08490566037735849,9,0.0950005359666324,0,Q4,1
Type 2 diabetes (replication),ISLET,-0.2724969,2,0.08490566037735849,7,0.5003675120843014,0,Q2,0
Type 2 diabetes (replication),ISLET,2.1200907,1,0.08490566037735849,30,0.9943484347982166,1,Q4,1
Type 2 diabetes (replication),ISLET,-0.569845,9,0.08490566037735849,13,0.7685282881729495,0,Q1,0
Type 2 diabetes (replication),ISLET,0.5022384,11,0.08490566037735849,8,0.5317752996395639,0,Q4,1
Type 2 diabetes (replication),ISLET,-0.18616332,9,0.08490566037735849,10,0.5685768927662019,0,Q3,0
Type 2 diabetes (replication),ISLET,-0.5056728,5,0.08490566037735849,10,0.6850205623769213,0,Q1,0
Type 2 diabetes (replication),ISLET,-0.47430584,8,0.08490566037735849,9,0.223796186278453,0,Q1,0
Type 2 diabetes (replication),ISLET,-0.40388688,9,0.08490566037735849,62,0.934623197662854,0,Q2,0
Type 2 diabetes (replication),ISLET,-0.21745738,4,0.08490566037735849,57,0.9960784679245496,0,Q3,0
Type 2 diabetes (replication),ISLET,-0.61027557,2,0.08490566037735849,17,0.8659406626774142,0,Q1,0
Type 2 diabetes (replication),ISLET,4.3080807,10,0.08490566037735849,24,0.6409863204273595,0,Q4,1
Type 2 diabetes (replication),ISLET,0.06384123,11,0.08490566037735849,10,0.1720128390194591,0,Q3,0
Type 2 diabetes (replication),ISLET,-0.5634019,4,0.08490566037735849,13,0.0576461416818763,0,Q1,0
Type 2 diabetes (replication),ISLET,-0.42157924,2,0.08490566037735849,10,0.5014405682149088,0,Q2,0
Type 2 diabetes (replication),ISLET,-0.44306642,2,0.08490566037735849,14,0.4504753010584919,0,Q2,0
Type 2 diabetes (replication),ISLET,0.110655665,5,0.08490566037735849,10,0.054769501517288,0,Q3,0
Type 2 diabetes (replication),ISLET,-0.52608204,10,0.08490566037735849,17,0.9716185189035064,0,Q1,0
Type 2 diabetes (replication),ISLET,1.1642538,3,0.08490566037735849,15,0.9341778456134396,0,Q4,1
Type 2 diabetes (replication),ISLET,-0.1922672,3,0.08490566037735849,11,0.7429076500817642,0,Q3,0
Type 2 diabetes (replication),ISLET,-0.64251316,1,0.08490566037735849,14,0.0558691973002324,1,Q1,0
Type 2 diabetes (replication),ISLET,1.2272214,8,0.08490566037735849,9,0.2040492392776171,0,Q4,1
Type 2 diabetes (replication),ISLET,-0.60406727,11,0.08490566037735849,11,0.4679382775109645,0,Q1,0
Type 2 diabetes (replication),ISLET,-0.15853788,11,0.08490566037735849,9,0.7751412490593481,0,Q3,0
Type 2 diabetes (replication),ISLET,0.656642,4,0.08490566037735849,10,0.2642626579790658,0,Q4,1
Type 2 diabetes (replication),ISLET,-0.10312826,6,0.08490566037735849,10,0.4721562188507537,0,Q3,0
Type 2 diabetes (replication),ISLET,-0.4008002,11,0.08490566037735849,10,0.0992267571546208,0,Q2,0
Type 2 diabetes (replication),ISLET,-0.2840341,8,0.08490566037735849,17,0.6930254645487349,0,Q2,0
Type 2 diabetes (replication),ISLET,-0.50733495,2,0.08490566037735849,22,0.5301622635609947,0,Q1,0
Type 2 diabetes (replication),ISLET,-0.42079023,2,0.08490566037735849,15,0.584929861039597,0,Q2,0
Type 2 diabetes (replication),ISLET,0.9666947,7,0.08490566037735849,10,0.0718230017091457,0,Q4,1
Type 2 diabetes (replication),ISLET,1.3104205,1,0.08490566037735849,29,0.9750865551636096,1,Q4,1
Type 2 diabetes (replication),ISLET,-0.43457633,3,0.08490566037735849,11,0.7085574307371846,0,Q2,0
Type 2 diabetes (replication),ISLET,-0.28272465,3,0.08490566037735849,19,0.4692828260106476,0,Q2,0
Type 2 diabetes (replication),ISLET,-0.46434045,5,0.08490566037735849,11,0.7255010717074177,0,Q1,0
Type 2 diabetes (replication),ISLET,-0.23712823,4,0.08490566037735849,52,0.5951452900914075,0,Q2,0
Type 2 diabetes (replication),ISLET,-0.48990163,2,0.08490566037735849,16,0.9262385612271944,0,Q1,0
Type 2 diabetes (replication),ISLET,-0.2575258,9,0.08490566037735849,106,1.0,0,Q2,0
Type 2 diabetes (replication),ISLET,0.16803837,11,0.08490566037735849,9,0.1447674157967117,0,Q3,0
Type 2 diabetes (replication),ISLET,-0.43109488,5,0.08490566037735849,26,1.0,0,Q2,0
Type 2 diabetes (replication),ISLET,-0.47178245,4,0.08490566037735849,12,0.2963584823240555,0,Q1,0
Type 2 diabetes (replication),ISLET,-0.49752805,8,0.08490566037735849,10,0.1752111272354523,0,Q1,0
Type 2 diabetes (replication),ISLET,0.064734355,3,0.08490566037735849,9,0.9965185595804208,0,Q3,0
Type 2 diabetes (replication),ISLET,1.9123312,8,0.08490566037735849,9,0.8086976385130549,0,Q4,1
