name,strand,Assay title,ontology_curie,biosample_name,biosample_type,biosample_life_stage,histone_mark,data_source,endedness,genetically_modified,nonzero_mean,grp
CL:0000047 Histone ChIP-seq H2AFZ,.,Histone ChIP-seq,CL:0000047,neuronal stem cell,in_vitro_differentiated_cells,embryonic,H2AFZ,encode,single,False,0.9536862373352051,BRAIN
CL:0000047 Histone ChIP-seq H2AK5ac,.,Histone ChIP-seq,CL:0000047,neuronal stem cell,in_vitro_differentiated_cells,embryonic,H2AK5ac,encode,single,False,0.8193653225898743,BRAIN
CL:0000047 Histone ChIP-seq H2BK5ac,.,Histone ChIP-seq,CL:0000047,neuronal stem cell,in_vitro_differentiated_cells,embryonic,H2BK5ac,encode,single,False,1.0392050743103027,BRAIN
CL:0000047 Histone ChIP-seq H3K18ac,.,Histone ChIP-seq,CL:0000047,neuronal stem cell,in_vitro_differentiated_cells,embryonic,H3K18ac,encode,single,False,1.0500943660736084,BRAIN
CL:0000047 Histone ChIP-seq H3K27ac,.,Histone ChIP-seq,CL:0000047,neuronal stem cell,in_vitro_differentiated_cells,embryonic,H3K27ac,encode,single,False,0.7851823568344116,BRAIN
CL:0000047 Histone ChIP-seq H3K27me3,.,Histone ChIP-seq,CL:0000047,neuronal stem cell,in_vitro_differentiated_cells,embryonic,H3K27me3,encode,single,False,0.770723819732666,BRAIN
CL:0000047 Histone ChIP-seq H3K36me3,.,Histone ChIP-seq,CL:0000047,neuronal stem cell,in_vitro_differentiated_cells,embryonic,H3K36me3,encode,single,False,0.7708343863487244,BRAIN
CL:0000047 Histone ChIP-seq H3K4me1,.,Histone ChIP-seq,CL:0000047,neuronal stem cell,in_vitro_differentiated_cells,embryonic,H3K4me1,encode,single,False,0.7552356719970703,BRAIN
CL:0000047 Histone ChIP-seq H3K4me2,.,Histone ChIP-seq,CL:0000047,neuronal stem cell,in_vitro_differentiated_cells,embryonic,H3K4me2,encode,single,False,4.456033229827881,BRAIN
CL:0000047 Histone ChIP-seq H3K4me3,.,Histone ChIP-seq,CL:0000047,neuronal stem cell,in_vitro_differentiated_cells,embryonic,H3K4me3,encode,single,False,0.7188356518745422,BRAIN
CL:0000047 Histone ChIP-seq H3K9me3,.,Histone ChIP-seq,CL:0000047,neuronal stem cell,in_vitro_differentiated_cells,embryonic,H3K9me3,encode,single,False,0.9412810802459717,BRAIN
CL:0000062 Histone ChIP-seq H2AFZ,.,Histone ChIP-seq,CL:0000062,osteoblast,primary_cell,unknown,H2AFZ,encode,single,False,0.8986108303070068,
CL:0000062 Histone ChIP-seq H3K27ac,.,Histone ChIP-seq,CL:0000062,osteoblast,primary_cell,unknown,H3K27ac,encode,single,False,0.9727509021759033,
CL:0000062 Histone ChIP-seq H3K27me3,.,Histone ChIP-seq,CL:0000062,osteoblast,primary_cell,unknown,H3K27me3,encode,single,False,1.0972812175750732,
CL:0000062 Histone ChIP-seq H3K36me3,.,Histone ChIP-seq,CL:0000062,osteoblast,primary_cell,unknown,H3K36me3,encode,single,False,1.015264868736267,
CL:0000062 Histone ChIP-seq H3K4me1,.,Histone ChIP-seq,CL:0000062,osteoblast,primary_cell,unknown,H3K4me1,encode,single,False,1.1814732551574707,
CL:0000062 Histone ChIP-seq H3K4me2,.,Histone ChIP-seq,CL:0000062,osteoblast,primary_cell,unknown,H3K4me2,encode,single,False,1.0706583261489868,
CL:0000062 Histone ChIP-seq H3K4me3,.,Histone ChIP-seq,CL:0000062,osteoblast,primary_cell,unknown,H3K4me3,encode,single,False,0.8181998133659363,
CL:0000062 Histone ChIP-seq H3K79me2,.,Histone ChIP-seq,CL:0000062,osteoblast,primary_cell,unknown,H3K79me2,encode,single,False,0.9088215231895447,
CL:0000062 Histone ChIP-seq H4K20me1,.,Histone ChIP-seq,CL:0000062,osteoblast,primary_cell,unknown,H4K20me1,encode,single,False,0.9834175109863281,
CL:0000084 Histone ChIP-seq H3K27ac,.,Histone ChIP-seq,CL:0000084,T-cell,primary_cell,adult,H3K27ac,encode,single,False,0.9991254806518555,
CL:0000084 Histone ChIP-seq H3K27me3,.,Histone ChIP-seq,CL:0000084,T-cell,primary_cell,adult,H3K27me3,encode,single,False,1.5949115753173828,
CL:0000084 Histone ChIP-seq H3K36me3,.,Histone ChIP-seq,CL:0000084,T-cell,primary_cell,adult,H3K36me3,encode,single,False,1.556289553642273,
CL:0000084 Histone ChIP-seq H3K4me1,.,Histone ChIP-seq,CL:0000084,T-cell,primary_cell,adult,H3K4me1,encode,single,False,1.8891668319702148,
CL:0000084 Histone ChIP-seq H3K4me3,.,Histone ChIP-seq,CL:0000084,T-cell,primary_cell,adult,H3K4me3,encode,single,False,1.0828938484191895,
CL:0000084 Histone ChIP-seq H3K9me3,.,Histone ChIP-seq,CL:0000084,T-cell,primary_cell,adult,H3K9me3,encode,single,False,1.4542584419250488,
CL:0000100 Histone ChIP-seq H3K27ac,.,Histone ChIP-seq,CL:0000100,motor neuron,in_vitro_differentiated_cells,adult,H3K27ac,encode,paired,False,0.7073226571083069,BRAIN
CL:0000100 Histone ChIP-seq H3K4me1,.,Histone ChIP-seq,CL:0000100,motor neuron,in_vitro_differentiated_cells,adult,H3K4me1,encode,paired,False,0.7302386164665222,BRAIN
CL:0000100 Histone ChIP-seq H3K4me3,.,Histone ChIP-seq,CL:0000100,motor neuron,in_vitro_differentiated_cells,adult,H3K4me3,encode,paired,False,0.5290273427963257,BRAIN
CL:0000127 Histone ChIP-seq H2AFZ,.,Histone ChIP-seq,CL:0000127,astrocyte,primary_cell,unknown,H2AFZ,encode,single,False,0.9853001832962036,BRAIN
CL:0000127 Histone ChIP-seq H3K27ac,.,Histone ChIP-seq,CL:0000127,astrocyte,primary_cell,unknown,H3K27ac,encode,single,False,1.4272104501724243,BRAIN
CL:0000127 Histone ChIP-seq H3K27me3,.,Histone ChIP-seq,CL:0000127,astrocyte,primary_cell,unknown,H3K27me3,encode,single,False,1.2708724737167358,BRAIN
CL:0000127 Histone ChIP-seq H3K36me3,.,Histone ChIP-seq,CL:0000127,astrocyte,primary_cell,unknown,H3K36me3,encode,single,False,1.2181681394577026,BRAIN
CL:0000127 Histone ChIP-seq H3K4me1,.,Histone ChIP-seq,CL:0000127,astrocyte,primary_cell,unknown,H3K4me1,encode,single,False,1.2631609439849854,BRAIN
CL:0000127 Histone ChIP-seq H3K4me2,.,Histone ChIP-seq,CL:0000127,astrocyte,primary_cell,unknown,H3K4me2,encode,single,False,0.9199391603469849,BRAIN
CL:0000127 Histone ChIP-seq H3K4me3,.,Histone ChIP-seq,CL:0000127,astrocyte,primary_cell,unknown,H3K4me3,encode,single,False,1.1788583993911743,BRAIN
CL:0000127 Histone ChIP-seq H3K79me2,.,Histone ChIP-seq,CL:0000127,astrocyte,primary_cell,unknown,H3K79me2,encode,single,False,1.0779250860214233,BRAIN
CL:0000127 Histone ChIP-seq H3K9ac,.,Histone ChIP-seq,CL:0000127,astrocyte,primary_cell,unknown,H3K9ac,encode,single,False,0.8123817443847656,BRAIN
CL:0000127 Histone ChIP-seq H4K20me1,.,Histone ChIP-seq,CL:0000127,astrocyte,primary_cell,unknown,H4K20me1,encode,single,False,0.8229295611381531,BRAIN
CL:0000134 Histone ChIP-seq H2BK120ac,.,Histone ChIP-seq,CL:0000134,mesenchymal stem cell,in_vitro_differentiated_cells,embryonic,H2BK120ac,encode,single,False,1.5077080726623535,
CL:0000134 Histone ChIP-seq H2BK12ac,.,Histone ChIP-seq,CL:0000134,mesenchymal stem cell,in_vitro_differentiated_cells,embryonic,H2BK12ac,encode,single,False,1.1039183139801025,
CL:0000134 Histone ChIP-seq H3K14ac,.,Histone ChIP-seq,CL:0000134,mesenchymal stem cell,in_vitro_differentiated_cells,embryonic,H3K14ac,encode,single,False,1.2969588041305542,
CL:0000134 Histone ChIP-seq H3K18ac,.,Histone ChIP-seq,CL:0000134,mesenchymal stem cell,in_vitro_differentiated_cells,embryonic,H3K18ac,encode,single,False,1.0279197692871094,
CL:0000134 Histone ChIP-seq H3K27ac,.,Histone ChIP-seq,CL:0000134,mesenchymal stem cell,in_vitro_differentiated_cells,embryonic,H3K27ac,encode,single,False,0.7909675240516663,
CL:0000134 Histone ChIP-seq H3K27me3,.,Histone ChIP-seq,CL:0000134,mesenchymal stem cell,primary_cell,adult,H3K27me3,encode,single,False,1.0067557096481323,
CL:0000134 Histone ChIP-seq H3K36me3,.,Histone ChIP-seq,CL:0000134,mesenchymal stem cell,primary_cell,adult,H3K36me3,encode,single,False,0.9950606822967529,
CL:0000134 Histone ChIP-seq H3K4ac,.,Histone ChIP-seq,CL:0000134,mesenchymal stem cell,in_vitro_differentiated_cells,embryonic,H3K4ac,encode,single,False,1.0210992097854614,
CL:0000134 Histone ChIP-seq H3K4me1,.,Histone ChIP-seq,CL:0000134,mesenchymal stem cell,primary_cell,adult,H3K4me1,encode,single,False,1.1552000045776367,
CL:0000134 Histone ChIP-seq H3K4me3,.,Histone ChIP-seq,CL:0000134,mesenchymal stem cell,primary_cell,adult,H3K4me3,encode,single,False,0.9800390601158142,
CL:0000134 Histone ChIP-seq H3K9ac,.,Histone ChIP-seq,CL:0000134,mesenchymal stem cell,primary_cell,adult,H3K9ac,encode,single,False,0.8497458100318909,
CL:0000134 Histone ChIP-seq H3K9me3,.,Histone ChIP-seq,CL:0000134,mesenchymal stem cell,primary_cell,adult,H3K9me3,encode,single,False,1.0167886018753052,
CL:0000134 Histone ChIP-seq H4K8ac,.,Histone ChIP-seq,CL:0000134,mesenchymal stem cell,in_vitro_differentiated_cells,embryonic,H4K8ac,encode,single,False,1.4190325736999512,
CL:0000134 Histone ChIP-seq H4K91ac,.,Histone ChIP-seq,CL:0000134,mesenchymal stem cell,in_vitro_differentiated_cells,embryonic,H4K91ac,encode,single,False,1.3199173212051392,
CL:0000136 Histone ChIP-seq H3K27me3,.,Histone ChIP-seq,CL:0000136,adipocyte,in_vitro_differentiated_cells,adult,H3K27me3,encode,single,False,0.963962733745575,ADIPOSE
CL:0000136 Histone ChIP-seq H3K36me3,.,Histone ChIP-seq,CL:0000136,adipocyte,in_vitro_differentiated_cells,adult,H3K36me3,encode,single,False,0.9868001341819763,ADIPOSE
CL:0000136 Histone ChIP-seq H3K4me1,.,Histone ChIP-seq,CL:0000136,adipocyte,in_vitro_differentiated_cells,adult,H3K4me1,encode,single,False,1.0046213865280151,ADIPOSE
CL:0000136 Histone ChIP-seq H3K4me3,.,Histone ChIP-seq,CL:0000136,adipocyte,in_vitro_differentiated_cells,adult,H3K4me3,encode,single,False,0.9553647637367249,ADIPOSE
CL:0000136 Histone ChIP-seq H3K9ac,.,Histone ChIP-seq,CL:0000136,adipocyte,in_vitro_differentiated_cells,adult,H3K9ac,encode,single,False,0.9475537538528442,ADIPOSE
CL:0000136 Histone ChIP-seq H3K9me3,.,Histone ChIP-seq,CL:0000136,adipocyte,in_vitro_differentiated_cells,adult,H3K9me3,encode,single,False,0.9842337965965271,ADIPOSE
CL:0000182 Histone ChIP-seq H2AFZ,.,Histone ChIP-seq,CL:0000182,hepatocyte,in_vitro_differentiated_cells,embryonic,H2AFZ,encode,single,False,0.7985633611679077,LIVER
CL:0000182 Histone ChIP-seq H3K27ac,.,Histone ChIP-seq,CL:0000182,hepatocyte,in_vitro_differentiated_cells,embryonic,H3K27ac,encode,single,False,0.7550026774406433,LIVER
CL:0000182 Histone ChIP-seq H3K4me1,.,Histone ChIP-seq,CL:0000182,hepatocyte,in_vitro_differentiated_cells,embryonic,H3K4me1,encode,single,False,0.8030983805656433,LIVER
CL:0000182 Histone ChIP-seq H3K4me2,.,Histone ChIP-seq,CL:0000182,hepatocyte,in_vitro_differentiated_cells,embryonic,H3K4me2,encode,single,False,0.7852492928504944,LIVER
CL:0000182 Histone ChIP-seq H3K4me3,.,Histone ChIP-seq,CL:0000182,hepatocyte,in_vitro_differentiated_cells,embryonic,H3K4me3,encode,single,False,0.8021527528762817,LIVER
CL:0000182 Histone ChIP-seq H3K79me2,.,Histone ChIP-seq,CL:0000182,hepatocyte,in_vitro_differentiated_cells,embryonic,H3K79me2,encode,single,False,0.7845624685287476,LIVER
CL:0000182 Histone ChIP-seq H3K9ac,.,Histone ChIP-seq,CL:0000182,hepatocyte,in_vitro_differentiated_cells,embryonic,H3K9ac,encode,single,False,0.8397226333618164,LIVER
CL:0000188 Histone ChIP-seq H3K4me3,.,Histone ChIP-seq,CL:0000188,skeletal muscle cell,primary_cell,unknown,H3K4me3,encode,single,False,2.709303379058838,MUSCLE
CL:0000192 Histone ChIP-seq H2AFZ,.,Histone ChIP-seq,CL:0000192,smooth muscle cell,in_vitro_differentiated_cells,embryonic,H2AFZ,encode,single,False,0.821370005607605,ARTERY
CL:0000192 Histone ChIP-seq H3K27ac,.,Histone ChIP-seq,CL:0000192,smooth muscle cell,in_vitro_differentiated_cells,embryonic,H3K27ac,encode,single,False,0.839430570602417,ARTERY
CL:0000192 Histone ChIP-seq H3K27me3,.,Histone ChIP-seq,CL:0000192,smooth muscle cell,in_vitro_differentiated_cells,embryonic,H3K27me3,encode,single,False,0.8422687649726868,ARTERY
CL:0000192 Histone ChIP-seq H3K4me1,.,Histone ChIP-seq,CL:0000192,smooth muscle cell,in_vitro_differentiated_cells,embryonic,H3K4me1,encode,single,False,0.8201920390129089,ARTERY
CL:0000192 Histone ChIP-seq H3K4me2,.,Histone ChIP-seq,CL:0000192,smooth muscle cell,in_vitro_differentiated_cells,embryonic,H3K4me2,encode,single,False,0.806756854057312,ARTERY
CL:0000192 Histone ChIP-seq H3K4me3,.,Histone ChIP-seq,CL:0000192,smooth muscle cell,in_vitro_differentiated_cells,embryonic,H3K4me3,encode,single,False,0.8416850566864014,ARTERY
CL:0000192 Histone ChIP-seq H3K79me2,.,Histone ChIP-seq,CL:0000192,smooth muscle cell,in_vitro_differentiated_cells,embryonic,H3K79me2,encode,single,False,0.8435471057891846,ARTERY
CL:0000192 Histone ChIP-seq H3K9ac,.,Histone ChIP-seq,CL:0000192,smooth muscle cell,in_vitro_differentiated_cells,embryonic,H3K9ac,encode,single,False,0.858325719833374,ARTERY
CL:0000192 Histone ChIP-seq H4K20me1,.,Histone ChIP-seq,CL:0000192,smooth muscle cell,in_vitro_differentiated_cells,embryonic,H4K20me1,encode,single,False,0.8388375639915466,ARTERY
CL:0000221 Histone ChIP-seq H3K27me3,.,Histone ChIP-seq,CL:0000221,ectodermal cell,in_vitro_differentiated_cells,embryonic,H3K27me3,encode,single,False,1.1612815856933594,
CL:0000221 Histone ChIP-seq H3K36me3,.,Histone ChIP-seq,CL:0000221,ectodermal cell,in_vitro_differentiated_cells,embryonic,H3K36me3,encode,single,False,1.5367928743362427,
CL:0000221 Histone ChIP-seq H3K4me1,.,Histone ChIP-seq,CL:0000221,ectodermal cell,in_vitro_differentiated_cells,embryonic,H3K4me1,encode,single,False,1.7136114835739136,
CL:0000221 Histone ChIP-seq H3K4me3,.,Histone ChIP-seq,CL:0000221,ectodermal cell,in_vitro_differentiated_cells,embryonic,H3K4me3,encode,single,False,1.5633736848831177,
CL:0000222 Histone ChIP-seq H3K27ac,.,Histone ChIP-seq,CL:0000222,mesodermal cell,in_vitro_differentiated_cells,embryonic,H3K27ac,encode,single,False,1.0044140815734863,
CL:0000222 Histone ChIP-seq H3K36me3,.,Histone ChIP-seq,CL:0000222,mesodermal cell,in_vitro_differentiated_cells,embryonic,H3K36me3,encode,single,False,1.930644154548645,
CL:0000222 Histone ChIP-seq H3K4me1,.,Histone ChIP-seq,CL:0000222,mesodermal cell,in_vitro_differentiated_cells,embryonic,H3K4me1,encode,single,False,2.2661662101745605,
CL:0000222 Histone ChIP-seq H3K4me3,.,Histone ChIP-seq,CL:0000222,mesodermal cell,in_vitro_differentiated_cells,embryonic,H3K4me3,encode,single,False,5.64929723739624,
CL:0000222 Histone ChIP-seq H3K9me3,.,Histone ChIP-seq,CL:0000222,mesodermal cell,in_vitro_differentiated_cells,embryonic,H3K9me3,encode,single,False,0.9807572364807129,
CL:0000223 Histone ChIP-seq H3K27ac,.,Histone ChIP-seq,CL:0000223,endodermal cell,in_vitro_differentiated_cells,embryonic,H3K27ac,encode,single,False,0.9079552888870239,
CL:0000223 Histone ChIP-seq H3K27me3,.,Histone ChIP-seq,CL:0000223,endodermal cell,in_vitro_differentiated_cells,embryonic,H3K27me3,encode,single,False,0.9090101718902588,
CL:0000223 Histone ChIP-seq H3K36me3,.,Histone ChIP-seq,CL:0000223,endodermal cell,in_vitro_differentiated_cells,embryonic,H3K36me3,encode,single,False,0.9991441965103149,
CL:0000223 Histone ChIP-seq H3K4me1,.,Histone ChIP-seq,CL:0000223,endodermal cell,in_vitro_differentiated_cells,embryonic,H3K4me1,encode,single,False,1.5521838665008545,
CL:0000223 Histone ChIP-seq H3K4me3,.,Histone ChIP-seq,CL:0000223,endodermal cell,in_vitro_differentiated_cells,embryonic,H3K4me3,encode,single,False,0.8614636063575745,
CL:0000223 Histone ChIP-seq H3K9me3,.,Histone ChIP-seq,CL:0000223,endodermal cell,in_vitro_differentiated_cells,embryonic,H3K9me3,encode,single,False,0.9326905608177185,
CL:0000236 Histone ChIP-seq H2AFZ,.,Histone ChIP-seq,CL:0000236,B cell,primary_cell,adult,H2AFZ,encode,single,False,1.154281735420227,IMMUNE
CL:0000236 Histone ChIP-seq H3K27ac,.,Histone ChIP-seq,CL:0000236,B cell,primary_cell,adult,H3K27ac,encode,single,False,0.7319360375404358,IMMUNE
CL:0000236 Histone ChIP-seq H3K27me3,.,Histone ChIP-seq,CL:0000236,B cell,primary_cell,adult,H3K27me3,encode,single,False,0.9429988265037537,IMMUNE
CL:0000236 Histone ChIP-seq H3K36me3,.,Histone ChIP-seq,CL:0000236,B cell,primary_cell,adult,H3K36me3,encode,single,False,1.481370449066162,IMMUNE
CL:0000236 Histone ChIP-seq H3K4me1,.,Histone ChIP-seq,CL:0000236,B cell,primary_cell,adult,H3K4me1,encode,single,False,0.7308036684989929,IMMUNE
CL:0000236 Histone ChIP-seq H3K4me2,.,Histone ChIP-seq,CL:0000236,B cell,primary_cell,adult,H3K4me2,encode,single,False,1.029736876487732,IMMUNE
CL:0000236 Histone ChIP-seq H3K4me3,.,Histone ChIP-seq,CL:0000236,B cell,primary_cell,adult,H3K4me3,encode,single,False,0.789939820766449,IMMUNE
CL:0000236 Histone ChIP-seq H3K79me2,.,Histone ChIP-seq,CL:0000236,B cell,primary_cell,adult,H3K79me2,encode,single,False,1.1787657737731934,IMMUNE
CL:0000236 Histone ChIP-seq H3K9ac,.,Histone ChIP-seq,CL:0000236,B cell,primary_cell,adult,H3K9ac,encode,single,False,0.8615202903747559,IMMUNE
CL:0000236 Histone ChIP-seq H3K9me3,.,Histone ChIP-seq,CL:0000236,B cell,primary_cell,adult,H3K9me3,encode,single,False,0.916641891002655,IMMUNE
CL:0000312 Histone ChIP-seq H2AFZ,.,Histone ChIP-seq,CL:0000312,keratinocyte,primary_cell,unknown,H2AFZ,encode,single,False,0.8118183612823486,SKIN
CL:0000312 Histone ChIP-seq H3K27ac,.,Histone ChIP-seq,CL:0000312,keratinocyte,primary_cell,unknown,H3K27ac,encode,single,False,2.179088830947876,SKIN
CL:0000312 Histone ChIP-seq H3K36me3,.,Histone ChIP-seq,CL:0000312,keratinocyte,primary_cell,unknown,H3K36me3,encode,single,False,1.3998640775680542,SKIN
CL:0000312 Histone ChIP-seq H3K4me1,.,Histone ChIP-seq,CL:0000312,keratinocyte,primary_cell,unknown,H3K4me1,encode,single,False,1.5928481817245483,SKIN
CL:0000312 Histone ChIP-seq H3K4me2,.,Histone ChIP-seq,CL:0000312,keratinocyte,primary_cell,unknown,H3K4me2,encode,single,False,1.702629804611206,SKIN
CL:0000312 Histone ChIP-seq H3K4me3,.,Histone ChIP-seq,CL:0000312,keratinocyte,primary_cell,unknown,H3K4me3,encode,single,False,0.7693329453468323,SKIN
CL:0000312 Histone ChIP-seq H3K79me2,.,Histone ChIP-seq,CL:0000312,keratinocyte,primary_cell,unknown,H3K79me2,encode,single,False,1.2955195903778076,SKIN
CL:0000312 Histone ChIP-seq H3K9ac,.,Histone ChIP-seq,CL:0000312,keratinocyte,primary_cell,unknown,H3K9ac,encode,single,False,1.6849207878112793,SKIN
CL:0000351 Histone ChIP-seq H2AK5ac,.,Histone ChIP-seq,CL:0000351,trophoblast cell,in_vitro_differentiated_cells,embryonic,H2AK5ac,encode,single,False,0.8748714327812195,IMMUNE
CL:0000351 Histone ChIP-seq H2BK12ac,.,Histone ChIP-seq,CL:0000351,trophoblast cell,in_vitro_differentiated_cells,embryonic,H2BK12ac,encode,single,False,0.9820576906204224,IMMUNE
CL:0000351 Histone ChIP-seq H3K14ac,.,Histone ChIP-seq,CL:0000351,trophoblast cell,in_vitro_differentiated_cells,embryonic,H3K14ac,encode,single,False,0.9126267433166504,IMMUNE
CL:0000351 Histone ChIP-seq H3K18ac,.,Histone ChIP-seq,CL:0000351,trophoblast cell,in_vitro_differentiated_cells,embryonic,H3K18ac,encode,single,False,0.9578627943992615,IMMUNE
CL:0000351 Histone ChIP-seq H3K27ac,.,Histone ChIP-seq,CL:0000351,trophoblast cell,in_vitro_differentiated_cells,embryonic,H3K27ac,encode,single,False,1.0595502853393555,IMMUNE
CL:0000351 Histone ChIP-seq H3K36me3,.,Histone ChIP-seq,CL:0000351,trophoblast cell,in_vitro_differentiated_cells,embryonic,H3K36me3,encode,single,False,0.8541465997695923,IMMUNE
CL:0000351 Histone ChIP-seq H3K4ac,.,Histone ChIP-seq,CL:0000351,trophoblast cell,in_vitro_differentiated_cells,embryonic,H3K4ac,encode,single,False,1.019968867301941,IMMUNE
CL:0000351 Histone ChIP-seq H3K4me1,.,Histone ChIP-seq,CL:0000351,trophoblast cell,in_vitro_differentiated_cells,embryonic,H3K4me1,encode,single,False,0.835045576095581,IMMUNE
CL:0000351 Histone ChIP-seq H3K4me2,.,Histone ChIP-seq,CL:0000351,trophoblast cell,in_vitro_differentiated_cells,embryonic,H3K4me2,encode,single,False,0.8214141726493835,IMMUNE
CL:0000351 Histone ChIP-seq H3K4me3,.,Histone ChIP-seq,CL:0000351,trophoblast cell,in_vitro_differentiated_cells,embryonic,H3K4me3,encode,single,False,1.1339974403381348,IMMUNE
CL:0000351 Histone ChIP-seq H3K79me1,.,Histone ChIP-seq,CL:0000351,trophoblast cell,in_vitro_differentiated_cells,embryonic,H3K79me1,encode,single,False,1.1933636665344238,IMMUNE
CL:0000351 Histone ChIP-seq H3K9me3,.,Histone ChIP-seq,CL:0000351,trophoblast cell,in_vitro_differentiated_cells,embryonic,H3K9me3,encode,single,False,1.1316494941711426,IMMUNE
CL:0000351 Histone ChIP-seq H4K8ac,.,Histone ChIP-seq,CL:0000351,trophoblast cell,in_vitro_differentiated_cells,embryonic,H4K8ac,encode,single,False,1.0251048803329468,IMMUNE
CL:0000351 Histone ChIP-seq H4K91ac,.,Histone ChIP-seq,CL:0000351,trophoblast cell,in_vitro_differentiated_cells,embryonic,H4K91ac,encode,single,False,1.682619571685791,IMMUNE
CL:0000515 Histone ChIP-seq H2AFZ,.,Histone ChIP-seq,CL:0000515,skeletal muscle myoblast,primary_cell,adult,H2AFZ,encode,single,False,0.9730600714683533,MUSCLE
CL:0000515 Histone ChIP-seq H3K27ac,.,Histone ChIP-seq,CL:0000515,skeletal muscle myoblast,primary_cell,adult,H3K27ac,encode,single,False,1.3889236450195312,MUSCLE
CL:0000515 Histone ChIP-seq H3K4me1,.,Histone ChIP-seq,CL:0000515,skeletal muscle myoblast,primary_cell,adult,H3K4me1,encode,single,False,1.520578145980835,MUSCLE
CL:0000515 Histone ChIP-seq H3K4me2,.,Histone ChIP-seq,CL:0000515,skeletal muscle myoblast,primary_cell,adult,H3K4me2,encode,single,False,1.1785502433776855,MUSCLE
CL:0000515 Histone ChIP-seq H3K4me3,.,Histone ChIP-seq,CL:0000515,skeletal muscle myoblast,primary_cell,adult,H3K4me3,encode,single,False,0.7095293402671814,MUSCLE
CL:0000515 Histone ChIP-seq H3K79me2,.,Histone ChIP-seq,CL:0000515,skeletal muscle myoblast,primary_cell,adult,H3K79me2,encode,single,False,1.056759238243103,MUSCLE
CL:0000515 Histone ChIP-seq H3K9ac,.,Histone ChIP-seq,CL:0000515,skeletal muscle myoblast,primary_cell,adult,H3K9ac,encode,single,False,1.427546739578247,MUSCLE
CL:0000540 Histone ChIP-seq H2AFZ,.,Histone ChIP-seq,CL:0000540,neuron,in_vitro_differentiated_cells,embryonic,H2AFZ,encode,single,False,1.061992883682251,BRAIN
CL:0000540 Histone ChIP-seq H3K27me3,.,Histone ChIP-seq,CL:0000540,neuron,in_vitro_differentiated_cells,embryonic,H3K27me3,encode,single,False,1.1989951133728027,BRAIN
CL:0000540 Histone ChIP-seq H3K36me3,.,Histone ChIP-seq,CL:0000540,neuron,in_vitro_differentiated_cells,embryonic,H3K36me3,encode,single,False,1.4886006116867065,BRAIN
CL:0000540 Histone ChIP-seq H3K4me1,.,Histone ChIP-seq,CL:0000540,neuron,in_vitro_differentiated_cells,embryonic,H3K4me1,encode,single,False,1.305953860282898,BRAIN
CL:0000540 Histone ChIP-seq H3K4me3,.,Histone ChIP-seq,CL:0000540,neuron,in_vitro_differentiated_cells,embryonic,H3K4me3,encode,single,False,0.9025025963783264,BRAIN
CL:0000594 Histone ChIP-seq H3K27me3,.,Histone ChIP-seq,CL:0000594,skeletal muscle satellite cell,primary_cell,adult,H3K27me3,encode,single,False,0.9547320604324341,MUSCLE
CL:0000594 Histone ChIP-seq H3K36me3,.,Histone ChIP-seq,CL:0000594,skeletal muscle satellite cell,primary_cell,adult,H3K36me3,encode,single,False,0.9158826470375061,MUSCLE
CL:0000594 Histone ChIP-seq H3K4me1,.,Histone ChIP-seq,CL:0000594,skeletal muscle satellite cell,primary_cell,adult,H3K4me1,encode,single,False,1.0326128005981445,MUSCLE
CL:0000594 Histone ChIP-seq H3K4me2,.,Histone ChIP-seq,CL:0000594,skeletal muscle satellite cell,primary_cell,adult,H3K4me2,encode,single,False,0.958714485168457,MUSCLE
CL:0000594 Histone ChIP-seq H3K4me3,.,Histone ChIP-seq,CL:0000594,skeletal muscle satellite cell,primary_cell,adult,H3K4me3,encode,single,False,0.8680325746536255,MUSCLE
CL:0000594 Histone ChIP-seq H3K9ac,.,Histone ChIP-seq,CL:0000594,skeletal muscle satellite cell,primary_cell,adult,H3K9ac,encode,single,False,0.9965997934341431,MUSCLE
CL:0000623 Histone ChIP-seq H3K27ac,.,Histone ChIP-seq,CL:0000623,natural killer cell,primary_cell,adult,H3K27ac,encode,single,False,1.1057385206222534,IMMUNE
CL:0000623 Histone ChIP-seq H3K36me3,.,Histone ChIP-seq,CL:0000623,natural killer cell,primary_cell,adult,H3K36me3,encode,single,False,1.1983306407928467,IMMUNE
CL:0000623 Histone ChIP-seq H3K4me1,.,Histone ChIP-seq,CL:0000623,natural killer cell,primary_cell,adult,H3K4me1,encode,single,False,1.7212512493133545,IMMUNE
CL:0000623 Histone ChIP-seq H3K4me3,.,Histone ChIP-seq,CL:0000623,natural killer cell,primary_cell,adult,H3K4me3,encode,single,False,1.0924755334854126,IMMUNE
CL:0000623 Histone ChIP-seq H3K9me3,.,Histone ChIP-seq,CL:0000623,natural killer cell,primary_cell,adult,H3K9me3,encode,single,False,1.444994568824768,IMMUNE
CL:0000624 Histone ChIP-seq H3K27ac,.,Histone ChIP-seq,CL:0000624,"CD4-positive, alpha-beta T cell",primary_cell,adult,H3K27ac,encode,single,False,0.9602004289627075,IMMUNE
CL:0000624 Histone ChIP-seq H3K27me3,.,Histone ChIP-seq,CL:0000624,"CD4-positive, alpha-beta T cell",primary_cell,adult,H3K27me3,encode,single,False,1.836999535560608,IMMUNE
CL:0000624 Histone ChIP-seq H3K36me3,.,Histone ChIP-seq,CL:0000624,"CD4-positive, alpha-beta T cell",primary_cell,adult,H3K36me3,encode,single,False,1.4274044036865234,IMMUNE
CL:0000624 Histone ChIP-seq H3K4me1,.,Histone ChIP-seq,CL:0000624,"CD4-positive, alpha-beta T cell",primary_cell,adult,H3K4me1,encode,single,False,1.9501261711120605,IMMUNE
CL:0000624 Histone ChIP-seq H3K4me3,.,Histone ChIP-seq,CL:0000624,"CD4-positive, alpha-beta T cell",primary_cell,adult,H3K4me3,encode,single,False,1.1963306665420532,IMMUNE
CL:0000624 Histone ChIP-seq H3K9me3,.,Histone ChIP-seq,CL:0000624,"CD4-positive, alpha-beta T cell",primary_cell,adult,H3K9me3,encode,single,False,1.860047459602356,IMMUNE
CL:0000625 Histone ChIP-seq H3K27ac,.,Histone ChIP-seq,CL:0000625,"CD8-positive, alpha-beta T cell",primary_cell,adult,H3K27ac,encode,single,False,1.040993332862854,IMMUNE
CL:0000625 Histone ChIP-seq H3K27me3,.,Histone ChIP-seq,CL:0000625,"CD8-positive, alpha-beta T cell",primary_cell,adult,H3K27me3,encode,single,False,1.77400541305542,IMMUNE
CL:0000625 Histone ChIP-seq H3K36me3,.,Histone ChIP-seq,CL:0000625,"CD8-positive, alpha-beta T cell",primary_cell,adult,H3K36me3,encode,single,False,0.937209963798523,IMMUNE
CL:0000625 Histone ChIP-seq H3K4me1,.,Histone ChIP-seq,CL:0000625,"CD8-positive, alpha-beta T cell",primary_cell,adult,H3K4me1,encode,single,False,1.0011892318725586,IMMUNE
CL:0000625 Histone ChIP-seq H3K4me3,.,Histone ChIP-seq,CL:0000625,"CD8-positive, alpha-beta T cell",primary_cell,adult,H3K4me3,encode,single,False,1.409015417098999,IMMUNE
CL:0000625 Histone ChIP-seq H3K9ac,.,Histone ChIP-seq,CL:0000625,"CD8-positive, alpha-beta T cell",primary_cell,adult,H3K9ac,encode,single,False,1.7480512857437134,IMMUNE
CL:0000625 Histone ChIP-seq H3K9me3,.,Histone ChIP-seq,CL:0000625,"CD8-positive, alpha-beta T cell",primary_cell,adult,H3K9me3,encode,single,False,1.0857267379760742,IMMUNE
CL:0000706 Histone ChIP-seq H3K4me3,.,Histone ChIP-seq,CL:0000706,choroid plexus epithelial cell,primary_cell,unknown,H3K4me3,encode,single,False,2.0453009605407715,
CL:0000746 Histone ChIP-seq H3K27ac,.,Histone ChIP-seq,CL:0000746,cardiac muscle cell,in_vitro_differentiated_cells,embryonic,H3K27ac,encode,single,False,0.7914988994598389,HEART
CL:0000746 Histone ChIP-seq H3K27me3,.,Histone ChIP-seq,CL:0000746,cardiac muscle cell,in_vitro_differentiated_cells,embryonic,H3K27me3,encode,single,False,0.8161104917526245,HEART
CL:0000746 Histone ChIP-seq H3K36me3,.,Histone ChIP-seq,CL:0000746,cardiac muscle cell,in_vitro_differentiated_cells,embryonic,H3K36me3,encode,single,False,0.8119232654571533,HEART
CL:0000746 Histone ChIP-seq H3K4me1,.,Histone ChIP-seq,CL:0000746,cardiac muscle cell,in_vitro_differentiated_cells,embryonic,H3K4me1,encode,single,False,0.793128252029419,HEART
CL:0000746 Histone ChIP-seq H3K4me3,.,Histone ChIP-seq,CL:0000746,cardiac muscle cell,primary_cell,unknown,H3K4me3,encode,single,False,3.5106585025787354,HEART
CL:0000775 Histone ChIP-seq H3K27ac,.,Histone ChIP-seq,CL:0000775,neutrophil,primary_cell,unknown,H3K27ac,encode,single,False,0.8244473338127136,IMMUNE
CL:0000775 Histone ChIP-seq H3K27me3,.,Histone ChIP-seq,CL:0000775,neutrophil,primary_cell,unknown,H3K27me3,encode,single,False,0.8658792972564697,IMMUNE
CL:0000775 Histone ChIP-seq H3K36me3,.,Histone ChIP-seq,CL:0000775,neutrophil,primary_cell,unknown,H3K36me3,encode,single,False,0.8393487930297852,IMMUNE
CL:0000775 Histone ChIP-seq H3K4me1,.,Histone ChIP-seq,CL:0000775,neutrophil,primary_cell,unknown,H3K4me1,encode,single,False,0.837249755859375,IMMUNE
CL:0000775 Histone ChIP-seq H3K4me3,.,Histone ChIP-seq,CL:0000775,neutrophil,primary_cell,unknown,H3K4me3,encode,single,False,0.8037970662117004,IMMUNE
CL:0000775 Histone ChIP-seq H3K9me3,.,Histone ChIP-seq,CL:0000775,neutrophil,primary_cell,unknown,H3K9me3,encode,single,False,1.2437853813171387,IMMUNE
CL:0000792 Histone ChIP-seq H3K27ac,.,Histone ChIP-seq,CL:0000792,"CD4-positive, CD25-positive, alpha-beta regulatory T cell",primary_cell,unknown,H3K27ac,encode,single,False,3.7528088092803955,IMMUNE
CL:0000792 Histone ChIP-seq H3K27me3,.,Histone ChIP-seq,CL:0000792,"CD4-positive, CD25-positive, alpha-beta regulatory T cell",primary_cell,unknown,H3K27me3,encode,single,False,1.3723632097244263,IMMUNE
CL:0000792 Histone ChIP-seq H3K36me3,.,Histone ChIP-seq,CL:0000792,"CD4-positive, CD25-positive, alpha-beta regulatory T cell",primary_cell,unknown,H3K36me3,encode,single,False,0.9902058839797974,IMMUNE
CL:0000792 Histone ChIP-seq H3K4me1,.,Histone ChIP-seq,CL:0000792,"CD4-positive, CD25-positive, alpha-beta regulatory T cell",primary_cell,unknown,H3K4me1,encode,single,False,1.428789496421814,IMMUNE
CL:0000792 Histone ChIP-seq H3K4me3,.,Histone ChIP-seq,CL:0000792,"CD4-positive, CD25-positive, alpha-beta regulatory T cell",primary_cell,unknown,H3K4me3,encode,single,False,2.1308674812316895,IMMUNE
CL:0000792 Histone ChIP-seq H3K9me3,.,Histone ChIP-seq,CL:0000792,"CD4-positive, CD25-positive, alpha-beta regulatory T cell",primary_cell,unknown,H3K9me3,encode,single,False,0.8295873999595642,IMMUNE
CL:0000842 Histone ChIP-seq H3K27me3,.,Histone ChIP-seq,CL:0000842,mononuclear cell,primary_cell,unknown,H3K27me3,encode,single,False,0.8204377293586731,
CL:0000842 Histone ChIP-seq H3K4me1,.,Histone ChIP-seq,CL:0000842,mononuclear cell,primary_cell,unknown,H3K4me1,encode,single,False,0.9629728198051453,
CL:0000842 Histone ChIP-seq H3K4me3,.,Histone ChIP-seq,CL:0000842,mononuclear cell,primary_cell,unknown,H3K4me3,encode,single,False,0.8454005718231201,
CL:0000895 Histone ChIP-seq H3K27ac,.,Histone ChIP-seq,CL:0000895,"naive thymus-derived CD4-positive, alpha-beta T cell",primary_cell,unknown,H3K27ac,encode,single,False,1.5007438659667969,IMMUNE
CL:0000895 Histone ChIP-seq H3K36me3,.,Histone ChIP-seq,CL:0000895,"naive thymus-derived CD4-positive, alpha-beta T cell",primary_cell,unknown,H3K36me3,encode,single,False,0.7769186496734619,IMMUNE
CL:0000895 Histone ChIP-seq H3K4me1,.,Histone ChIP-seq,CL:0000895,"naive thymus-derived CD4-positive, alpha-beta T cell",primary_cell,unknown,H3K4me1,encode,single,False,0.7501938343048096,IMMUNE
CL:0000895 Histone ChIP-seq H3K4me3,.,Histone ChIP-seq,CL:0000895,"naive thymus-derived CD4-positive, alpha-beta T cell",primary_cell,unknown,H3K4me3,encode,single,False,0.7959851026535034,IMMUNE
CL:0000897 Histone ChIP-seq H3K27ac,.,Histone ChIP-seq,CL:0000897,"CD4-positive, alpha-beta memory T cell",primary_cell,unknown,H3K27ac,encode,single,False,1.265649437904358,IMMUNE
CL:0000897 Histone ChIP-seq H3K36me3,.,Histone ChIP-seq,CL:0000897,"CD4-positive, alpha-beta memory T cell",primary_cell,unknown,H3K36me3,encode,single,False,0.8145694732666016,IMMUNE
CL:0000897 Histone ChIP-seq H3K4me1,.,Histone ChIP-seq,CL:0000897,"CD4-positive, alpha-beta memory T cell",primary_cell,unknown,H3K4me1,encode,single,False,0.8242737054824829,IMMUNE
CL:0000897 Histone ChIP-seq H3K4me3,.,Histone ChIP-seq,CL:0000897,"CD4-positive, alpha-beta memory T cell",primary_cell,unknown,H3K4me3,encode,single,False,0.7992186546325684,IMMUNE
CL:0000905 Histone ChIP-seq H3K27ac,.,Histone ChIP-seq,CL:0000905,"effector memory CD4-positive, alpha-beta T cell",primary_cell,unknown,H3K27ac,encode,single,False,1.443172574043274,IMMUNE
CL:0000905 Histone ChIP-seq H3K36me3,.,Histone ChIP-seq,CL:0000905,"effector memory CD4-positive, alpha-beta T cell",primary_cell,unknown,H3K36me3,encode,single,False,0.9221175909042358,IMMUNE
CL:0000905 Histone ChIP-seq H3K4me3,.,Histone ChIP-seq,CL:0000905,"effector memory CD4-positive, alpha-beta T cell",primary_cell,unknown,H3K4me3,encode,single,False,1.0698696374893188,IMMUNE
CL:0000909 Histone ChIP-seq H3K27ac,.,Histone ChIP-seq,CL:0000909,"CD8-positive, alpha-beta memory T cell",primary_cell,unknown,H3K27ac,encode,single,False,1.3422130346298218,IMMUNE
CL:0000909 Histone ChIP-seq H3K36me3,.,Histone ChIP-seq,CL:0000909,"CD8-positive, alpha-beta memory T cell",primary_cell,unknown,H3K36me3,encode,single,False,0.8160771131515503,IMMUNE
CL:0000909 Histone ChIP-seq H3K4me1,.,Histone ChIP-seq,CL:0000909,"CD8-positive, alpha-beta memory T cell",primary_cell,unknown,H3K4me1,encode,single,False,0.8387834429740906,IMMUNE
CL:0000909 Histone ChIP-seq H3K4me3,.,Histone ChIP-seq,CL:0000909,"CD8-positive, alpha-beta memory T cell",primary_cell,unknown,H3K4me3,encode,single,False,0.7764924168586731,IMMUNE
CL:0001054 Histone ChIP-seq H2AFZ,.,Histone ChIP-seq,CL:0001054,CD14-positive monocyte,primary_cell,unknown,H2AFZ,encode,single,False,1.2726267576217651,IMMUNE
CL:0001054 Histone ChIP-seq H3K27ac,.,Histone ChIP-seq,CL:0001054,CD14-positive monocyte,primary_cell,adult,H3K27ac,encode,single,False,1.366492509841919,IMMUNE
CL:0001054 Histone ChIP-seq H3K27me3,.,Histone ChIP-seq,CL:0001054,CD14-positive monocyte,primary_cell,adult,H3K27me3,encode,single,False,1.2522672414779663,IMMUNE
CL:0001054 Histone ChIP-seq H3K36me3,.,Histone ChIP-seq,CL:0001054,CD14-positive monocyte,primary_cell,adult,H3K36me3,encode,single,False,1.881212830543518,IMMUNE
CL:0001054 Histone ChIP-seq H3K4me1,.,Histone ChIP-seq,CL:0001054,CD14-positive monocyte,primary_cell,adult,H3K4me1,encode,single,False,1.5222563743591309,IMMUNE
CL:0001054 Histone ChIP-seq H3K4me2,.,Histone ChIP-seq,CL:0001054,CD14-positive monocyte,primary_cell,unknown,H3K4me2,encode,single,False,2.0045270919799805,IMMUNE
CL:0001054 Histone ChIP-seq H3K4me3,.,Histone ChIP-seq,CL:0001054,CD14-positive monocyte,primary_cell,adult,H3K4me3,encode,single,False,1.1920089721679688,IMMUNE
CL:0001054 Histone ChIP-seq H3K79me2,.,Histone ChIP-seq,CL:0001054,CD14-positive monocyte,primary_cell,unknown,H3K79me2,encode,single,False,1.653550148010254,IMMUNE
CL:0001054 Histone ChIP-seq H3K9ac,.,Histone ChIP-seq,CL:0001054,CD14-positive monocyte,primary_cell,unknown,H3K9ac,encode,single,False,1.2866066694259644,IMMUNE
CL:0001054 Histone ChIP-seq H3K9me3,.,Histone ChIP-seq,CL:0001054,CD14-positive monocyte,primary_cell,adult,H3K9me3,encode,single,False,1.3481738567352295,IMMUNE
CL:0001054 Histone ChIP-seq H4K20me1,.,Histone ChIP-seq,CL:0001054,CD14-positive monocyte,primary_cell,unknown,H4K20me1,encode,single,False,1.5084744691848755,IMMUNE
CL:0001059 Histone ChIP-seq H3K27ac,.,Histone ChIP-seq,CL:0001059,"common myeloid progenitor, CD34-positive",primary_cell,adult,H3K27ac,encode,single,False,1.7290501594543457,
CL:0001059 Histone ChIP-seq H3K27me3,.,Histone ChIP-seq,CL:0001059,"common myeloid progenitor, CD34-positive",primary_cell,adult,H3K27me3,encode,single,False,0.9181594252586365,
CL:0001059 Histone ChIP-seq H3K36me3,.,Histone ChIP-seq,CL:0001059,"common myeloid progenitor, CD34-positive",primary_cell,adult,H3K36me3,encode,single,False,0.9064100980758667,
CL:0001059 Histone ChIP-seq H3K4me1,.,Histone ChIP-seq,CL:0001059,"common myeloid progenitor, CD34-positive",primary_cell,adult,H3K4me1,encode,single,False,1.0432772636413574,
CL:0001059 Histone ChIP-seq H3K4me3,.,Histone ChIP-seq,CL:0001059,"common myeloid progenitor, CD34-positive",primary_cell,adult,H3K4me3,encode,single,False,1.0541969537734985,
CL:0001059 Histone ChIP-seq H3K9me3,.,Histone ChIP-seq,CL:0001059,"common myeloid progenitor, CD34-positive",primary_cell,adult,H3K9me3,encode,single,False,1.2970075607299805,
CL:0002231 Histone ChIP-seq H3K27ac,.,Histone ChIP-seq,CL:0002231,epithelial cell of prostate,primary_cell,unknown,H3K27ac,encode,paired,False,0.852828860282898,
CL:0002252 Histone ChIP-seq H3K4me3,.,Histone ChIP-seq,CL:0002252,epithelial cell of esophagus,primary_cell,unknown,H3K4me3,encode,single,False,1.167810320854187,
CL:0002306 Histone ChIP-seq H3K4me3,.,Histone ChIP-seq,CL:0002306,epithelial cell of proximal tubule,primary_cell,unknown,H3K4me3,encode,single,False,1.7776589393615723,
CL:0002319 Histone ChIP-seq H3K27ac,.,Histone ChIP-seq,CL:0002319,neural cell,in_vitro_differentiated_cells,embryonic,H3K27ac,encode,single,False,0.8542282581329346,
CL:0002319 Histone ChIP-seq H3K4me3,.,Histone ChIP-seq,CL:0002319,neural cell,in_vitro_differentiated_cells,embryonic,H3K4me3,encode,single,False,0.8454180955886841,
CL:0002319 Histone ChIP-seq H3K79me2,.,Histone ChIP-seq,CL:0002319,neural cell,in_vitro_differentiated_cells,embryonic,H3K79me2,encode,single,False,0.8458381295204163,
CL:0002319 Histone ChIP-seq H3K9ac,.,Histone ChIP-seq,CL:0002319,neural cell,in_vitro_differentiated_cells,embryonic,H3K9ac,encode,single,False,0.8596713542938232,
CL:0002324 Histone ChIP-seq H3K27me3,.,Histone ChIP-seq,CL:0002324,myoepithelial cell of mammary gland,primary_cell,adult,H3K27me3,encode,single,False,1.2481344938278198,
CL:0002324 Histone ChIP-seq H3K36me3,.,Histone ChIP-seq,CL:0002324,myoepithelial cell of mammary gland,primary_cell,adult,H3K36me3,encode,single,False,1.3310545682907104,
CL:0002324 Histone ChIP-seq H3K4me1,.,Histone ChIP-seq,CL:0002324,myoepithelial cell of mammary gland,primary_cell,adult,H3K4me1,encode,single,False,1.1346843242645264,
CL:0002324 Histone ChIP-seq H3K4me3,.,Histone ChIP-seq,CL:0002324,myoepithelial cell of mammary gland,primary_cell,adult,H3K4me3,encode,single,False,1.9428181648254395,
CL:0002324 Histone ChIP-seq H3K9ac,.,Histone ChIP-seq,CL:0002324,myoepithelial cell of mammary gland,primary_cell,adult,H3K9ac,encode,single,False,1.8589320182800293,
CL:0002324 Histone ChIP-seq H3K9me3,.,Histone ChIP-seq,CL:0002324,myoepithelial cell of mammary gland,primary_cell,adult,H3K9me3,encode,single,False,1.4625475406646729,
CL:0002326 Histone ChIP-seq H3K27me3,.,Histone ChIP-seq,CL:0002326,luminal epithelial cell of mammary gland,primary_cell,adult,H3K27me3,encode,single,False,2.1947197914123535,
CL:0002326 Histone ChIP-seq H3K36me3,.,Histone ChIP-seq,CL:0002326,luminal epithelial cell of mammary gland,primary_cell,adult,H3K36me3,encode,single,False,1.0798907279968262,
CL:0002326 Histone ChIP-seq H3K4me1,.,Histone ChIP-seq,CL:0002326,luminal epithelial cell of mammary gland,primary_cell,adult,H3K4me1,encode,single,False,2.75551700592041,
CL:0002326 Histone ChIP-seq H3K9me3,.,Histone ChIP-seq,CL:0002326,luminal epithelial cell of mammary gland,primary_cell,adult,H3K9me3,encode,single,False,1.7127506732940674,
CL:0002327 Histone ChIP-seq H2AFZ,.,Histone ChIP-seq,CL:0002327,mammary epithelial cell,primary_cell,adult,H2AFZ,encode,single,False,1.0680005550384521,
CL:0002327 Histone ChIP-seq H3K27ac,.,Histone ChIP-seq,CL:0002327,mammary epithelial cell,primary_cell,adult,H3K27ac,encode,single,False,1.4711294174194336,
CL:0002327 Histone ChIP-seq H3K27me3,.,Histone ChIP-seq,CL:0002327,mammary epithelial cell,primary_cell,adult,H3K27me3,encode,single,False,1.1175118684768677,
CL:0002327 Histone ChIP-seq H3K36me3,.,Histone ChIP-seq,CL:0002327,mammary epithelial cell,primary_cell,adult,H3K36me3,encode,single,False,0.9088714718818665,
CL:0002327 Histone ChIP-seq H3K4me1,.,Histone ChIP-seq,CL:0002327,mammary epithelial cell,primary_cell,adult,H3K4me1,encode,single,False,1.1306720972061157,
CL:0002327 Histone ChIP-seq H3K4me2,.,Histone ChIP-seq,CL:0002327,mammary epithelial cell,primary_cell,adult,H3K4me2,encode,single,False,1.4887701272964478,
CL:0002327 Histone ChIP-seq H3K4me3,.,Histone ChIP-seq,CL:0002327,mammary epithelial cell,primary_cell,adult,H3K4me3,encode,single,False,0.7996102571487427,
CL:0002327 Histone ChIP-seq H3K79me2,.,Histone ChIP-seq,CL:0002327,mammary epithelial cell,primary_cell,adult,H3K79me2,encode,single,False,1.5507910251617432,
CL:0002327 Histone ChIP-seq H3K9ac,.,Histone ChIP-seq,CL:0002327,mammary epithelial cell,primary_cell,adult,H3K9ac,encode,single,False,1.8133935928344727,
CL:0002327 Histone ChIP-seq H3K9me3,.,Histone ChIP-seq,CL:0002327,mammary epithelial cell,primary_cell,adult,H3K9me3,encode,single,False,1.11653470993042,
CL:0002328 Histone ChIP-seq H3K36me3,.,Histone ChIP-seq,CL:0002328,bronchial epithelial cell,primary_cell,unknown,H3K36me3,encode,single,False,1.2896040678024292,LUNG
CL:0002328 Histone ChIP-seq H3K4me3,.,Histone ChIP-seq,CL:0002328,bronchial epithelial cell,primary_cell,unknown,H3K4me3,encode,single,False,2.163724184036255,LUNG
CL:0002372 Histone ChIP-seq H2AFZ,.,Histone ChIP-seq,CL:0002372,myotube,in_vitro_differentiated_cells,adult,H2AFZ,encode,single,False,1.1194050312042236,MUSCLE
CL:0002372 Histone ChIP-seq H3K27ac,.,Histone ChIP-seq,CL:0002372,myotube,in_vitro_differentiated_cells,adult,H3K27ac,encode,single,False,1.9409259557724,MUSCLE
CL:0002372 Histone ChIP-seq H3K27me3,.,Histone ChIP-seq,CL:0002372,myotube,in_vitro_differentiated_cells,adult,H3K27me3,encode,single,False,0.9280364513397217,MUSCLE
CL:0002372 Histone ChIP-seq H3K36me3,.,Histone ChIP-seq,CL:0002372,myotube,in_vitro_differentiated_cells,adult,H3K36me3,encode,single,False,1.1428780555725098,MUSCLE
CL:0002372 Histone ChIP-seq H3K4me1,.,Histone ChIP-seq,CL:0002372,myotube,in_vitro_differentiated_cells,adult,H3K4me1,encode,single,False,1.2412523031234741,MUSCLE
CL:0002372 Histone ChIP-seq H3K4me2,.,Histone ChIP-seq,CL:0002372,myotube,in_vitro_differentiated_cells,adult,H3K4me2,encode,single,False,1.2531827688217163,MUSCLE
CL:0002372 Histone ChIP-seq H3K4me3,.,Histone ChIP-seq,CL:0002372,myotube,in_vitro_differentiated_cells,adult,H3K4me3,encode,single,False,1.263627290725708,MUSCLE
CL:0002372 Histone ChIP-seq H3K79me2,.,Histone ChIP-seq,CL:0002372,myotube,in_vitro_differentiated_cells,adult,H3K79me2,encode,single,False,1.1767727136611938,MUSCLE
CL:0002372 Histone ChIP-seq H3K9ac,.,Histone ChIP-seq,CL:0002372,myotube,in_vitro_differentiated_cells,adult,H3K9ac,encode,single,False,1.109142780303955,MUSCLE
CL:0002518 Histone ChIP-seq H3K27me3,.,Histone ChIP-seq,CL:0002518,kidney epithelial cell,primary_cell,unknown,H3K27me3,encode,single,False,1.0444138050079346,
CL:0002518 Histone ChIP-seq H3K4me3,.,Histone ChIP-seq,CL:0002518,kidney epithelial cell,primary_cell,unknown,H3K4me3,encode,single,False,2.2789642810821533,
CL:0002547 Histone ChIP-seq H3K4me3,.,Histone ChIP-seq,CL:0002547,fibroblast of the aortic adventitia,primary_cell,unknown,H3K4me3,encode,single,False,2.15855073928833,
CL:0002548 Histone ChIP-seq H3K4me3,.,Histone ChIP-seq,CL:0002548,cardiac fibroblast,primary_cell,adult,H3K4me3,encode,single,False,4.85253381729126,HEART
CL:0002551 Histone ChIP-seq H3K27ac,.,Histone ChIP-seq,CL:0002551,fibroblast of dermis,primary_cell,unknown,H3K27ac,encode,single,False,1.0494565963745117,SKIN
CL:0002551 Histone ChIP-seq H3K36me3,.,Histone ChIP-seq,CL:0002551,fibroblast of dermis,primary_cell,unknown,H3K36me3,encode,single,False,1.0272518396377563,SKIN
CL:0002551 Histone ChIP-seq H3K4me1,.,Histone ChIP-seq,CL:0002551,fibroblast of dermis,primary_cell,unknown,H3K4me1,encode,single,False,1.0379791259765625,SKIN
CL:0002551 Histone ChIP-seq H3K4me2,.,Histone ChIP-seq,CL:0002551,fibroblast of dermis,primary_cell,unknown,H3K4me2,encode,single,False,1.0568110942840576,SKIN
CL:0002551 Histone ChIP-seq H3K4me3,.,Histone ChIP-seq,CL:0002551,fibroblast of dermis,primary_cell,"adult,unknown",H3K4me3,encode,single,False,0.9473881721496582,SKIN
CL:0002551 Histone ChIP-seq H3K79me2,.,Histone ChIP-seq,CL:0002551,fibroblast of dermis,primary_cell,unknown,H3K79me2,encode,single,False,0.9836273789405823,SKIN
CL:0002551 Histone ChIP-seq H3K9ac,.,Histone ChIP-seq,CL:0002551,fibroblast of dermis,primary_cell,unknown,H3K9ac,encode,single,False,1.1766735315322876,SKIN
CL:0002553 Histone ChIP-seq H2AFZ,.,Histone ChIP-seq,CL:0002553,fibroblast of lung,primary_cell,"child,adult",H2AFZ,encode,single,False,0.7723867297172546,
CL:0002553 Histone ChIP-seq H3K27ac,.,Histone ChIP-seq,CL:0002553,fibroblast of lung,primary_cell,"adult,child",H3K27ac,encode,single,False,1.5028578042984009,
CL:0002553 Histone ChIP-seq H3K27me3,.,Histone ChIP-seq,CL:0002553,fibroblast of lung,primary_cell,"child,adult",H3K27me3,encode,single,False,1.440978765487671,
CL:0002553 Histone ChIP-seq H3K36me3,.,Histone ChIP-seq,CL:0002553,fibroblast of lung,primary_cell,"adult,child",H3K36me3,encode,single,False,1.2858548164367676,
CL:0002553 Histone ChIP-seq H3K4me2,.,Histone ChIP-seq,CL:0002553,fibroblast of lung,primary_cell,"adult,child",H3K4me2,encode,single,False,2.077979326248169,
CL:0002553 Histone ChIP-seq H3K4me3,.,Histone ChIP-seq,CL:0002553,fibroblast of lung,primary_cell,adult,H3K4me3,encode,single,False,1.4736813306808472,
CL:0002553 Histone ChIP-seq H3K79me2,.,Histone ChIP-seq,CL:0002553,fibroblast of lung,primary_cell,"adult,child",H3K79me2,encode,single,False,1.2818126678466797,
CL:0002553 Histone ChIP-seq H3K9ac,.,Histone ChIP-seq,CL:0002553,fibroblast of lung,primary_cell,"child,adult",H3K9ac,encode,single,False,1.6244899034500122,
CL:0002555 Histone ChIP-seq H3K4me3,.,Histone ChIP-seq,CL:0002555,fibroblast of mammary gland,primary_cell,unknown,H3K4me3,encode,single,False,1.3848494291305542,
CL:0002557 Histone ChIP-seq H3K4me3,.,Histone ChIP-seq,CL:0002557,fibroblast of pulmonary artery,primary_cell,unknown,H3K4me3,encode,single,False,1.9677774906158447,ARTERY
CL:0002558 Histone ChIP-seq H3K4me3,.,Histone ChIP-seq,CL:0002558,fibroblast of villous mesenchyme,primary_cell,unknown,H3K4me3,encode,single,False,1.4901968240737915,
CL:0002586 Histone ChIP-seq H3K4me3,.,Histone ChIP-seq,CL:0002586,retinal pigment epithelial cell,primary_cell,unknown,H3K4me3,encode,single,False,1.5056036710739136,
CL:0002603 Histone ChIP-seq H3K4me3,.,Histone ChIP-seq,CL:0002603,astrocyte of the cerebellum,primary_cell,unknown,H3K4me3,encode,single,False,2.751863956451416,BRAIN
CL:0002606 Histone ChIP-seq H3K4me3,.,Histone ChIP-seq,CL:0002606,astrocyte of the spinal cord,primary_cell,unknown,H3K4me3,encode,single,False,1.5362993478775024,BRAIN
CL:0002618 Histone ChIP-seq H2AFZ,.,Histone ChIP-seq,CL:0002618,endothelial cell of umbilical vein,primary_cell,newborn,H2AFZ,encode,single,False,0.8388957977294922,ARTERY
CL:0002618 Histone ChIP-seq H3K27ac,.,Histone ChIP-seq,CL:0002618,endothelial cell of umbilical vein,primary_cell,newborn,H3K27ac,encode,single,False,1.413582444190979,ARTERY
CL:0002618 Histone ChIP-seq H3K27me3,.,Histone ChIP-seq,CL:0002618,endothelial cell of umbilical vein,primary_cell,newborn,H3K27me3,encode,single,False,0.9519431591033936,ARTERY
CL:0002618 Histone ChIP-seq H3K36me3,.,Histone ChIP-seq,CL:0002618,endothelial cell of umbilical vein,primary_cell,newborn,H3K36me3,encode,single,False,1.1424281597137451,ARTERY
CL:0002618 Histone ChIP-seq H3K4me1,.,Histone ChIP-seq,CL:0002618,endothelial cell of umbilical vein,primary_cell,newborn,H3K4me1,encode,single,False,1.3022959232330322,ARTERY
CL:0002618 Histone ChIP-seq H3K4me2,.,Histone ChIP-seq,CL:0002618,endothelial cell of umbilical vein,primary_cell,newborn,H3K4me2,encode,single,False,1.3143960237503052,ARTERY
CL:0002618 Histone ChIP-seq H3K4me3,.,Histone ChIP-seq,CL:0002618,endothelial cell of umbilical vein,primary_cell,newborn,H3K4me3,encode,single,False,0.6240338087081909,ARTERY
CL:0002618 Histone ChIP-seq H3K79me2,.,Histone ChIP-seq,CL:0002618,endothelial cell of umbilical vein,primary_cell,newborn,H3K79me2,encode,single,False,1.296781063079834,ARTERY
CL:0002618 Histone ChIP-seq H3K9ac,.,Histone ChIP-seq,CL:0002618,endothelial cell of umbilical vein,primary_cell,newborn,H3K9ac,encode,single,False,1.4204692840576172,ARTERY
CL:0011020 Histone ChIP-seq H2AFZ,.,Histone ChIP-seq,CL:0011020,neural progenitor cell,in_vitro_differentiated_cells,embryonic,H2AFZ,encode,single,False,0.8875049948692322,
CL:0011020 Histone ChIP-seq H3F3A,.,Histone ChIP-seq,CL:0011020,neural progenitor cell,in_vitro_differentiated_cells,embryonic,H3F3A,encode,single,False,0.8334057927131653,
CL:0011020 Histone ChIP-seq H3K27ac,.,Histone ChIP-seq,CL:0011020,neural progenitor cell,in_vitro_differentiated_cells,embryonic,H3K27ac,encode,single,False,0.8626130223274231,
CL:0011020 Histone ChIP-seq H3K27me3,.,Histone ChIP-seq,CL:0011020,neural progenitor cell,in_vitro_differentiated_cells,embryonic,H3K27me3,encode,single,False,0.8359968066215515,
CL:0011020 Histone ChIP-seq H3K4me1,.,Histone ChIP-seq,CL:0011020,neural progenitor cell,in_vitro_differentiated_cells,embryonic,H3K4me1,encode,single,False,0.819572389125824,
CL:0011020 Histone ChIP-seq H3K4me2,.,Histone ChIP-seq,CL:0011020,neural progenitor cell,in_vitro_differentiated_cells,embryonic,H3K4me2,encode,single,False,0.8100183606147766,
CL:0011020 Histone ChIP-seq H3K4me3,.,Histone ChIP-seq,CL:0011020,neural progenitor cell,in_vitro_differentiated_cells,embryonic,H3K4me3,encode,single,False,0.7950120568275452,
CL:0011020 Histone ChIP-seq H3K79me2,.,Histone ChIP-seq,CL:0011020,neural progenitor cell,in_vitro_differentiated_cells,embryonic,H3K79me2,encode,single,False,0.8412899374961853,
CL:0011020 Histone ChIP-seq H4K20me1,.,Histone ChIP-seq,CL:0011020,neural progenitor cell,in_vitro_differentiated_cells,embryonic,H4K20me1,encode,single,False,0.8494463562965393,
CL:1001606 Histone ChIP-seq H3K27ac,.,Histone ChIP-seq,CL:1001606,foreskin keratinocyte,primary_cell,newborn,H3K27ac,encode,paired,False,0.7617563605308533,SKIN
CL:1001606 Histone ChIP-seq H3K27me3,.,Histone ChIP-seq,CL:1001606,foreskin keratinocyte,primary_cell,newborn,H3K27me3,encode,paired,False,0.8125223517417908,SKIN
CL:1001606 Histone ChIP-seq H3K36me3,.,Histone ChIP-seq,CL:1001606,foreskin keratinocyte,primary_cell,newborn,H3K36me3,encode,paired,False,0.9963340163230896,SKIN
CL:1001606 Histone ChIP-seq H3K4me1,.,Histone ChIP-seq,CL:1001606,foreskin keratinocyte,primary_cell,newborn,H3K4me1,encode,paired,False,0.7609577775001526,SKIN
CL:1001606 Histone ChIP-seq H3K4me3,.,Histone ChIP-seq,CL:1001606,foreskin keratinocyte,primary_cell,newborn,H3K4me3,encode,paired,False,1.7137986421585083,SKIN
CL:1001606 Histone ChIP-seq H3K9ac,.,Histone ChIP-seq,CL:1001606,foreskin keratinocyte,primary_cell,newborn,H3K9ac,encode,single,False,1.2208507061004639,SKIN
CL:1001606 Histone ChIP-seq H3K9me3,.,Histone ChIP-seq,CL:1001606,foreskin keratinocyte,primary_cell,newborn,H3K9me3,encode,paired,False,0.9907357096672058,SKIN
CL:1001608 Histone ChIP-seq H3K27ac,.,Histone ChIP-seq,CL:1001608,foreskin fibroblast,primary_cell,newborn,H3K27ac,encode,single,False,0.8477483987808228,SKIN
CL:1001608 Histone ChIP-seq H3K27me3,.,Histone ChIP-seq,CL:1001608,foreskin fibroblast,primary_cell,newborn,H3K27me3,encode,single,False,0.8903656005859375,SKIN
CL:1001608 Histone ChIP-seq H3K36me3,.,Histone ChIP-seq,CL:1001608,foreskin fibroblast,primary_cell,newborn,H3K36me3,encode,single,False,0.8516900539398193,SKIN
CL:1001608 Histone ChIP-seq H3K4me1,.,Histone ChIP-seq,CL:1001608,foreskin fibroblast,primary_cell,newborn,H3K4me1,encode,single,False,0.8369209170341492,SKIN
CL:1001608 Histone ChIP-seq H3K4me3,.,Histone ChIP-seq,CL:1001608,foreskin fibroblast,primary_cell,newborn,H3K4me3,encode,paired,False,1.0306044816970825,SKIN
CL:1001608 Histone ChIP-seq H3K9me3,.,Histone ChIP-seq,CL:1001608,foreskin fibroblast,primary_cell,newborn,H3K9me3,encode,single,False,0.8815646171569824,SKIN
CL:2000001 Histone ChIP-seq H3K27ac,.,Histone ChIP-seq,CL:2000001,peripheral blood mononuclear cell,primary_cell,adult,H3K27ac,encode,single,False,0.8418717384338379,
CL:2000001 Histone ChIP-seq H3K27me3,.,Histone ChIP-seq,CL:2000001,peripheral blood mononuclear cell,primary_cell,adult,H3K27me3,encode,single,False,1.1466968059539795,
CL:2000001 Histone ChIP-seq H3K36me3,.,Histone ChIP-seq,CL:2000001,peripheral blood mononuclear cell,primary_cell,adult,H3K36me3,encode,single,False,1.0044301748275757,
CL:2000001 Histone ChIP-seq H3K4me1,.,Histone ChIP-seq,CL:2000001,peripheral blood mononuclear cell,primary_cell,adult,H3K4me1,encode,single,False,0.8782188892364502,
CL:2000001 Histone ChIP-seq H3K4me3,.,Histone ChIP-seq,CL:2000001,peripheral blood mononuclear cell,primary_cell,adult,H3K4me3,encode,single,False,0.8846347332000732,
CL:2000001 Histone ChIP-seq H3K9ac,.,Histone ChIP-seq,CL:2000001,peripheral blood mononuclear cell,primary_cell,adult,H3K9ac,encode,single,False,0.9377597570419312,
CL:2000001 Histone ChIP-seq H3K9me3,.,Histone ChIP-seq,CL:2000001,peripheral blood mononuclear cell,primary_cell,adult,H3K9me3,encode,single,False,1.2266879081726074,
CL:2000044 Histone ChIP-seq H3K27ac,.,Histone ChIP-seq,CL:2000044,brain microvascular endothelial cell,primary_cell,unknown,H3K27ac,encode,paired,False,0.6727954149246216,ARTERY
CL:2000044 Histone ChIP-seq H3K36me3,.,Histone ChIP-seq,CL:2000044,brain microvascular endothelial cell,primary_cell,unknown,H3K36me3,encode,paired,False,0.76507169008255,ARTERY
CL:2000044 Histone ChIP-seq H3K4me3,.,Histone ChIP-seq,CL:2000044,brain microvascular endothelial cell,primary_cell,unknown,H3K4me3,encode,single,False,2.3882954120635986,ARTERY
CL:2000045 Histone ChIP-seq H3K27ac,.,Histone ChIP-seq,CL:2000045,foreskin melanocyte,primary_cell,newborn,H3K27ac,encode,paired,False,0.9535868763923645,SKIN
CL:2000045 Histone ChIP-seq H3K27me3,.,Histone ChIP-seq,CL:2000045,foreskin melanocyte,primary_cell,newborn,H3K27me3,encode,paired,False,1.1221071481704712,SKIN
CL:2000045 Histone ChIP-seq H3K36me3,.,Histone ChIP-seq,CL:2000045,foreskin melanocyte,primary_cell,newborn,H3K36me3,encode,paired,False,1.2483108043670654,SKIN
CL:2000045 Histone ChIP-seq H3K4me1,.,Histone ChIP-seq,CL:2000045,foreskin melanocyte,primary_cell,newborn,H3K4me1,encode,paired,False,1.0487231016159058,SKIN
CL:2000045 Histone ChIP-seq H3K4me3,.,Histone ChIP-seq,CL:2000045,foreskin melanocyte,primary_cell,newborn,H3K4me3,encode,paired,False,1.4662927389144897,SKIN
CL:2000045 Histone ChIP-seq H3K9ac,.,Histone ChIP-seq,CL:2000045,foreskin melanocyte,primary_cell,newborn,H3K9ac,encode,single,False,1.2747563123703003,SKIN
CL:2000045 Histone ChIP-seq H3K9me3,.,Histone ChIP-seq,CL:2000045,foreskin melanocyte,primary_cell,newborn,H3K9me3,encode,paired,False,1.3538326025009155,SKIN
CLO:0007045 Histone ChIP-seq H3K4me3,.,Histone ChIP-seq,CLO:0007045,"Jurkat, Clone E6-1",cell_line,child,H3K4me3,encode,single,False,1.377289891242981,
CLO:0021511 Histone ChIP-seq H3K4me3,.,Histone ChIP-seq,CLO:0021511,AG10803,cell_line,adult,H3K4me3,encode,single,False,1.5706654787063599,
CLO:0021752 Histone ChIP-seq H3K4me3,.,Histone ChIP-seq,CLO:0021752,AG09309,cell_line,adult,H3K4me3,encode,single,False,1.7879945039749146,
CLO:0021754 Histone ChIP-seq H3K4me3,.,Histone ChIP-seq,CLO:0021754,AG09319,cell_line,adult,H3K4me3,encode,single,False,2.75639009475708,
CLO:0034837 Histone ChIP-seq H3K4me3,.,Histone ChIP-seq,CLO:0034837,AG04449,cell_line,embryonic,H3K4me3,encode,single,False,1.7758548259735107,
EFO:0001086 Histone ChIP-seq H3K27ac,.,Histone ChIP-seq,EFO:0001086,A549,cell_line,adult,H3K27ac,encode,single,False,0.6329953074455261,LUNG
EFO:0001086 Histone ChIP-seq H3K4me1,.,Histone ChIP-seq,EFO:0001086,A549,cell_line,adult,H3K4me1,encode,single,False,0.6885738372802734,LUNG
EFO:0001086 Histone ChIP-seq H3K4me2,.,Histone ChIP-seq,EFO:0001086,A549,cell_line,adult,H3K4me2,encode,single,False,0.671027660369873,LUNG
EFO:0001086 Histone ChIP-seq H3K4me3,.,Histone ChIP-seq,EFO:0001086,A549,cell_line,adult,H3K4me3,encode,single,False,0.6755056977272034,LUNG
EFO:0001099 Histone ChIP-seq H3K4me1,.,Histone ChIP-seq,EFO:0001099,Caco-2,cell_line,adult,H3K4me1,encode,paired,False,0.7609172463417053,INTESTINE
EFO:0001099 Histone ChIP-seq H3K4me3,.,Histone ChIP-seq,EFO:0001099,Caco-2,cell_line,adult,H3K4me3,encode,single,False,1.95445716381073,INTESTINE
EFO:0001162 Histone ChIP-seq H3K4me3,.,Histone ChIP-seq,EFO:0001162,GM12875,cell_line,unknown,H3K4me3,encode,single,False,1.8323731422424316,
EFO:0001182 Histone ChIP-seq H3K36me3,.,Histone ChIP-seq,EFO:0001182,HEK293,cell_line,embryonic,H3K36me3,encode,single,False,0.7809950709342957,
EFO:0001182 Histone ChIP-seq H3K4me1,.,Histone ChIP-seq,EFO:0001182,HEK293,cell_line,embryonic,H3K4me1,encode,single,False,0.87506103515625,
EFO:0001182 Histone ChIP-seq H3K4me3,.,Histone ChIP-seq,EFO:0001182,HEK293,cell_line,embryonic,H3K4me3,encode,single,False,1.4261152744293213,
EFO:0001187 Histone ChIP-seq H3K27ac,.,Histone ChIP-seq,EFO:0001187,HepG2,cell_line,child,H3K27ac,encode,single,False,0.8398945927619934,LIVER
EFO:0001187 Histone ChIP-seq H3K27me3,.,Histone ChIP-seq,EFO:0001187,HepG2,cell_line,child,H3K27me3,encode,single,False,0.823556661605835,LIVER
EFO:0001187 Histone ChIP-seq H3K36me3,.,Histone ChIP-seq,EFO:0001187,HepG2,cell_line,child,H3K36me3,encode,single,False,0.7415798306465149,LIVER
EFO:0001187 Histone ChIP-seq H3K4me1,.,Histone ChIP-seq,EFO:0001187,HepG2,cell_line,child,H3K4me1,encode,single,False,0.9581140875816345,LIVER
EFO:0001187 Histone ChIP-seq H3K4me2,.,Histone ChIP-seq,EFO:0001187,HepG2,cell_line,child,H3K4me2,encode,single,False,1.6532938480377197,LIVER
EFO:0001187 Histone ChIP-seq H3K4me3,.,Histone ChIP-seq,EFO:0001187,HepG2,cell_line,child,H3K4me3,encode,single,False,0.7466471791267395,LIVER
EFO:0001187 Histone ChIP-seq H3K79me2,.,Histone ChIP-seq,EFO:0001187,HepG2,cell_line,child,H3K79me2,encode,single,False,1.4591761827468872,LIVER
EFO:0001187 Histone ChIP-seq H3K9ac,.,Histone ChIP-seq,EFO:0001187,HepG2,cell_line,child,H3K9ac,encode,single,False,1.4094842672348022,LIVER
EFO:0001187 Histone ChIP-seq H3K9me3,.,Histone ChIP-seq,EFO:0001187,HepG2,cell_line,child,H3K9me3,encode,single,False,0.846428632736206,LIVER
EFO:0001187 Histone ChIP-seq H4K20me1,.,Histone ChIP-seq,EFO:0001187,HepG2,cell_line,child,H4K20me1,encode,single,False,1.1623249053955078,LIVER
EFO:0001196 Histone ChIP-seq H2AFZ,.,Histone ChIP-seq,EFO:0001196,IMR-90,cell_line,embryonic,H2AFZ,encode,single,False,1.2369091510772705,
EFO:0001196 Histone ChIP-seq H2AK5ac,.,Histone ChIP-seq,EFO:0001196,IMR-90,cell_line,embryonic,H2AK5ac,encode,single,False,1.5246500968933105,
EFO:0001196 Histone ChIP-seq H2BK120ac,.,Histone ChIP-seq,EFO:0001196,IMR-90,cell_line,embryonic,H2BK120ac,encode,single,False,1.3716460466384888,
EFO:0001196 Histone ChIP-seq H2BK12ac,.,Histone ChIP-seq,EFO:0001196,IMR-90,cell_line,embryonic,H2BK12ac,encode,single,False,1.4479514360427856,
EFO:0001196 Histone ChIP-seq H2BK15ac,.,Histone ChIP-seq,EFO:0001196,IMR-90,cell_line,embryonic,H2BK15ac,encode,single,False,0.966442346572876,
EFO:0001196 Histone ChIP-seq H2BK20ac,.,Histone ChIP-seq,EFO:0001196,IMR-90,cell_line,embryonic,H2BK20ac,encode,single,False,1.2972639799118042,
EFO:0001196 Histone ChIP-seq H2BK5ac,.,Histone ChIP-seq,EFO:0001196,IMR-90,cell_line,embryonic,H2BK5ac,encode,single,False,0.9934648871421814,
EFO:0001196 Histone ChIP-seq H3K14ac,.,Histone ChIP-seq,EFO:0001196,IMR-90,cell_line,embryonic,H3K14ac,encode,single,False,1.083517074584961,
EFO:0001196 Histone ChIP-seq H3K18ac,.,Histone ChIP-seq,EFO:0001196,IMR-90,cell_line,embryonic,H3K18ac,encode,single,False,1.057948112487793,
EFO:0001196 Histone ChIP-seq H3K23ac,.,Histone ChIP-seq,EFO:0001196,IMR-90,cell_line,embryonic,H3K23ac,encode,single,False,1.0878431797027588,
EFO:0001196 Histone ChIP-seq H3K27ac,.,Histone ChIP-seq,EFO:0001196,IMR-90,cell_line,embryonic,H3K27ac,encode,single,False,1.0501070022583008,
EFO:0001196 Histone ChIP-seq H3K27me3,.,Histone ChIP-seq,EFO:0001196,IMR-90,cell_line,embryonic,H3K27me3,encode,single,False,1.1166572570800781,
EFO:0001196 Histone ChIP-seq H3K36me3,.,Histone ChIP-seq,EFO:0001196,IMR-90,cell_line,embryonic,H3K36me3,encode,single,False,1.3623366355895996,
EFO:0001196 Histone ChIP-seq H3K4ac,.,Histone ChIP-seq,EFO:0001196,IMR-90,cell_line,embryonic,H3K4ac,encode,single,False,1.3149033784866333,
EFO:0001196 Histone ChIP-seq H3K4me1,.,Histone ChIP-seq,EFO:0001196,IMR-90,cell_line,embryonic,H3K4me1,encode,single,False,0.9336976408958435,
EFO:0001196 Histone ChIP-seq H3K4me2,.,Histone ChIP-seq,EFO:0001196,IMR-90,cell_line,embryonic,H3K4me2,encode,single,False,1.0273102521896362,
EFO:0001196 Histone ChIP-seq H3K4me3,.,Histone ChIP-seq,EFO:0001196,IMR-90,cell_line,embryonic,H3K4me3,encode,single,False,1.479701280593872,
EFO:0001196 Histone ChIP-seq H3K79me1,.,Histone ChIP-seq,EFO:0001196,IMR-90,cell_line,embryonic,H3K79me1,encode,single,False,0.7547033429145813,
EFO:0001196 Histone ChIP-seq H3K79me2,.,Histone ChIP-seq,EFO:0001196,IMR-90,cell_line,embryonic,H3K79me2,encode,single,False,1.1842864751815796,
EFO:0001196 Histone ChIP-seq H3K9ac,.,Histone ChIP-seq,EFO:0001196,IMR-90,cell_line,embryonic,H3K9ac,encode,single,False,1.211501955986023,
EFO:0001196 Histone ChIP-seq H3K9me1,.,Histone ChIP-seq,EFO:0001196,IMR-90,cell_line,embryonic,H3K9me1,encode,single,False,0.9264301061630249,
EFO:0001196 Histone ChIP-seq H3K9me3,.,Histone ChIP-seq,EFO:0001196,IMR-90,cell_line,embryonic,H3K9me3,encode,single,False,1.1585264205932617,
EFO:0001196 Histone ChIP-seq H4K20me1,.,Histone ChIP-seq,EFO:0001196,IMR-90,cell_line,embryonic,H4K20me1,encode,single,False,0.9348976612091064,
EFO:0001196 Histone ChIP-seq H4K5ac,.,Histone ChIP-seq,EFO:0001196,IMR-90,cell_line,embryonic,H4K5ac,encode,single,False,0.9765207767486572,
EFO:0001196 Histone ChIP-seq H4K8ac,.,Histone ChIP-seq,EFO:0001196,IMR-90,cell_line,embryonic,H4K8ac,encode,single,False,0.7747776508331299,
EFO:0001196 Histone ChIP-seq H4K91ac,.,Histone ChIP-seq,EFO:0001196,IMR-90,cell_line,embryonic,H4K91ac,encode,single,False,1.7031760215759277,
EFO:0001203 Histone ChIP-seq H2AFZ,.,Histone ChIP-seq,EFO:0001203,MCF-7,cell_line,adult,H2AFZ,encode,single,False,0.7777266502380371,
EFO:0001203 Histone ChIP-seq H3K27ac,.,Histone ChIP-seq,EFO:0001203,MCF-7,cell_line,adult,H3K27ac,encode,single,False,0.6805304884910583,
EFO:0001203 Histone ChIP-seq H3K36me3,.,Histone ChIP-seq,EFO:0001203,MCF-7,cell_line,adult,H3K36me3,encode,single,False,0.7012349367141724,
EFO:0001203 Histone ChIP-seq H3K4me1,.,Histone ChIP-seq,EFO:0001203,MCF-7,cell_line,adult,H3K4me1,encode,single,False,0.7435044646263123,
EFO:0001203 Histone ChIP-seq H3K4me2,.,Histone ChIP-seq,EFO:0001203,MCF-7,cell_line,adult,H3K4me2,encode,single,False,0.757789134979248,
EFO:0001203 Histone ChIP-seq H3K4me3,.,Histone ChIP-seq,EFO:0001203,MCF-7,cell_line,adult,H3K4me3,encode,single,False,0.7882369756698608,
EFO:0001203 Histone ChIP-seq H3K79me2,.,Histone ChIP-seq,EFO:0001203,MCF-7,cell_line,adult,H3K79me2,encode,single,False,0.8263932466506958,
EFO:0001203 Histone ChIP-seq H3K9ac,.,Histone ChIP-seq,EFO:0001203,MCF-7,cell_line,adult,H3K9ac,encode,single,False,0.8699772357940674,
EFO:0001221 Histone ChIP-seq H2AFZ,.,Histone ChIP-seq,EFO:0001221,NCI-H929,cell_line,adult,H2AFZ,encode,paired,False,0.8324805498123169,
EFO:0001221 Histone ChIP-seq H3K27ac,.,Histone ChIP-seq,EFO:0001221,NCI-H929,cell_line,adult,H3K27ac,encode,paired,False,0.6850462555885315,
EFO:0001221 Histone ChIP-seq H3K36me3,.,Histone ChIP-seq,EFO:0001221,NCI-H929,cell_line,adult,H3K36me3,encode,paired,False,0.8240364789962769,
EFO:0001221 Histone ChIP-seq H3K4me1,.,Histone ChIP-seq,EFO:0001221,NCI-H929,cell_line,adult,H3K4me1,encode,paired,False,0.848157525062561,
EFO:0001221 Histone ChIP-seq H3K4me2,.,Histone ChIP-seq,EFO:0001221,NCI-H929,cell_line,adult,H3K4me2,encode,paired,False,0.8175636529922485,
EFO:0001221 Histone ChIP-seq H3K4me3,.,Histone ChIP-seq,EFO:0001221,NCI-H929,cell_line,adult,H3K4me3,encode,single,False,0.8140625357627869,
EFO:0001221 Histone ChIP-seq H3K79me2,.,Histone ChIP-seq,EFO:0001221,NCI-H929,cell_line,adult,H3K79me2,encode,single,False,0.7729151844978333,
EFO:0001221 Histone ChIP-seq H3K9ac,.,Histone ChIP-seq,EFO:0001221,NCI-H929,cell_line,adult,H3K9ac,encode,single,False,0.8214753866195679,
EFO:0001260 Histone ChIP-seq H3K4me3,.,Histone ChIP-seq,EFO:0001260,WI38,cell_line,unknown,H3K4me3,encode,single,False,2.0542047023773193,
EFO:0002067 Histone ChIP-seq H2AFZ,.,Histone ChIP-seq,EFO:0002067,K562,cell_line,adult,H2AFZ,encode,single,False,1.1387044191360474,
EFO:0002067 Histone ChIP-seq H3K27ac,.,Histone ChIP-seq,EFO:0002067,K562,cell_line,adult,H3K27ac,encode,single,False,0.7258226275444031,
EFO:0002067 Histone ChIP-seq H3K27me3,.,Histone ChIP-seq,EFO:0002067,K562,cell_line,adult,H3K27me3,encode,single,False,0.7676494121551514,
EFO:0002067 Histone ChIP-seq H3K36me3,.,Histone ChIP-seq,EFO:0002067,K562,cell_line,adult,H3K36me3,encode,single,False,0.7321892380714417,
EFO:0002067 Histone ChIP-seq H3K4me1,.,Histone ChIP-seq,EFO:0002067,K562,cell_line,adult,H3K4me1,encode,single,False,0.7091634273529053,
EFO:0002067 Histone ChIP-seq H3K4me2,.,Histone ChIP-seq,EFO:0002067,K562,cell_line,adult,H3K4me2,encode,single,False,1.953864336013794,
EFO:0002067 Histone ChIP-seq H3K4me3,.,Histone ChIP-seq,EFO:0002067,K562,cell_line,adult,H3K4me3,encode,single,False,0.6676239967346191,
EFO:0002067 Histone ChIP-seq H3K79me2,.,Histone ChIP-seq,EFO:0002067,K562,cell_line,adult,H3K79me2,encode,single,False,1.0385363101959229,
EFO:0002067 Histone ChIP-seq H3K9ac,.,Histone ChIP-seq,EFO:0002067,K562,cell_line,adult,H3K9ac,encode,single,False,1.1911028623580933,
EFO:0002067 Histone ChIP-seq H4K20me1,.,Histone ChIP-seq,EFO:0002067,K562,cell_line,adult,H4K20me1,encode,single,False,1.103072166442871,
EFO:0002074 Histone ChIP-seq H2AFZ,.,Histone ChIP-seq,EFO:0002074,PC-3,cell_line,adult,H2AFZ,encode,single,False,0.7435217499732971,
EFO:0002074 Histone ChIP-seq H3K27ac,.,Histone ChIP-seq,EFO:0002074,PC-3,cell_line,adult,H3K27ac,encode,single,False,0.7057936787605286,
EFO:0002074 Histone ChIP-seq H3K27me3,.,Histone ChIP-seq,EFO:0002074,PC-3,cell_line,adult,H3K27me3,encode,single,False,0.7873684167861938,
EFO:0002074 Histone ChIP-seq H3K36me3,.,Histone ChIP-seq,EFO:0002074,PC-3,cell_line,adult,H3K36me3,encode,single,False,0.762434720993042,
EFO:0002074 Histone ChIP-seq H3K4me1,.,Histone ChIP-seq,EFO:0002074,PC-3,cell_line,adult,H3K4me1,encode,single,False,0.7295119166374207,
EFO:0002074 Histone ChIP-seq H3K4me2,.,Histone ChIP-seq,EFO:0002074,PC-3,cell_line,adult,H3K4me2,encode,single,False,0.7400060296058655,
EFO:0002074 Histone ChIP-seq H3K4me3,.,Histone ChIP-seq,EFO:0002074,PC-3,cell_line,adult,H3K4me3,encode,single,False,0.7329297661781311,
EFO:0002074 Histone ChIP-seq H3K79me2,.,Histone ChIP-seq,EFO:0002074,PC-3,cell_line,adult,H3K79me2,encode,single,False,0.7248369455337524,
EFO:0002074 Histone ChIP-seq H3K9ac,.,Histone ChIP-seq,EFO:0002074,PC-3,cell_line,adult,H3K9ac,encode,single,False,0.7181410193443298,
EFO:0002095 Histone ChIP-seq H3K27ac,.,Histone ChIP-seq,EFO:0002095,22Rv1,cell_line,unknown,H3K27ac,encode,paired,False,0.8225396871566772,
EFO:0002106 Histone ChIP-seq H3K27ac,.,Histone ChIP-seq,EFO:0002106,A673,cell_line,child,H3K27ac,encode,single,False,0.9337882399559021,
EFO:0002106 Histone ChIP-seq H3K4me1,.,Histone ChIP-seq,EFO:0002106,A673,cell_line,child,H3K4me1,encode,single,False,1.2146235704421997,
EFO:0002106 Histone ChIP-seq H3K4me3,.,Histone ChIP-seq,EFO:0002106,A673,cell_line,child,H3K4me3,encode,single,False,1.032426357269287,
EFO:0002167 Histone ChIP-seq H2AFZ,.,Histone ChIP-seq,EFO:0002167,DOHH2,cell_line,adult,H2AFZ,encode,single,False,0.8480846881866455,
EFO:0002167 Histone ChIP-seq H3F3A,.,Histone ChIP-seq,EFO:0002167,DOHH2,cell_line,adult,H3F3A,encode,single,False,0.7860332131385803,
EFO:0002167 Histone ChIP-seq H3K27ac,.,Histone ChIP-seq,EFO:0002167,DOHH2,cell_line,adult,H3K27ac,encode,single,False,0.9404491782188416,
EFO:0002167 Histone ChIP-seq H3K27me3,.,Histone ChIP-seq,EFO:0002167,DOHH2,cell_line,adult,H3K27me3,encode,single,False,0.7938494086265564,
EFO:0002167 Histone ChIP-seq H3K36me3,.,Histone ChIP-seq,EFO:0002167,DOHH2,cell_line,adult,H3K36me3,encode,single,False,0.7523781061172485,
EFO:0002167 Histone ChIP-seq H3K4me1,.,Histone ChIP-seq,EFO:0002167,DOHH2,cell_line,adult,H3K4me1,encode,single,False,0.722085177898407,
EFO:0002167 Histone ChIP-seq H3K4me2,.,Histone ChIP-seq,EFO:0002167,DOHH2,cell_line,adult,H3K4me2,encode,single,False,0.873505711555481,
EFO:0002167 Histone ChIP-seq H3K4me3,.,Histone ChIP-seq,EFO:0002167,DOHH2,cell_line,adult,H3K4me3,encode,single,False,0.7785306572914124,
EFO:0002167 Histone ChIP-seq H3K79me2,.,Histone ChIP-seq,EFO:0002167,DOHH2,cell_line,adult,H3K79me2,encode,single,False,0.7459806799888611,
EFO:0002234 Histone ChIP-seq H3K36me3,.,Histone ChIP-seq,EFO:0002234,MG63,cell_line,child,H3K36me3,encode,paired,False,0.7326278686523438,
EFO:0002234 Histone ChIP-seq H3K4me3,.,Histone ChIP-seq,EFO:0002234,MG63,cell_line,child,H3K4me3,encode,paired,False,0.7054553627967834,
EFO:0002323 Histone ChIP-seq H3K27ac,.,Histone ChIP-seq,EFO:0002323,RWPE1,cell_line,adult,H3K27ac,encode,paired,False,1.316434383392334,
EFO:0002330 Histone ChIP-seq H3K27ac,.,Histone ChIP-seq,EFO:0002330,SJSA1,cell_line,adult,H3K27ac,encode,paired,False,0.7031357884407043,
EFO:0002330 Histone ChIP-seq H3K36me3,.,Histone ChIP-seq,EFO:0002330,SJSA1,cell_line,adult,H3K36me3,encode,paired,False,0.7640801072120667,
EFO:0002330 Histone ChIP-seq H3K4me1,.,Histone ChIP-seq,EFO:0002330,SJSA1,cell_line,adult,H3K4me1,encode,paired,False,0.7201310396194458,
EFO:0002330 Histone ChIP-seq H3K4me3,.,Histone ChIP-seq,EFO:0002330,SJSA1,cell_line,adult,H3K4me3,encode,paired,False,0.636623203754425,
EFO:0002357 Histone ChIP-seq H3F3A,.,Histone ChIP-seq,EFO:0002357,SU-DHL-6,cell_line,adult,H3F3A,encode,single,False,0.8423266410827637,
EFO:0002357 Histone ChIP-seq H3K27ac,.,Histone ChIP-seq,EFO:0002357,SU-DHL-6,cell_line,adult,H3K27ac,encode,single,False,0.8034595251083374,
EFO:0002357 Histone ChIP-seq H3K36me3,.,Histone ChIP-seq,EFO:0002357,SU-DHL-6,cell_line,adult,H3K36me3,encode,single,False,0.7802841663360596,
EFO:0002357 Histone ChIP-seq H3K4me2,.,Histone ChIP-seq,EFO:0002357,SU-DHL-6,cell_line,adult,H3K4me2,encode,single,False,0.79960036277771,
EFO:0002357 Histone ChIP-seq H3K79me2,.,Histone ChIP-seq,EFO:0002357,SU-DHL-6,cell_line,adult,H3K79me2,encode,single,False,0.8656731843948364,
EFO:0002357 Histone ChIP-seq H3K9ac,.,Histone ChIP-seq,EFO:0002357,SU-DHL-6,cell_line,adult,H3K9ac,encode,single,False,0.7668773531913757,
EFO:0002713 Histone ChIP-seq H3K27ac,.,Histone ChIP-seq,EFO:0002713,Panc1,cell_line,adult,H3K27ac,encode,single,False,0.8690906763076782,
EFO:0002713 Histone ChIP-seq H3K36me3,.,Histone ChIP-seq,EFO:0002713,Panc1,cell_line,adult,H3K36me3,encode,single,False,0.9535069465637207,
EFO:0002713 Histone ChIP-seq H3K4me1,.,Histone ChIP-seq,EFO:0002713,Panc1,cell_line,adult,H3K4me1,encode,single,False,0.9128447771072388,
EFO:0002713 Histone ChIP-seq H3K4me3,.,Histone ChIP-seq,EFO:0002713,Panc1,cell_line,adult,H3K4me3,encode,single,False,1.0108050107955933,
EFO:0002779 Histone ChIP-seq H3K27me3,.,Histone ChIP-seq,EFO:0002779,BJ,cell_line,newborn,H3K27me3,encode,single,False,1.2857643365859985,
EFO:0002779 Histone ChIP-seq H3K36me3,.,Histone ChIP-seq,EFO:0002779,BJ,cell_line,newborn,H3K36me3,encode,single,False,1.2777327299118042,
EFO:0002779 Histone ChIP-seq H3K4me3,.,Histone ChIP-seq,EFO:0002779,BJ,cell_line,newborn,H3K4me3,encode,single,False,2.0215272903442383,
EFO:0002783 Histone ChIP-seq H3K36me3,.,Histone ChIP-seq,EFO:0002783,GM06990,cell_line,unknown,H3K36me3,encode,single,False,1.289337396621704,
EFO:0002783 Histone ChIP-seq H3K4me3,.,Histone ChIP-seq,EFO:0002783,GM06990,cell_line,unknown,H3K4me3,encode,single,False,2.12255859375,
EFO:0002784 Histone ChIP-seq H2AFZ,.,Histone ChIP-seq,EFO:0002784,GM12878,cell_line,adult,H2AFZ,encode,single,False,1.0433303117752075,IMMUNE
EFO:0002784 Histone ChIP-seq H3K27ac,.,Histone ChIP-seq,EFO:0002784,GM12878,cell_line,adult,H3K27ac,encode,single,False,2.0473732948303223,IMMUNE
EFO:0002784 Histone ChIP-seq H3K36me3,.,Histone ChIP-seq,EFO:0002784,GM12878,cell_line,adult,H3K36me3,encode,single,False,0.9647253751754761,IMMUNE
EFO:0002784 Histone ChIP-seq H3K4me1,.,Histone ChIP-seq,EFO:0002784,GM12878,cell_line,adult,H3K4me1,encode,single,False,0.8747251033782959,IMMUNE
EFO:0002784 Histone ChIP-seq H3K4me2,.,Histone ChIP-seq,EFO:0002784,GM12878,cell_line,adult,H3K4me2,encode,single,False,2.022794008255005,IMMUNE
EFO:0002784 Histone ChIP-seq H3K4me3,.,Histone ChIP-seq,EFO:0002784,GM12878,cell_line,adult,H3K4me3,encode,single,False,0.7356247305870056,IMMUNE
EFO:0002784 Histone ChIP-seq H3K79me2,.,Histone ChIP-seq,EFO:0002784,GM12878,cell_line,adult,H3K79me2,encode,single,False,1.9463640451431274,IMMUNE
EFO:0002784 Histone ChIP-seq H3K9ac,.,Histone ChIP-seq,EFO:0002784,GM12878,cell_line,adult,H3K9ac,encode,single,False,1.3702908754348755,IMMUNE
EFO:0002791 Histone ChIP-seq H2AFZ,.,Histone ChIP-seq,EFO:0002791,HeLa-S3,cell_line,adult,H2AFZ,encode,single,False,0.8552187085151672,
EFO:0002791 Histone ChIP-seq H3K27ac,.,Histone ChIP-seq,EFO:0002791,HeLa-S3,cell_line,adult,H3K27ac,encode,single,False,1.2037321329116821,
EFO:0002791 Histone ChIP-seq H3K27me3,.,Histone ChIP-seq,EFO:0002791,HeLa-S3,cell_line,adult,H3K27me3,encode,single,False,0.8821183443069458,
EFO:0002791 Histone ChIP-seq H3K36me3,.,Histone ChIP-seq,EFO:0002791,HeLa-S3,cell_line,adult,H3K36me3,encode,single,False,0.8423819541931152,
EFO:0002791 Histone ChIP-seq H3K4me1,.,Histone ChIP-seq,EFO:0002791,HeLa-S3,cell_line,adult,H3K4me1,encode,single,False,0.9480814933776855,
EFO:0002791 Histone ChIP-seq H3K4me2,.,Histone ChIP-seq,EFO:0002791,HeLa-S3,cell_line,adult,H3K4me2,encode,single,False,0.9384459853172302,
EFO:0002791 Histone ChIP-seq H3K4me3,.,Histone ChIP-seq,EFO:0002791,HeLa-S3,cell_line,adult,H3K4me3,encode,single,False,0.7833877205848694,
EFO:0002791 Histone ChIP-seq H3K79me2,.,Histone ChIP-seq,EFO:0002791,HeLa-S3,cell_line,adult,H3K79me2,encode,single,False,1.5820488929748535,
EFO:0002791 Histone ChIP-seq H3K9ac,.,Histone ChIP-seq,EFO:0002791,HeLa-S3,cell_line,adult,H3K9ac,encode,single,False,1.1061956882476807,
EFO:0002793 Histone ChIP-seq H3K27ac,.,Histone ChIP-seq,EFO:0002793,HL-60,cell_line,adult,H3K27ac,encode,paired,False,0.7122716307640076,
EFO:0002793 Histone ChIP-seq H3K4me3,.,Histone ChIP-seq,EFO:0002793,HL-60,cell_line,adult,H3K4me3,encode,single,False,3.4567317962646484,
EFO:0002798 Histone ChIP-seq H3K4me3,.,Histone ChIP-seq,EFO:0002798,NB4,cell_line,adult,H3K4me3,encode,single,False,2.6263296604156494,
EFO:0002824 Histone ChIP-seq H3K27ac,.,Histone ChIP-seq,EFO:0002824,HCT116,cell_line,adult,H3K27ac,encode,single,False,0.8749218583106995,
EFO:0002824 Histone ChIP-seq H3K27me3,.,Histone ChIP-seq,EFO:0002824,HCT116,cell_line,adult,H3K27me3,encode,single,False,0.8850667476654053,
EFO:0002824 Histone ChIP-seq H3K36me3,.,Histone ChIP-seq,EFO:0002824,HCT116,cell_line,adult,H3K36me3,encode,single,False,0.7596229314804077,
EFO:0002824 Histone ChIP-seq H3K4me1,.,Histone ChIP-seq,EFO:0002824,HCT116,cell_line,adult,H3K4me1,encode,single,False,0.7152540683746338,
EFO:0002824 Histone ChIP-seq H3K4me2,.,Histone ChIP-seq,EFO:0002824,HCT116,cell_line,adult,H3K4me2,encode,single,False,0.833650529384613,
EFO:0002824 Histone ChIP-seq H3K4me3,.,Histone ChIP-seq,EFO:0002824,HCT116,cell_line,adult,H3K4me3,encode,single,False,0.7914097905158997,
EFO:0002824 Histone ChIP-seq H3K79me2,.,Histone ChIP-seq,EFO:0002824,HCT116,cell_line,adult,H3K79me2,encode,single,False,0.935132622718811,
EFO:0002824 Histone ChIP-seq H3K9ac,.,Histone ChIP-seq,EFO:0002824,HCT116,cell_line,adult,H3K9ac,encode,single,False,0.8349432349205017,
EFO:0002847 Histone ChIP-seq H2AFZ,.,Histone ChIP-seq,EFO:0002847,PC-9,cell_line,unknown,H2AFZ,encode,paired,False,0.8126703500747681,
EFO:0002847 Histone ChIP-seq H3F3A,.,Histone ChIP-seq,EFO:0002847,PC-9,cell_line,unknown,H3F3A,encode,paired,False,0.805666983127594,
EFO:0002847 Histone ChIP-seq H3K27ac,.,Histone ChIP-seq,EFO:0002847,PC-9,cell_line,unknown,H3K27ac,encode,single,False,0.7811882495880127,
EFO:0002847 Histone ChIP-seq H3K27me3,.,Histone ChIP-seq,EFO:0002847,PC-9,cell_line,unknown,H3K27me3,encode,single,False,0.8377817273139954,
EFO:0002847 Histone ChIP-seq H3K4me1,.,Histone ChIP-seq,EFO:0002847,PC-9,cell_line,unknown,H3K4me1,encode,single,False,0.7623736262321472,
EFO:0002847 Histone ChIP-seq H3K4me2,.,Histone ChIP-seq,EFO:0002847,PC-9,cell_line,unknown,H3K4me2,encode,single,False,0.7997951507568359,
EFO:0002847 Histone ChIP-seq H3K4me3,.,Histone ChIP-seq,EFO:0002847,PC-9,cell_line,unknown,H3K4me3,encode,single,False,0.7847661972045898,
EFO:0002847 Histone ChIP-seq H3K79me2,.,Histone ChIP-seq,EFO:0002847,PC-9,cell_line,unknown,H3K79me2,encode,single,False,0.7880992889404297,
EFO:0002847 Histone ChIP-seq H3K9ac,.,Histone ChIP-seq,EFO:0002847,PC-9,cell_line,unknown,H3K9ac,encode,single,False,0.7769328355789185,
EFO:0002847 Histone ChIP-seq H3K9me2,.,Histone ChIP-seq,EFO:0002847,PC-9,cell_line,unknown,H3K9me2,encode,paired,False,0.8189198970794678,
EFO:0002847 Histone ChIP-seq H3K9me3,.,Histone ChIP-seq,EFO:0002847,PC-9,cell_line,unknown,H3K9me3,encode,paired,False,0.8302831053733826,
EFO:0002847 Histone ChIP-seq H4K20me1,.,Histone ChIP-seq,EFO:0002847,PC-9,cell_line,unknown,H4K20me1,encode,paired,False,0.8273460865020752,
EFO:0002860 Histone ChIP-seq H3K27ac,.,Histone ChIP-seq,EFO:0002860,SK-N-MC,cell_line,child,H3K27ac,encode,single,False,0.8160144686698914,
EFO:0002860 Histone ChIP-seq H3K36me3,.,Histone ChIP-seq,EFO:0002860,SK-N-MC,cell_line,child,H3K36me3,encode,single,False,0.7942330241203308,
EFO:0002860 Histone ChIP-seq H3K4me1,.,Histone ChIP-seq,EFO:0002860,SK-N-MC,cell_line,child,H3K4me1,encode,single,False,0.7683026790618896,
EFO:0002860 Histone ChIP-seq H3K4me3,.,Histone ChIP-seq,EFO:0002860,SK-N-MC,cell_line,child,H3K4me3,encode,single,False,0.766095757484436,
EFO:0002860 Histone ChIP-seq H3K9ac,.,Histone ChIP-seq,EFO:0002860,SK-N-MC,cell_line,child,H3K9ac,encode,single,False,0.798915445804596,
EFO:0003042 Histone ChIP-seq H2AFZ,.,Histone ChIP-seq,EFO:0003042,H1,cell_line,embryonic,H2AFZ,encode,single,False,0.8964623212814331,
EFO:0003042 Histone ChIP-seq H2BK12ac,.,Histone ChIP-seq,EFO:0003042,H1,cell_line,embryonic,H2BK12ac,encode,single,False,1.0385457277297974,
EFO:0003042 Histone ChIP-seq H2BK5ac,.,Histone ChIP-seq,EFO:0003042,H1,cell_line,embryonic,H2BK5ac,encode,single,False,0.9948505759239197,
EFO:0003042 Histone ChIP-seq H3K27ac,.,Histone ChIP-seq,EFO:0003042,H1,cell_line,embryonic,H3K27ac,encode,single,False,1.1245684623718262,
EFO:0003042 Histone ChIP-seq H3K27me3,.,Histone ChIP-seq,EFO:0003042,H1,cell_line,embryonic,H3K27me3,encode,single,False,0.9110193252563477,
EFO:0003042 Histone ChIP-seq H3K36me3,.,Histone ChIP-seq,EFO:0003042,H1,cell_line,embryonic,H3K36me3,encode,single,False,0.7956418395042419,
EFO:0003042 Histone ChIP-seq H3K4me1,.,Histone ChIP-seq,EFO:0003042,H1,cell_line,embryonic,H3K4me1,encode,single,False,0.8609104752540588,
EFO:0003042 Histone ChIP-seq H3K4me2,.,Histone ChIP-seq,EFO:0003042,H1,cell_line,embryonic,H3K4me2,encode,single,False,1.423579454421997,
EFO:0003042 Histone ChIP-seq H3K4me3,.,Histone ChIP-seq,EFO:0003042,H1,cell_line,embryonic,H3K4me3,encode,single,False,0.8046759366989136,
EFO:0003042 Histone ChIP-seq H3K79me2,.,Histone ChIP-seq,EFO:0003042,H1,cell_line,embryonic,H3K79me2,encode,single,False,1.0178576707839966,
EFO:0003042 Histone ChIP-seq H3K9ac,.,Histone ChIP-seq,EFO:0003042,H1,cell_line,embryonic,H3K9ac,encode,single,False,0.9233517050743103,
EFO:0003042 Histone ChIP-seq H3K9me3,.,Histone ChIP-seq,EFO:0003042,H1,cell_line,embryonic,H3K9me3,encode,single,False,0.8602845668792725,
EFO:0003042 Histone ChIP-seq H4K20me1,.,Histone ChIP-seq,EFO:0003042,H1,cell_line,embryonic,H4K20me1,encode,single,False,0.8364707231521606,
EFO:0003042 Histone ChIP-seq H4K91ac,.,Histone ChIP-seq,EFO:0003042,H1,cell_line,embryonic,H4K91ac,encode,single,False,0.8832273483276367,
EFO:0003045 Histone ChIP-seq H3K27me3,.,Histone ChIP-seq,EFO:0003045,H9,cell_line,embryonic,H3K27me3,encode,single,False,1.042486548423767,
EFO:0003045 Histone ChIP-seq H3K36me3,.,Histone ChIP-seq,EFO:0003045,H9,cell_line,embryonic,H3K36me3,encode,single,False,1.2858878374099731,
EFO:0003045 Histone ChIP-seq H3K4me1,.,Histone ChIP-seq,EFO:0003045,H9,cell_line,embryonic,H3K4me1,encode,single,False,1.0824403762817383,
EFO:0003045 Histone ChIP-seq H3K4me2,.,Histone ChIP-seq,EFO:0003045,H9,cell_line,embryonic,H3K4me2,encode,single,False,0.8737141489982605,
EFO:0003045 Histone ChIP-seq H3K4me3,.,Histone ChIP-seq,EFO:0003045,H9,cell_line,embryonic,H3K4me3,encode,single,False,2.0365102291107178,
EFO:0003045 Histone ChIP-seq H3K9me3,.,Histone ChIP-seq,EFO:0003045,H9,cell_line,embryonic,H3K9me3,encode,single,False,1.0603501796722412,
EFO:0003072 Histone ChIP-seq H2AFZ,.,Histone ChIP-seq,EFO:0003072,SK-N-SH,cell_line,child,H2AFZ,encode,paired,False,0.8825019598007202,
EFO:0003072 Histone ChIP-seq H3K27ac,.,Histone ChIP-seq,EFO:0003072,SK-N-SH,cell_line,child,H3K27ac,encode,paired,False,0.879656970500946,
EFO:0003072 Histone ChIP-seq H3K27me3,.,Histone ChIP-seq,EFO:0003072,SK-N-SH,cell_line,child,H3K27me3,encode,single,False,0.8798337578773499,
EFO:0003072 Histone ChIP-seq H3K36me3,.,Histone ChIP-seq,EFO:0003072,SK-N-SH,cell_line,child,H3K36me3,encode,single,False,0.9075960516929626,
EFO:0003072 Histone ChIP-seq H3K4me1,.,Histone ChIP-seq,EFO:0003072,SK-N-SH,cell_line,child,H3K4me1,encode,single,False,0.7671272158622742,
EFO:0003072 Histone ChIP-seq H3K4me2,.,Histone ChIP-seq,EFO:0003072,SK-N-SH,cell_line,child,H3K4me2,encode,single,False,0.7950025200843811,
EFO:0003072 Histone ChIP-seq H3K4me3,.,Histone ChIP-seq,EFO:0003072,SK-N-SH,cell_line,child,H3K4me3,encode,paired,False,0.876600980758667,
EFO:0003072 Histone ChIP-seq H3K79me2,.,Histone ChIP-seq,EFO:0003072,SK-N-SH,cell_line,child,H3K79me2,encode,paired,False,0.9137915968894958,
EFO:0003072 Histone ChIP-seq H3K9ac,.,Histone ChIP-seq,EFO:0003072,SK-N-SH,cell_line,child,H3K9ac,encode,single,False,0.7993491888046265,
EFO:0003072 Histone ChIP-seq H4K20me1,.,Histone ChIP-seq,EFO:0003072,SK-N-SH,cell_line,child,H4K20me1,encode,single,False,0.8161243200302124,
EFO:0005236 Histone ChIP-seq H3K27me3,.,Histone ChIP-seq,EFO:0005236,NT2/D1,cell_line,unknown,H3K27me3,encode,single,False,1.0673760175704956,
EFO:0005236 Histone ChIP-seq H3K36me3,.,Histone ChIP-seq,EFO:0005236,NT2/D1,cell_line,unknown,H3K36me3,encode,single,False,1.3818084001541138,
EFO:0005236 Histone ChIP-seq H3K4me1,.,Histone ChIP-seq,EFO:0005236,NT2/D1,cell_line,unknown,H3K4me1,encode,single,False,1.1486653089523315,
EFO:0005236 Histone ChIP-seq H3K4me3,.,Histone ChIP-seq,EFO:0005236,NT2/D1,cell_line,unknown,H3K4me3,encode,single,False,1.227253794670105,
EFO:0005236 Histone ChIP-seq H3K9ac,.,Histone ChIP-seq,EFO:0005236,NT2/D1,cell_line,unknown,H3K9ac,encode,single,False,1.299910306930542,
EFO:0005236 Histone ChIP-seq H3K9me3,.,Histone ChIP-seq,EFO:0005236,NT2/D1,cell_line,unknown,H3K9me3,encode,single,False,0.8423168063163757,
EFO:0005333 Histone ChIP-seq H3K4me3,.,Histone ChIP-seq,EFO:0005333,GM08714,cell_line,unknown,H3K4me3,encode,single,False,0.6614753007888794,
EFO:0005337 Histone ChIP-seq H3K4me3,.,Histone ChIP-seq,EFO:0005337,GM12864,cell_line,unknown,H3K4me3,encode,single,False,1.0027735233306885,
EFO:0005338 Histone ChIP-seq H3K4me3,.,Histone ChIP-seq,EFO:0005338,GM12865,cell_line,unknown,H3K4me3,encode,single,False,0.9344316124916077,
EFO:0005694 Histone ChIP-seq H2AFZ,.,Histone ChIP-seq,EFO:0005694,KMS-11,cell_line,adult,H2AFZ,encode,single,False,0.8141403794288635,
EFO:0005694 Histone ChIP-seq H3K27ac,.,Histone ChIP-seq,EFO:0005694,KMS-11,cell_line,adult,H3K27ac,encode,single,False,0.746717631816864,
EFO:0005694 Histone ChIP-seq H3K4me1,.,Histone ChIP-seq,EFO:0005694,KMS-11,cell_line,adult,H3K4me1,encode,single,False,0.7639715671539307,
EFO:0005694 Histone ChIP-seq H3K4me2,.,Histone ChIP-seq,EFO:0005694,KMS-11,cell_line,adult,H3K4me2,encode,single,False,0.8069808483123779,
EFO:0005694 Histone ChIP-seq H3K79me2,.,Histone ChIP-seq,EFO:0005694,KMS-11,cell_line,adult,H3K79me2,encode,single,False,0.7864497303962708,
EFO:0005694 Histone ChIP-seq H3K9ac,.,Histone ChIP-seq,EFO:0005694,KMS-11,cell_line,adult,H3K9ac,encode,single,False,0.8067595362663269,
EFO:0005710 Histone ChIP-seq H3K4me3,.,Histone ChIP-seq,EFO:0005710,HFF-Myc,cell_line,newborn,H3K4me3,encode,single,False,2.5824942588806152,
EFO:0005715 Histone ChIP-seq H3K27ac,.,Histone ChIP-seq,EFO:0005715,WERI-Rb-1,cell_line,child,H3K27ac,encode,paired,False,0.7390504479408264,
EFO:0005715 Histone ChIP-seq H3K36me3,.,Histone ChIP-seq,EFO:0005715,WERI-Rb-1,cell_line,child,H3K36me3,encode,paired,False,0.7824030518531799,
EFO:0005715 Histone ChIP-seq H3K4me1,.,Histone ChIP-seq,EFO:0005715,WERI-Rb-1,cell_line,child,H3K4me1,encode,paired,False,0.7635297179222107,
EFO:0005715 Histone ChIP-seq H3K4me3,.,Histone ChIP-seq,EFO:0005715,WERI-Rb-1,cell_line,child,H3K4me3,encode,single,False,1.21775484085083,
EFO:0005719 Histone ChIP-seq H2AFZ,.,Histone ChIP-seq,EFO:0005719,Karpas-422,cell_line,adult,H2AFZ,encode,single,False,0.8108116984367371,
EFO:0005719 Histone ChIP-seq H3K27ac,.,Histone ChIP-seq,EFO:0005719,Karpas-422,cell_line,adult,H3K27ac,encode,single,False,0.8132166266441345,
EFO:0005719 Histone ChIP-seq H3K36me3,.,Histone ChIP-seq,EFO:0005719,Karpas-422,cell_line,adult,H3K36me3,encode,single,False,0.7852209210395813,
EFO:0005719 Histone ChIP-seq H3K4me1,.,Histone ChIP-seq,EFO:0005719,Karpas-422,cell_line,adult,H3K4me1,encode,single,False,0.6884607672691345,
EFO:0005719 Histone ChIP-seq H3K4me2,.,Histone ChIP-seq,EFO:0005719,Karpas-422,cell_line,adult,H3K4me2,encode,single,False,0.8892467617988586,
EFO:0005719 Histone ChIP-seq H3K4me3,.,Histone ChIP-seq,EFO:0005719,Karpas-422,cell_line,adult,H3K4me3,encode,single,False,0.7700881958007812,
EFO:0005719 Histone ChIP-seq H3K79me2,.,Histone ChIP-seq,EFO:0005719,Karpas-422,cell_line,adult,H3K79me2,encode,single,False,0.7337878942489624,
EFO:0005719 Histone ChIP-seq H3K9ac,.,Histone ChIP-seq,EFO:0005719,Karpas-422,cell_line,adult,H3K9ac,encode,single,False,0.8060652017593384,
EFO:0005719 Histone ChIP-seq H3K9me3,.,Histone ChIP-seq,EFO:0005719,Karpas-422,cell_line,adult,H3K9me3,encode,single,False,0.787443220615387,
EFO:0005722 Histone ChIP-seq H3K27ac,.,Histone ChIP-seq,EFO:0005722,SJCRH30,cell_line,child,H3K27ac,encode,paired,False,0.6896005868911743,
EFO:0005722 Histone ChIP-seq H3K36me3,.,Histone ChIP-seq,EFO:0005722,SJCRH30,cell_line,child,H3K36me3,encode,paired,False,0.7707294821739197,
EFO:0005722 Histone ChIP-seq H3K4me1,.,Histone ChIP-seq,EFO:0005722,SJCRH30,cell_line,child,H3K4me1,encode,paired,False,0.7450762987136841,
EFO:0005722 Histone ChIP-seq H3K4me3,.,Histone ChIP-seq,EFO:0005722,SJCRH30,cell_line,child,H3K4me3,encode,paired,False,0.6206855177879333,
EFO:0005723 Histone ChIP-seq H2AFZ,.,Histone ChIP-seq,EFO:0005723,GM23248,cell_line,adult,H2AFZ,encode,single,False,0.7952460050582886,
EFO:0005723 Histone ChIP-seq H3F3A,.,Histone ChIP-seq,EFO:0005723,GM23248,cell_line,adult,H3F3A,encode,single,False,0.793757975101471,
EFO:0005723 Histone ChIP-seq H3K27ac,.,Histone ChIP-seq,EFO:0005723,GM23248,cell_line,adult,H3K27ac,encode,single,False,0.8255560398101807,
EFO:0005723 Histone ChIP-seq H3K27me3,.,Histone ChIP-seq,EFO:0005723,GM23248,cell_line,adult,H3K27me3,encode,single,False,0.8721643686294556,
EFO:0005723 Histone ChIP-seq H3K36me3,.,Histone ChIP-seq,EFO:0005723,GM23248,cell_line,adult,H3K36me3,encode,single,False,0.8269196152687073,
EFO:0005723 Histone ChIP-seq H3K4me1,.,Histone ChIP-seq,EFO:0005723,GM23248,cell_line,adult,H3K4me1,encode,single,False,0.8184978365898132,
EFO:0005723 Histone ChIP-seq H3K4me2,.,Histone ChIP-seq,EFO:0005723,GM23248,cell_line,adult,H3K4me2,encode,single,False,1.1433426141738892,
EFO:0005723 Histone ChIP-seq H3K4me3,.,Histone ChIP-seq,EFO:0005723,GM23248,cell_line,adult,H3K4me3,encode,single,False,0.7785521745681763,
EFO:0005723 Histone ChIP-seq H3K79me2,.,Histone ChIP-seq,EFO:0005723,GM23248,cell_line,adult,H3K79me2,encode,single,False,0.9011765122413635,
EFO:0005723 Histone ChIP-seq H3K9ac,.,Histone ChIP-seq,EFO:0005723,GM23248,cell_line,adult,H3K9ac,encode,single,False,0.7587307095527649,
EFO:0005724 Histone ChIP-seq H2AFZ,.,Histone ChIP-seq,EFO:0005724,MM.1S,cell_line,adult,H2AFZ,encode,single,False,0.7800906300544739,
EFO:0005724 Histone ChIP-seq H3F3A,.,Histone ChIP-seq,EFO:0005724,MM.1S,cell_line,adult,H3F3A,encode,single,False,0.8031467199325562,
EFO:0005724 Histone ChIP-seq H3K27ac,.,Histone ChIP-seq,EFO:0005724,MM.1S,cell_line,adult,H3K27ac,encode,single,False,0.782006561756134,
EFO:0005724 Histone ChIP-seq H3K27me3,.,Histone ChIP-seq,EFO:0005724,MM.1S,cell_line,adult,H3K27me3,encode,single,False,0.8092890977859497,
EFO:0005724 Histone ChIP-seq H3K4me1,.,Histone ChIP-seq,EFO:0005724,MM.1S,cell_line,adult,H3K4me1,encode,single,False,0.7677534222602844,
EFO:0005724 Histone ChIP-seq H3K4me2,.,Histone ChIP-seq,EFO:0005724,MM.1S,cell_line,adult,H3K4me2,encode,single,False,0.7975562214851379,
EFO:0005724 Histone ChIP-seq H3K4me3,.,Histone ChIP-seq,EFO:0005724,MM.1S,cell_line,adult,H3K4me3,encode,single,False,0.7837072014808655,
EFO:0005724 Histone ChIP-seq H3K79me2,.,Histone ChIP-seq,EFO:0005724,MM.1S,cell_line,adult,H3K79me2,encode,single,False,0.7689640522003174,
EFO:0005724 Histone ChIP-seq H3K9ac,.,Histone ChIP-seq,EFO:0005724,MM.1S,cell_line,adult,H3K9ac,encode,single,False,0.7776012420654297,
EFO:0005725 Histone ChIP-seq H3K27me3,.,Histone ChIP-seq,EFO:0005725,BE2C,cell_line,child,H3K27me3,encode,paired,False,0.7768091559410095,
EFO:0005725 Histone ChIP-seq H3K36me3,.,Histone ChIP-seq,EFO:0005725,BE2C,cell_line,child,H3K36me3,encode,paired,False,0.7647978663444519,
EFO:0005725 Histone ChIP-seq H3K4me1,.,Histone ChIP-seq,EFO:0005725,BE2C,cell_line,child,H3K4me1,encode,paired,False,0.7459593415260315,
EFO:0005725 Histone ChIP-seq H3K4me3,.,Histone ChIP-seq,EFO:0005725,BE2C,cell_line,child,H3K4me3,encode,single,False,1.0527292490005493,
EFO:0005726 Histone ChIP-seq H3K4me3,.,Histone ChIP-seq,EFO:0005726,LNCaP clone FGC,cell_line,adult,H3K4me3,encode,single,False,1.5429073572158813,
EFO:0005904 Histone ChIP-seq H3K27me3,.,Histone ChIP-seq,EFO:0005904,H7,cell_line,embryonic,H3K27me3,encode,single,False,1.2266736030578613,
EFO:0005904 Histone ChIP-seq H3K36me3,.,Histone ChIP-seq,EFO:0005904,H7,cell_line,embryonic,H3K36me3,encode,single,False,1.207909345626831,
EFO:0005904 Histone ChIP-seq H3K4me3,.,Histone ChIP-seq,EFO:0005904,H7,cell_line,embryonic,H3K4me3,encode,single,False,2.94527268409729,
EFO:0005907 Histone ChIP-seq H3K27ac,.,Histone ChIP-seq,EFO:0005907,OCI-LY1,cell_line,adult,H3K27ac,encode,single,False,1.0297112464904785,
EFO:0005907 Histone ChIP-seq H3K36me3,.,Histone ChIP-seq,EFO:0005907,OCI-LY1,cell_line,adult,H3K36me3,encode,single,False,0.8471945524215698,
EFO:0005907 Histone ChIP-seq H3K4me1,.,Histone ChIP-seq,EFO:0005907,OCI-LY1,cell_line,adult,H3K4me1,encode,single,False,0.9663975834846497,
EFO:0005907 Histone ChIP-seq H3K4me2,.,Histone ChIP-seq,EFO:0005907,OCI-LY1,cell_line,adult,H3K4me2,encode,single,False,0.7491858601570129,
EFO:0005907 Histone ChIP-seq H3K4me3,.,Histone ChIP-seq,EFO:0005907,OCI-LY1,cell_line,adult,H3K4me3,encode,single,False,0.9543201923370361,
EFO:0005907 Histone ChIP-seq H3K79me2,.,Histone ChIP-seq,EFO:0005907,OCI-LY1,cell_line,adult,H3K79me2,encode,single,False,0.8348632454872131,
EFO:0005907 Histone ChIP-seq H3K9ac,.,Histone ChIP-seq,EFO:0005907,OCI-LY1,cell_line,adult,H3K9ac,encode,single,False,0.7003461718559265,
EFO:0006270 Histone ChIP-seq H3K27ac,.,Histone ChIP-seq,EFO:0006270,AG04450,cell_line,embryonic,H3K27ac,encode,single,False,1.9686357975006104,
EFO:0006270 Histone ChIP-seq H3K27me3,.,Histone ChIP-seq,EFO:0006270,AG04450,cell_line,embryonic,H3K27me3,encode,single,False,1.8396755456924438,
EFO:0006270 Histone ChIP-seq H3K4me3,.,Histone ChIP-seq,EFO:0006270,AG04450,cell_line,embryonic,H3K4me3,encode,single,False,1.9831632375717163,
EFO:0006270 Histone ChIP-seq H3K9me3,.,Histone ChIP-seq,EFO:0006270,AG04450,cell_line,embryonic,H3K9me3,encode,single,False,1.4357243776321411,
EFO:0006283 Histone ChIP-seq H3K27ac,.,Histone ChIP-seq,EFO:0006283,KOPT-K1,cell_line,unknown,H3K27ac,encode,single,False,1.3327282667160034,
EFO:0006283 Histone ChIP-seq H3K36me3,.,Histone ChIP-seq,EFO:0006283,KOPT-K1,cell_line,unknown,H3K36me3,encode,single,False,1.4527289867401123,
EFO:0006283 Histone ChIP-seq H3K4me1,.,Histone ChIP-seq,EFO:0006283,KOPT-K1,cell_line,unknown,H3K4me1,encode,single,False,1.3107812404632568,
EFO:0006365 Histone ChIP-seq H3K27ac,.,Histone ChIP-seq,EFO:0006365,C4-2B,cell_line,adult,H3K27ac,encode,paired,False,0.754474401473999,
EFO:0006710 Histone ChIP-seq H2AFZ,.,Histone ChIP-seq,EFO:0006710,OCI-LY3,cell_line,adult,H2AFZ,encode,single,False,0.8652040362358093,
EFO:0006710 Histone ChIP-seq H3K27ac,.,Histone ChIP-seq,EFO:0006710,OCI-LY3,cell_line,adult,H3K27ac,encode,single,False,0.7575159668922424,
EFO:0006710 Histone ChIP-seq H3K27me3,.,Histone ChIP-seq,EFO:0006710,OCI-LY3,cell_line,adult,H3K27me3,encode,single,False,0.8024139404296875,
EFO:0006710 Histone ChIP-seq H3K36me3,.,Histone ChIP-seq,EFO:0006710,OCI-LY3,cell_line,adult,H3K36me3,encode,single,False,0.7774218320846558,
EFO:0006710 Histone ChIP-seq H3K4me1,.,Histone ChIP-seq,EFO:0006710,OCI-LY3,cell_line,adult,H3K4me1,encode,single,False,0.726151704788208,
EFO:0006710 Histone ChIP-seq H3K4me2,.,Histone ChIP-seq,EFO:0006710,OCI-LY3,cell_line,adult,H3K4me2,encode,single,False,0.8114163279533386,
EFO:0006710 Histone ChIP-seq H3K4me3,.,Histone ChIP-seq,EFO:0006710,OCI-LY3,cell_line,adult,H3K4me3,encode,single,False,0.7242121696472168,
EFO:0006710 Histone ChIP-seq H3K79me2,.,Histone ChIP-seq,EFO:0006710,OCI-LY3,cell_line,adult,H3K79me2,encode,single,False,0.7425189018249512,
EFO:0006710 Histone ChIP-seq H3K9ac,.,Histone ChIP-seq,EFO:0006710,OCI-LY3,cell_line,adult,H3K9ac,encode,single,False,0.8127356767654419,
EFO:0006710 Histone ChIP-seq H4K20me1,.,Histone ChIP-seq,EFO:0006710,OCI-LY3,cell_line,adult,H4K20me1,encode,single,False,0.7914016246795654,
EFO:0006711 Histone ChIP-seq H2AFZ,.,Histone ChIP-seq,EFO:0006711,OCI-LY7,cell_line,adult,H2AFZ,encode,single,False,0.8166161775588989,
EFO:0006711 Histone ChIP-seq H3K27ac,.,Histone ChIP-seq,EFO:0006711,OCI-LY7,cell_line,adult,H3K27ac,encode,single,False,1.0634981393814087,
EFO:0006711 Histone ChIP-seq H3K36me3,.,Histone ChIP-seq,EFO:0006711,OCI-LY7,cell_line,adult,H3K36me3,encode,single,False,0.8508294224739075,
EFO:0006711 Histone ChIP-seq H3K4me1,.,Histone ChIP-seq,EFO:0006711,OCI-LY7,cell_line,adult,H3K4me1,encode,single,False,1.1747151613235474,
EFO:0006711 Histone ChIP-seq H3K4me2,.,Histone ChIP-seq,EFO:0006711,OCI-LY7,cell_line,adult,H3K4me2,encode,single,False,0.8813180923461914,
EFO:0006711 Histone ChIP-seq H3K4me3,.,Histone ChIP-seq,EFO:0006711,OCI-LY7,cell_line,adult,H3K4me3,encode,single,False,1.0456187725067139,
EFO:0006711 Histone ChIP-seq H3K79me2,.,Histone ChIP-seq,EFO:0006711,OCI-LY7,cell_line,adult,H3K79me2,encode,single,False,0.8088855147361755,
EFO:0007070 Histone ChIP-seq H2AFZ,.,Histone ChIP-seq,EFO:0007070,ACC112,cell_line,adult,H2AFZ,encode,single,False,1.1752159595489502,
EFO:0007070 Histone ChIP-seq H3K27ac,.,Histone ChIP-seq,EFO:0007070,ACC112,cell_line,adult,H3K27ac,encode,single,False,0.9650293588638306,
EFO:0007070 Histone ChIP-seq H3K27me3,.,Histone ChIP-seq,EFO:0007070,ACC112,cell_line,adult,H3K27me3,encode,single,False,0.8814367055892944,
EFO:0007070 Histone ChIP-seq H3K36me3,.,Histone ChIP-seq,EFO:0007070,ACC112,cell_line,adult,H3K36me3,encode,single,False,0.7858275175094604,
EFO:0007070 Histone ChIP-seq H3K4me1,.,Histone ChIP-seq,EFO:0007070,ACC112,cell_line,adult,H3K4me1,encode,single,False,1.075564980506897,
EFO:0007070 Histone ChIP-seq H3K4me3,.,Histone ChIP-seq,EFO:0007070,ACC112,cell_line,adult,H3K4me3,encode,single,False,0.7788870334625244,
EFO:0007070 Histone ChIP-seq H3K79me2,.,Histone ChIP-seq,EFO:0007070,ACC112,cell_line,adult,H3K79me2,encode,single,False,1.3678133487701416,
EFO:0007074 Histone ChIP-seq H2AFZ,.,Histone ChIP-seq,EFO:0007074,DND-41,cell_line,child,H2AFZ,encode,single,False,0.9895577430725098,
EFO:0007074 Histone ChIP-seq H3K27ac,.,Histone ChIP-seq,EFO:0007074,DND-41,cell_line,child,H3K27ac,encode,single,False,0.7825018763542175,
EFO:0007074 Histone ChIP-seq H3K36me3,.,Histone ChIP-seq,EFO:0007074,DND-41,cell_line,child,H3K36me3,encode,single,False,1.0529050827026367,
EFO:0007074 Histone ChIP-seq H3K4me1,.,Histone ChIP-seq,EFO:0007074,DND-41,cell_line,child,H3K4me1,encode,single,False,1.0538052320480347,
EFO:0007074 Histone ChIP-seq H3K4me2,.,Histone ChIP-seq,EFO:0007074,DND-41,cell_line,child,H3K4me2,encode,single,False,1.6599756479263306,
EFO:0007074 Histone ChIP-seq H3K4me3,.,Histone ChIP-seq,EFO:0007074,DND-41,cell_line,child,H3K4me3,encode,single,False,0.7011074423789978,
EFO:0007074 Histone ChIP-seq H3K79me2,.,Histone ChIP-seq,EFO:0007074,DND-41,cell_line,child,H3K79me2,encode,single,False,1.3025755882263184,
EFO:0007074 Histone ChIP-seq H3K9ac,.,Histone ChIP-seq,EFO:0007074,DND-41,cell_line,child,H3K9ac,encode,single,False,0.9783159494400024,
EFO:0007074 Histone ChIP-seq H4K20me1,.,Histone ChIP-seq,EFO:0007074,DND-41,cell_line,child,H4K20me1,encode,single,False,0.9341121912002563,
EFO:0007076 Histone ChIP-seq H3K36me3,.,Histone ChIP-seq,EFO:0007076,ES-I3,cell_line,embryonic,H3K36me3,encode,single,False,1.2987866401672363,
EFO:0007076 Histone ChIP-seq H3K4me1,.,Histone ChIP-seq,EFO:0007076,ES-I3,cell_line,embryonic,H3K4me1,encode,single,False,0.9938431978225708,
EFO:0007076 Histone ChIP-seq H3K9ac,.,Histone ChIP-seq,EFO:0007076,ES-I3,cell_line,embryonic,H3K9ac,encode,single,False,1.3369234800338745,
EFO:0007083 Histone ChIP-seq H3K27ac,.,Histone ChIP-seq,EFO:0007083,HUES48,cell_line,embryonic,H3K27ac,encode,single,False,1.690273404121399,
EFO:0007083 Histone ChIP-seq H3K27me3,.,Histone ChIP-seq,EFO:0007083,HUES48,cell_line,embryonic,H3K27me3,encode,single,False,0.9886635541915894,
EFO:0007083 Histone ChIP-seq H3K36me3,.,Histone ChIP-seq,EFO:0007083,HUES48,cell_line,embryonic,H3K36me3,encode,single,False,0.9601725339889526,
EFO:0007083 Histone ChIP-seq H3K4me1,.,Histone ChIP-seq,EFO:0007083,HUES48,cell_line,embryonic,H3K4me1,encode,single,False,0.9300087094306946,
EFO:0007083 Histone ChIP-seq H3K4me3,.,Histone ChIP-seq,EFO:0007083,HUES48,cell_line,embryonic,H3K4me3,encode,single,False,1.015495777130127,
EFO:0007083 Histone ChIP-seq H3K9ac,.,Histone ChIP-seq,EFO:0007083,HUES48,cell_line,embryonic,H3K9ac,encode,single,False,0.8901925086975098,
EFO:0007083 Histone ChIP-seq H3K9me3,.,Histone ChIP-seq,EFO:0007083,HUES48,cell_line,embryonic,H3K9me3,encode,single,False,1.0969005823135376,
EFO:0007086 Histone ChIP-seq H3K27ac,.,Histone ChIP-seq,EFO:0007086,HUES6,cell_line,embryonic,H3K27ac,encode,single,False,0.8609235286712646,
EFO:0007086 Histone ChIP-seq H3K27me3,.,Histone ChIP-seq,EFO:0007086,HUES6,cell_line,embryonic,H3K27me3,encode,single,False,0.9851930141448975,
EFO:0007086 Histone ChIP-seq H3K36me3,.,Histone ChIP-seq,EFO:0007086,HUES6,cell_line,embryonic,H3K36me3,encode,single,False,1.0129314661026,
EFO:0007086 Histone ChIP-seq H3K4me1,.,Histone ChIP-seq,EFO:0007086,HUES6,cell_line,embryonic,H3K4me1,encode,single,False,0.9332792162895203,
EFO:0007086 Histone ChIP-seq H3K4me3,.,Histone ChIP-seq,EFO:0007086,HUES6,cell_line,embryonic,H3K4me3,encode,single,False,1.0370745658874512,
EFO:0007086 Histone ChIP-seq H3K9ac,.,Histone ChIP-seq,EFO:0007086,HUES6,cell_line,embryonic,H3K9ac,encode,single,False,1.2630641460418701,
EFO:0007086 Histone ChIP-seq H3K9me3,.,Histone ChIP-seq,EFO:0007086,HUES6,cell_line,embryonic,H3K9me3,encode,single,False,1.1540638208389282,
EFO:0007089 Histone ChIP-seq H3K27ac,.,Histone ChIP-seq,EFO:0007089,HUES64,cell_line,embryonic,H3K27ac,encode,single,False,0.8550357818603516,
EFO:0007089 Histone ChIP-seq H3K27me3,.,Histone ChIP-seq,EFO:0007089,HUES64,cell_line,embryonic,H3K27me3,encode,single,False,1.0195966958999634,
EFO:0007089 Histone ChIP-seq H3K36me3,.,Histone ChIP-seq,EFO:0007089,HUES64,cell_line,embryonic,H3K36me3,encode,single,False,1.0098785161972046,
EFO:0007089 Histone ChIP-seq H3K4me1,.,Histone ChIP-seq,EFO:0007089,HUES64,cell_line,embryonic,H3K4me1,encode,single,False,0.9001332521438599,
EFO:0007089 Histone ChIP-seq H3K4me3,.,Histone ChIP-seq,EFO:0007089,HUES64,cell_line,embryonic,H3K4me3,encode,single,False,1.1050348281860352,
EFO:0007089 Histone ChIP-seq H3K9ac,.,Histone ChIP-seq,EFO:0007089,HUES64,cell_line,embryonic,H3K9ac,encode,single,False,0.8477354645729065,
EFO:0007089 Histone ChIP-seq H3K9me3,.,Histone ChIP-seq,EFO:0007089,HUES64,cell_line,embryonic,H3K9me3,encode,single,False,1.1592868566513062,
EFO:0007096 Histone ChIP-seq H3K36me3,.,Histone ChIP-seq,EFO:0007096,iPS DF 19.11,cell_line,newborn,H3K36me3,encode,single,False,0.9917740225791931,
EFO:0007096 Histone ChIP-seq H3K4me1,.,Histone ChIP-seq,EFO:0007096,iPS DF 19.11,cell_line,newborn,H3K4me1,encode,single,False,1.209425449371338,
EFO:0007096 Histone ChIP-seq H3K4me3,.,Histone ChIP-seq,EFO:0007096,iPS DF 19.11,cell_line,newborn,H3K4me3,encode,single,False,1.4535536766052246,
EFO:0007096 Histone ChIP-seq H3K9me3,.,Histone ChIP-seq,EFO:0007096,iPS DF 19.11,cell_line,newborn,H3K9me3,encode,single,False,1.1676043272018433,
EFO:0007098 Histone ChIP-seq H3K27me3,.,Histone ChIP-seq,EFO:0007098,iPS DF 6.9,cell_line,newborn,H3K27me3,encode,single,False,0.8807129859924316,
EFO:0007098 Histone ChIP-seq H3K4me3,.,Histone ChIP-seq,EFO:0007098,iPS DF 6.9,cell_line,newborn,H3K4me3,encode,single,False,0.8723101019859314,
EFO:0007099 Histone ChIP-seq H3K4me3,.,Histone ChIP-seq,EFO:0007099,iPS-11a,cell_line,adult,H3K4me3,encode,single,False,1.8062061071395874,
EFO:0007102 Histone ChIP-seq H3K27me3,.,Histone ChIP-seq,EFO:0007102,iPS-15b,cell_line,adult,H3K27me3,encode,single,False,1.2672089338302612,
EFO:0007102 Histone ChIP-seq H3K36me3,.,Histone ChIP-seq,EFO:0007102,iPS-15b,cell_line,adult,H3K36me3,encode,single,False,1.6455957889556885,
EFO:0007102 Histone ChIP-seq H3K4me1,.,Histone ChIP-seq,EFO:0007102,iPS-15b,cell_line,adult,H3K4me1,encode,single,False,1.1997390985488892,
EFO:0007102 Histone ChIP-seq H3K4me3,.,Histone ChIP-seq,EFO:0007102,iPS-15b,cell_line,adult,H3K4me3,encode,single,False,1.4930837154388428,
EFO:0007102 Histone ChIP-seq H3K9ac,.,Histone ChIP-seq,EFO:0007102,iPS-15b,cell_line,adult,H3K9ac,encode,single,False,1.2961440086364746,
EFO:0007105 Histone ChIP-seq H3K27me3,.,Histone ChIP-seq,EFO:0007105,iPS-18a,cell_line,adult,H3K27me3,encode,single,False,0.9958552122116089,
EFO:0007105 Histone ChIP-seq H3K36me3,.,Histone ChIP-seq,EFO:0007105,iPS-18a,cell_line,adult,H3K36me3,encode,single,False,0.8784027099609375,
EFO:0007105 Histone ChIP-seq H3K4me1,.,Histone ChIP-seq,EFO:0007105,iPS-18a,cell_line,adult,H3K4me1,encode,single,False,0.9265301823616028,
EFO:0007105 Histone ChIP-seq H3K4me3,.,Histone ChIP-seq,EFO:0007105,iPS-18a,cell_line,adult,H3K4me3,encode,single,False,1.1476532220840454,
EFO:0007105 Histone ChIP-seq H3K9ac,.,Histone ChIP-seq,EFO:0007105,iPS-18a,cell_line,adult,H3K9ac,encode,single,False,0.9910545945167542,
EFO:0007105 Histone ChIP-seq H3K9me3,.,Histone ChIP-seq,EFO:0007105,iPS-18a,cell_line,adult,H3K9me3,encode,single,False,1.1282650232315063,
EFO:0007107 Histone ChIP-seq H3K4me3,.,Histone ChIP-seq,EFO:0007107,iPS-18c,cell_line,adult,H3K4me3,encode,single,False,1.324804663658142,
EFO:0007107 Histone ChIP-seq H3K9me3,.,Histone ChIP-seq,EFO:0007107,iPS-18c,cell_line,adult,H3K9me3,encode,single,False,4.074578285217285,
EFO:0007108 Histone ChIP-seq H3K27ac,.,Histone ChIP-seq,EFO:0007108,iPS-20b,cell_line,adult,H3K27ac,encode,single,False,0.982379138469696,
EFO:0007108 Histone ChIP-seq H3K27me3,.,Histone ChIP-seq,EFO:0007108,iPS-20b,cell_line,adult,H3K27me3,encode,single,False,0.9250741600990295,
EFO:0007108 Histone ChIP-seq H3K36me3,.,Histone ChIP-seq,EFO:0007108,iPS-20b,cell_line,adult,H3K36me3,encode,single,False,0.9049729704856873,
EFO:0007108 Histone ChIP-seq H3K4me1,.,Histone ChIP-seq,EFO:0007108,iPS-20b,cell_line,adult,H3K4me1,encode,single,False,0.8496806621551514,
EFO:0007108 Histone ChIP-seq H3K4me3,.,Histone ChIP-seq,EFO:0007108,iPS-20b,cell_line,adult,H3K4me3,encode,single,False,0.8902922868728638,
EFO:0007108 Histone ChIP-seq H3K9ac,.,Histone ChIP-seq,EFO:0007108,iPS-20b,cell_line,adult,H3K9ac,encode,single,False,0.8390867114067078,
EFO:0007108 Histone ChIP-seq H3K9me3,.,Histone ChIP-seq,EFO:0007108,iPS-20b,cell_line,adult,H3K9me3,encode,single,False,1.1647130250930786,
EFO:0007112 Histone ChIP-seq H2AFZ,.,Histone ChIP-seq,EFO:0007112,Loucy,cell_line,adult,H2AFZ,encode,single,False,0.8742896318435669,
EFO:0007112 Histone ChIP-seq H3K36me3,.,Histone ChIP-seq,EFO:0007112,Loucy,cell_line,adult,H3K36me3,encode,single,False,0.9616490006446838,
EFO:0007112 Histone ChIP-seq H3K4me1,.,Histone ChIP-seq,EFO:0007112,Loucy,cell_line,adult,H3K4me1,encode,single,False,0.9160391688346863,
EFO:0007112 Histone ChIP-seq H3K4me2,.,Histone ChIP-seq,EFO:0007112,Loucy,cell_line,adult,H3K4me2,encode,single,False,0.8706828951835632,
EFO:0007112 Histone ChIP-seq H3K4me3,.,Histone ChIP-seq,EFO:0007112,Loucy,cell_line,adult,H3K4me3,encode,single,False,0.8072449564933777,
EFO:0007112 Histone ChIP-seq H3K79me2,.,Histone ChIP-seq,EFO:0007112,Loucy,cell_line,adult,H3K79me2,encode,single,False,0.9605991840362549,
EFO:0007112 Histone ChIP-seq H3K9ac,.,Histone ChIP-seq,EFO:0007112,Loucy,cell_line,adult,H3K9ac,encode,single,False,0.8224473595619202,
EFO:0007116 Histone ChIP-seq H3K27me3,.,Histone ChIP-seq,EFO:0007116,UCSF-4,cell_line,embryonic,H3K27me3,encode,single,False,0.9684178829193115,
EFO:0007116 Histone ChIP-seq H3K36me3,.,Histone ChIP-seq,EFO:0007116,UCSF-4,cell_line,embryonic,H3K36me3,encode,single,False,0.9719266891479492,
EFO:0007116 Histone ChIP-seq H3K4me1,.,Histone ChIP-seq,EFO:0007116,UCSF-4,cell_line,embryonic,H3K4me1,encode,single,False,0.9426586031913757,
EFO:0007116 Histone ChIP-seq H3K4me3,.,Histone ChIP-seq,EFO:0007116,UCSF-4,cell_line,embryonic,H3K4me3,encode,single,False,0.9728504419326782,
EFO:0007116 Histone ChIP-seq H3K9me3,.,Histone ChIP-seq,EFO:0007116,UCSF-4,cell_line,embryonic,H3K9me3,encode,single,False,1.1920392513275146,
EFO:0007598 Histone ChIP-seq H3K27ac,.,Histone ChIP-seq,EFO:0007598,HAP-1,cell_line,adult,H3K27ac,encode,paired,False,0.777906596660614,
EFO:0007598 Histone ChIP-seq H3K36me3,.,Histone ChIP-seq,EFO:0007598,HAP-1,cell_line,adult,H3K36me3,encode,paired,False,0.7863885164260864,
EFO:0007598 Histone ChIP-seq H3K4me1,.,Histone ChIP-seq,EFO:0007598,HAP-1,cell_line,adult,H3K4me1,encode,paired,False,0.7626118659973145,
EFO:0007598 Histone ChIP-seq H3K4me3,.,Histone ChIP-seq,EFO:0007598,HAP-1,cell_line,adult,H3K4me3,encode,paired,False,0.7728875279426575,
EFO:0007610 Histone ChIP-seq H3K27ac,.,Histone ChIP-seq,EFO:0007610,RWPE2,cell_line,adult,H3K27ac,encode,paired,False,0.758574903011322,
EFO:0007610 Histone ChIP-seq H3K36me3,.,Histone ChIP-seq,EFO:0007610,RWPE2,cell_line,unknown,H3K36me3,encode,paired,False,0.7755931615829468,
EFO:0007610 Histone ChIP-seq H3K4me3,.,Histone ChIP-seq,EFO:0007610,RWPE2,cell_line,unknown,H3K4me3,encode,paired,False,0.6467007398605347,
EFO:0007752 Histone ChIP-seq H3K27ac,.,Histone ChIP-seq,EFO:0007752,VCaP,cell_line,adult,H3K27ac,encode,paired,False,0.8279675841331482,
EFO:0007950 Histone ChIP-seq H2AFZ,.,Histone ChIP-seq,EFO:0007950,GM23338,cell_line,adult,H2AFZ,encode,paired,False,0.7917439341545105,
EFO:0007950 Histone ChIP-seq H3K27ac,.,Histone ChIP-seq,EFO:0007950,GM23338,cell_line,adult,H3K27ac,encode,paired,False,0.7947958111763,
EFO:0007950 Histone ChIP-seq H3K27me3,.,Histone ChIP-seq,EFO:0007950,GM23338,cell_line,adult,H3K27me3,encode,single,False,0.8958479762077332,
EFO:0007950 Histone ChIP-seq H3K36me3,.,Histone ChIP-seq,EFO:0007950,GM23338,cell_line,adult,H3K36me3,encode,paired,False,0.8456178903579712,
EFO:0007950 Histone ChIP-seq H3K4me1,.,Histone ChIP-seq,EFO:0007950,GM23338,cell_line,adult,H3K4me1,encode,paired,False,0.8153598308563232,
EFO:0007950 Histone ChIP-seq H3K4me2,.,Histone ChIP-seq,EFO:0007950,GM23338,cell_line,adult,H3K4me2,encode,single,False,0.8118318319320679,
EFO:0007950 Histone ChIP-seq H3K4me3,.,Histone ChIP-seq,EFO:0007950,GM23338,cell_line,adult,H3K4me3,encode,single,False,0.8339612483978271,
EFO:0007950 Histone ChIP-seq H3K79me2,.,Histone ChIP-seq,EFO:0007950,GM23338,cell_line,adult,H3K79me2,encode,paired,False,0.8553295731544495,
EFO:0007950 Histone ChIP-seq H4K20me1,.,Histone ChIP-seq,EFO:0007950,GM23338,cell_line,adult,H4K20me1,encode,paired,False,0.8245225548744202,
EFO:0030018 Histone ChIP-seq H3K27ac,.,Histone ChIP-seq,EFO:0030018,BLaER1,cell_line,unknown,H3K27ac,encode,single,False,0.8453137874603271,
EFO:0030018 Histone ChIP-seq H3K27me3,.,Histone ChIP-seq,EFO:0030018,BLaER1,cell_line,unknown,H3K27me3,encode,single,False,0.8831771016120911,
EFO:0030018 Histone ChIP-seq H3K36me3,.,Histone ChIP-seq,EFO:0030018,BLaER1,cell_line,unknown,H3K36me3,encode,single,False,0.8955613970756531,
EFO:0030018 Histone ChIP-seq H3K4me1,.,Histone ChIP-seq,EFO:0030018,BLaER1,cell_line,unknown,H3K4me1,encode,single,False,0.9010633826255798,
EFO:0030018 Histone ChIP-seq H3K4me2,.,Histone ChIP-seq,EFO:0030018,BLaER1,cell_line,unknown,H3K4me2,encode,single,False,0.9807412028312683,
EFO:0030018 Histone ChIP-seq H3K4me3,.,Histone ChIP-seq,EFO:0030018,BLaER1,cell_line,unknown,H3K4me3,encode,single,False,0.866553783416748,
EFO:0030018 Histone ChIP-seq H3K9ac,.,Histone ChIP-seq,EFO:0030018,BLaER1,cell_line,unknown,H3K9ac,encode,single,False,0.8512776494026184,
EFO:0030018 Histone ChIP-seq H3K9me3,.,Histone ChIP-seq,EFO:0030018,BLaER1,cell_line,unknown,H3K9me3,encode,single,False,0.9261501431465149,
EFO:0030018 Histone ChIP-seq H4K20me1,.,Histone ChIP-seq,EFO:0030018,BLaER1,cell_line,unknown,H4K20me1,encode,single,False,0.8451873660087585,
NTR:0000427 Histone ChIP-seq H3K27ac,.,Histone ChIP-seq,NTR:0000427,neurosphere,primary_cell,embryonic,H3K27ac,encode,paired,False,1.0220340490341187,
NTR:0000427 Histone ChIP-seq H3K27me3,.,Histone ChIP-seq,NTR:0000427,neurosphere,primary_cell,embryonic,H3K27me3,encode,single,False,0.9329742193222046,
NTR:0000427 Histone ChIP-seq H3K36me3,.,Histone ChIP-seq,NTR:0000427,neurosphere,primary_cell,embryonic,H3K36me3,encode,single,False,0.8910112380981445,
NTR:0000427 Histone ChIP-seq H3K4me1,.,Histone ChIP-seq,NTR:0000427,neurosphere,primary_cell,embryonic,H3K4me1,encode,single,False,0.8559538722038269,
NTR:0000427 Histone ChIP-seq H3K4me3,.,Histone ChIP-seq,NTR:0000427,neurosphere,primary_cell,embryonic,H3K4me3,encode,paired,False,1.0345739126205444,
NTR:0000427 Histone ChIP-seq H3K9me3,.,Histone ChIP-seq,NTR:0000427,neurosphere,primary_cell,embryonic,H3K9me3,encode,single,False,0.8926787376403809,
NTR:0000493 Histone ChIP-seq H3K27ac,.,Histone ChIP-seq,NTR:0000493,left ventricle myocardium inferior,tissue,adult,H3K27ac,encode,single,False,1.01837956905365,HEART
NTR:0000493 Histone ChIP-seq H3K27me3,.,Histone ChIP-seq,NTR:0000493,left ventricle myocardium inferior,tissue,adult,H3K27me3,encode,single,False,0.864700436592102,HEART
NTR:0000493 Histone ChIP-seq H3K36me3,.,Histone ChIP-seq,NTR:0000493,left ventricle myocardium inferior,tissue,adult,H3K36me3,encode,single,False,0.8186243176460266,HEART
NTR:0000493 Histone ChIP-seq H3K4me1,.,Histone ChIP-seq,NTR:0000493,left ventricle myocardium inferior,tissue,adult,H3K4me1,encode,single,False,0.8264829516410828,HEART
NTR:0000493 Histone ChIP-seq H3K4me3,.,Histone ChIP-seq,NTR:0000493,left ventricle myocardium inferior,tissue,adult,H3K4me3,encode,single,False,1.0564485788345337,HEART
NTR:0000493 Histone ChIP-seq H3K9me3,.,Histone ChIP-seq,NTR:0000493,left ventricle myocardium inferior,tissue,adult,H3K9me3,encode,single,False,0.8471832871437073,HEART
NTR:0000856 Histone ChIP-seq H3K18ac,.,Histone ChIP-seq,NTR:0000856,mesendoderm,in_vitro_differentiated_cells,embryonic,H3K18ac,encode,single,False,0.8934034705162048,
NTR:0000856 Histone ChIP-seq H3K4ac,.,Histone ChIP-seq,NTR:0000856,mesendoderm,in_vitro_differentiated_cells,embryonic,H3K4ac,encode,single,False,1.5615620613098145,
NTR:0000856 Histone ChIP-seq H3K4me2,.,Histone ChIP-seq,NTR:0000856,mesendoderm,in_vitro_differentiated_cells,embryonic,H3K4me2,encode,single,False,0.8411622643470764,
NTR:0000856 Histone ChIP-seq H3K4me3,.,Histone ChIP-seq,NTR:0000856,mesendoderm,in_vitro_differentiated_cells,embryonic,H3K4me3,encode,single,False,0.7826849222183228,
NTR:0000856 Histone ChIP-seq H3K56ac,.,Histone ChIP-seq,NTR:0000856,mesendoderm,in_vitro_differentiated_cells,embryonic,H3K56ac,encode,single,False,1.2835445404052734,
NTR:0000856 Histone ChIP-seq H3K79me2,.,Histone ChIP-seq,NTR:0000856,mesendoderm,in_vitro_differentiated_cells,embryonic,H3K79me2,encode,single,False,0.860698938369751,
NTR:0000856 Histone ChIP-seq H3K9ac,.,Histone ChIP-seq,NTR:0000856,mesendoderm,in_vitro_differentiated_cells,embryonic,H3K9ac,encode,single,False,0.8375087380409241,
NTR:0001226 Histone ChIP-seq H2AFZ,.,Histone ChIP-seq,NTR:0001226,parathyroid adenoma,tissue,adult,H2AFZ,encode,single,False,0.8161088228225708,
NTR:0001226 Histone ChIP-seq H3K27ac,.,Histone ChIP-seq,NTR:0001226,parathyroid adenoma,tissue,adult,H3K27ac,encode,single,False,0.7947527170181274,
NTR:0001226 Histone ChIP-seq H3K4me1,.,Histone ChIP-seq,NTR:0001226,parathyroid adenoma,tissue,adult,H3K4me1,encode,single,False,0.807529628276825,
NTR:0001226 Histone ChIP-seq H3K4me2,.,Histone ChIP-seq,NTR:0001226,parathyroid adenoma,tissue,adult,H3K4me2,encode,single,False,0.8124940991401672,
NTR:0001226 Histone ChIP-seq H3K4me3,.,Histone ChIP-seq,NTR:0001226,parathyroid adenoma,tissue,adult,H3K4me3,encode,single,False,1.165473461151123,
NTR:0001226 Histone ChIP-seq H3K79me2,.,Histone ChIP-seq,NTR:0001226,parathyroid adenoma,tissue,adult,H3K79me2,encode,single,False,0.7845446467399597,
NTR:0001407 Histone ChIP-seq H3K27me3,.,Histone ChIP-seq,NTR:0001407,germinal matrix,tissue,embryonic,H3K27me3,encode,single,False,1.1895791292190552,
NTR:0001407 Histone ChIP-seq H3K36me3,.,Histone ChIP-seq,NTR:0001407,germinal matrix,tissue,embryonic,H3K36me3,encode,single,False,0.9429861903190613,
NTR:0001407 Histone ChIP-seq H3K4me1,.,Histone ChIP-seq,NTR:0001407,germinal matrix,tissue,embryonic,H3K4me1,encode,single,False,0.9059633016586304,
NTR:0001407 Histone ChIP-seq H3K4me3,.,Histone ChIP-seq,NTR:0001407,germinal matrix,tissue,embryonic,H3K4me3,encode,single,False,1.1096848249435425,
NTR:0001407 Histone ChIP-seq H3K9me3,.,Histone ChIP-seq,NTR:0001407,germinal matrix,tissue,embryonic,H3K9me3,encode,single,False,1.0260707139968872,
NTR:0003013 Histone ChIP-seq H3K27ac,.,Histone ChIP-seq,NTR:0003013,placental basal plate,tissue,embryonic,H3K27ac,encode,single,False,1.4060741662979126,
NTR:0003079 Histone ChIP-seq H3K27ac,.,Histone ChIP-seq,NTR:0003079,fibroblast of breast,primary_cell,adult,H3K27ac,encode,single,False,0.7597173452377319,
NTR:0003079 Histone ChIP-seq H3K36me3,.,Histone ChIP-seq,NTR:0003079,fibroblast of breast,primary_cell,adult,H3K36me3,encode,single,False,1.0632909536361694,
NTR:0003079 Histone ChIP-seq H3K4me1,.,Histone ChIP-seq,NTR:0003079,fibroblast of breast,primary_cell,adult,H3K4me1,encode,single,False,0.8757542967796326,
NTR:0003079 Histone ChIP-seq H3K4me3,.,Histone ChIP-seq,NTR:0003079,fibroblast of breast,primary_cell,adult,H3K4me3,encode,single,False,0.8202831149101257,
UBERON:0000016 Histone ChIP-seq H3K27ac,.,Histone ChIP-seq,UBERON:0000016,endocrine pancreas,tissue,adult,H3K27ac,encode,single,False,1.4828875064849854,ISLET
UBERON:0000016 Histone ChIP-seq H3K36me3,.,Histone ChIP-seq,UBERON:0000016,endocrine pancreas,tissue,adult,H3K36me3,encode,single,False,2.1891863346099854,ISLET
UBERON:0000016 Histone ChIP-seq H3K4me1,.,Histone ChIP-seq,UBERON:0000016,endocrine pancreas,tissue,adult,H3K4me1,encode,single,False,2.137770652770996,ISLET
UBERON:0000016 Histone ChIP-seq H3K4me3,.,Histone ChIP-seq,UBERON:0000016,endocrine pancreas,tissue,adult,H3K4me3,encode,single,False,1.4818469285964966,ISLET
UBERON:0000016 Histone ChIP-seq H3K9ac,.,Histone ChIP-seq,UBERON:0000016,endocrine pancreas,tissue,adult,H3K9ac,encode,single,False,2.1529765129089355,ISLET
UBERON:0000059 Histone ChIP-seq H3K27ac,.,Histone ChIP-seq,UBERON:0000059,large intestine,tissue,embryonic,H3K27ac,encode,single,False,1.276995062828064,INTESTINE
UBERON:0000059 Histone ChIP-seq H3K27me3,.,Histone ChIP-seq,UBERON:0000059,large intestine,tissue,embryonic,H3K27me3,encode,single,False,0.9727251529693604,INTESTINE
UBERON:0000059 Histone ChIP-seq H3K36me3,.,Histone ChIP-seq,UBERON:0000059,large intestine,tissue,embryonic,H3K36me3,encode,single,False,0.9926259517669678,INTESTINE
UBERON:0000059 Histone ChIP-seq H3K4me1,.,Histone ChIP-seq,UBERON:0000059,large intestine,tissue,embryonic,H3K4me1,encode,single,False,1.1485345363616943,INTESTINE
UBERON:0000059 Histone ChIP-seq H3K4me3,.,Histone ChIP-seq,UBERON:0000059,large intestine,tissue,embryonic,H3K4me3,encode,single,False,1.3408679962158203,INTESTINE
UBERON:0000059 Histone ChIP-seq H3K9me3,.,Histone ChIP-seq,UBERON:0000059,large intestine,tissue,embryonic,H3K9me3,encode,single,False,1.536685585975647,INTESTINE
UBERON:0000088 Histone ChIP-seq H3K27ac,.,Histone ChIP-seq,UBERON:0000088,trophoblast,tissue,embryonic,H3K27ac,encode,single,False,1.0545294284820557,
UBERON:0000088 Histone ChIP-seq H3K36me3,.,Histone ChIP-seq,UBERON:0000088,trophoblast,tissue,embryonic,H3K36me3,encode,single,False,0.7907378077507019,
UBERON:0000088 Histone ChIP-seq H3K4me1,.,Histone ChIP-seq,UBERON:0000088,trophoblast,tissue,embryonic,H3K4me1,encode,single,False,1.0091884136199951,
UBERON:0000305 Histone ChIP-seq H3K36me3,.,Histone ChIP-seq,UBERON:0000305,amnion,tissue,embryonic,H3K36me3,encode,single,False,1.0920192003250122,
UBERON:0000305 Histone ChIP-seq H3K4me1,.,Histone ChIP-seq,UBERON:0000305,amnion,tissue,embryonic,H3K4me1,encode,single,False,1.0551388263702393,
UBERON:0000305 Histone ChIP-seq H3K4me3,.,Histone ChIP-seq,UBERON:0000305,amnion,tissue,embryonic,H3K4me3,encode,single,False,0.9844587445259094,
UBERON:0000317 Histone ChIP-seq H3K27ac,.,Histone ChIP-seq,UBERON:0000317,colonic mucosa,tissue,adult,H3K27ac,encode,single,False,0.7492919564247131,INTESTINE
UBERON:0000317 Histone ChIP-seq H3K27me3,.,Histone ChIP-seq,UBERON:0000317,colonic mucosa,tissue,adult,H3K27me3,encode,single,False,1.7739183902740479,INTESTINE
UBERON:0000317 Histone ChIP-seq H3K36me3,.,Histone ChIP-seq,UBERON:0000317,colonic mucosa,tissue,adult,H3K36me3,encode,single,False,1.8659192323684692,INTESTINE
UBERON:0000317 Histone ChIP-seq H3K4me1,.,Histone ChIP-seq,UBERON:0000317,colonic mucosa,tissue,adult,H3K4me1,encode,single,False,0.9417597651481628,INTESTINE
UBERON:0000317 Histone ChIP-seq H3K4me3,.,Histone ChIP-seq,UBERON:0000317,colonic mucosa,tissue,adult,H3K4me3,encode,single,False,0.739352285861969,INTESTINE
UBERON:0000317 Histone ChIP-seq H3K9ac,.,Histone ChIP-seq,UBERON:0000317,colonic mucosa,tissue,adult,H3K9ac,encode,single,False,0.9502277374267578,INTESTINE
UBERON:0000320 Histone ChIP-seq H3K27ac,.,Histone ChIP-seq,UBERON:0000320,duodenal mucosa,tissue,adult,H3K27ac,encode,single,False,1.5512161254882812,
UBERON:0000320 Histone ChIP-seq H3K27me3,.,Histone ChIP-seq,UBERON:0000320,duodenal mucosa,tissue,adult,H3K27me3,encode,single,False,1.077257752418518,
UBERON:0000320 Histone ChIP-seq H3K36me3,.,Histone ChIP-seq,UBERON:0000320,duodenal mucosa,tissue,adult,H3K36me3,encode,single,False,0.8997368216514587,
UBERON:0000320 Histone ChIP-seq H3K4me1,.,Histone ChIP-seq,UBERON:0000320,duodenal mucosa,tissue,adult,H3K4me1,encode,single,False,0.8478185534477234,
UBERON:0000320 Histone ChIP-seq H3K4me3,.,Histone ChIP-seq,UBERON:0000320,duodenal mucosa,tissue,adult,H3K4me3,encode,single,False,0.9015464782714844,
UBERON:0000320 Histone ChIP-seq H3K9ac,.,Histone ChIP-seq,UBERON:0000320,duodenal mucosa,tissue,adult,H3K9ac,encode,single,False,0.8578343391418457,
UBERON:0000320 Histone ChIP-seq H3K9me3,.,Histone ChIP-seq,UBERON:0000320,duodenal mucosa,tissue,adult,H3K9me3,encode,single,False,1.0300414562225342,
UBERON:0000473 Histone ChIP-seq H3K27ac,.,Histone ChIP-seq,UBERON:0000473,testis,tissue,adult,H3K27ac,encode,single,False,0.8015499114990234,
UBERON:0000473 Histone ChIP-seq H3K4me1,.,Histone ChIP-seq,UBERON:0000473,testis,tissue,adult,H3K4me1,encode,single,False,0.8120537400245667,
UBERON:0000473 Histone ChIP-seq H3K4me3,.,Histone ChIP-seq,UBERON:0000473,testis,tissue,adult,H3K4me3,encode,single,False,0.8049049973487854,
UBERON:0000945 Histone ChIP-seq H3K27ac,.,Histone ChIP-seq,UBERON:0000945,stomach,tissue,adult,H3K27ac,encode,single,False,1.3241729736328125,
UBERON:0000945 Histone ChIP-seq H3K27me3,.,Histone ChIP-seq,UBERON:0000945,stomach,tissue,adult,H3K27me3,encode,single,False,0.8545126914978027,
UBERON:0000945 Histone ChIP-seq H3K36me3,.,Histone ChIP-seq,UBERON:0000945,stomach,tissue,adult,H3K36me3,encode,single,False,0.8173034191131592,
UBERON:0000945 Histone ChIP-seq H3K4me1,.,Histone ChIP-seq,UBERON:0000945,stomach,tissue,adult,H3K4me1,encode,single,False,0.8793164491653442,
UBERON:0000945 Histone ChIP-seq H3K4me3,.,Histone ChIP-seq,UBERON:0000945,stomach,tissue,adult,H3K4me3,encode,single,False,0.7691627740859985,
UBERON:0000945 Histone ChIP-seq H3K9me3,.,Histone ChIP-seq,UBERON:0000945,stomach,tissue,adult,H3K9me3,encode,single,False,0.8707597255706787,
UBERON:0000947 Histone ChIP-seq H3K27ac,.,Histone ChIP-seq,UBERON:0000947,aorta,tissue,adult,H3K27ac,encode,single,False,0.8740572929382324,ARTERY
UBERON:0000947 Histone ChIP-seq H3K36me3,.,Histone ChIP-seq,UBERON:0000947,aorta,tissue,adult,H3K36me3,encode,single,False,1.1076427698135376,ARTERY
UBERON:0000947 Histone ChIP-seq H3K4me3,.,Histone ChIP-seq,UBERON:0000947,aorta,tissue,adult,H3K4me3,encode,single,False,0.8130810856819153,ARTERY
UBERON:0000948 Histone ChIP-seq H3K27me3,.,Histone ChIP-seq,UBERON:0000948,heart,tissue,embryonic,H3K27me3,encode,single,False,1.3972610235214233,HEART
UBERON:0000948 Histone ChIP-seq H3K4me1,.,Histone ChIP-seq,UBERON:0000948,heart,tissue,embryonic,H3K4me1,encode,single,False,2.119180202484131,HEART
UBERON:0000948 Histone ChIP-seq H3K4me3,.,Histone ChIP-seq,UBERON:0000948,heart,tissue,embryonic,H3K4me3,encode,single,False,1.5036487579345703,HEART
UBERON:0000948 Histone ChIP-seq H3K9ac,.,Histone ChIP-seq,UBERON:0000948,heart,tissue,embryonic,H3K9ac,encode,single,False,2.4713633060455322,HEART
UBERON:0000955 Histone ChIP-seq H3K27me3,.,Histone ChIP-seq,UBERON:0000955,brain,tissue,embryonic,H3K27me3,encode,single,False,0.8013409972190857,BRAIN
UBERON:0000955 Histone ChIP-seq H3K36me3,.,Histone ChIP-seq,UBERON:0000955,brain,tissue,embryonic,H3K36me3,encode,single,False,0.7830002307891846,BRAIN
UBERON:0000955 Histone ChIP-seq H3K4me1,.,Histone ChIP-seq,UBERON:0000955,brain,tissue,embryonic,H3K4me1,encode,single,False,0.8544619083404541,BRAIN
UBERON:0000955 Histone ChIP-seq H3K4me3,.,Histone ChIP-seq,UBERON:0000955,brain,tissue,embryonic,H3K4me3,encode,single,False,1.043258786201477,BRAIN
UBERON:0000955 Histone ChIP-seq H3K9me3,.,Histone ChIP-seq,UBERON:0000955,brain,tissue,embryonic,H3K9me3,encode,single,False,0.9674521684646606,BRAIN
UBERON:0000992 Histone ChIP-seq H3K27ac,.,Histone ChIP-seq,UBERON:0000992,ovary,tissue,adult,H3K27ac,encode,single,False,0.720077633857727,
UBERON:0000992 Histone ChIP-seq H3K27me3,.,Histone ChIP-seq,UBERON:0000992,ovary,tissue,adult,H3K27me3,encode,single,False,0.9560567140579224,
UBERON:0000992 Histone ChIP-seq H3K36me3,.,Histone ChIP-seq,UBERON:0000992,ovary,tissue,adult,H3K36me3,encode,single,False,1.3437166213989258,
UBERON:0000992 Histone ChIP-seq H3K4me1,.,Histone ChIP-seq,UBERON:0000992,ovary,tissue,adult,H3K4me1,encode,single,False,1.3047332763671875,
UBERON:0000992 Histone ChIP-seq H3K4me3,.,Histone ChIP-seq,UBERON:0000992,ovary,tissue,adult,H3K4me3,encode,single,False,0.7095605134963989,
UBERON:0000992 Histone ChIP-seq H3K9me3,.,Histone ChIP-seq,UBERON:0000992,ovary,tissue,adult,H3K9me3,encode,single,False,0.879421055316925,
UBERON:0000995 Histone ChIP-seq H3K27ac,.,Histone ChIP-seq,UBERON:0000995,uterus,tissue,adult,H3K27ac,encode,single,False,0.8092418909072876,
UBERON:0000995 Histone ChIP-seq H3K4me3,.,Histone ChIP-seq,UBERON:0000995,uterus,tissue,adult,H3K4me3,encode,single,False,0.8103049397468567,
UBERON:0000996 Histone ChIP-seq H3K27ac,.,Histone ChIP-seq,UBERON:0000996,vagina,tissue,adult,H3K27ac,encode,single,False,1.0347249507904053,
UBERON:0000996 Histone ChIP-seq H3K36me3,.,Histone ChIP-seq,UBERON:0000996,vagina,tissue,adult,H3K36me3,encode,single,False,0.8707129955291748,
UBERON:0000996 Histone ChIP-seq H3K4me1,.,Histone ChIP-seq,UBERON:0000996,vagina,tissue,adult,H3K4me1,encode,single,False,0.8535761833190918,
UBERON:0000996 Histone ChIP-seq H3K4me3,.,Histone ChIP-seq,UBERON:0000996,vagina,tissue,adult,H3K4me3,encode,single,False,0.8425154089927673,
UBERON:0001003 Histone ChIP-seq H3K27ac,.,Histone ChIP-seq,UBERON:0001003,skin epidermis,tissue,adult,H3K27ac,encode,single,False,0.7780634164810181,SKIN
UBERON:0001003 Histone ChIP-seq H3K4me3,.,Histone ChIP-seq,UBERON:0001003,skin epidermis,tissue,adult,H3K4me3,encode,single,False,0.7833503484725952,SKIN
UBERON:0001043 Histone ChIP-seq H3K27ac,.,Histone ChIP-seq,UBERON:0001043,esophagus,tissue,adult,H3K27ac,encode,single,False,1.2696486711502075,
UBERON:0001043 Histone ChIP-seq H3K36me3,.,Histone ChIP-seq,UBERON:0001043,esophagus,tissue,adult,H3K36me3,encode,single,False,1.5379191637039185,
UBERON:0001043 Histone ChIP-seq H3K4me1,.,Histone ChIP-seq,UBERON:0001043,esophagus,tissue,adult,H3K4me1,encode,single,False,1.4723411798477173,
UBERON:0001043 Histone ChIP-seq H3K4me3,.,Histone ChIP-seq,UBERON:0001043,esophagus,tissue,adult,H3K4me3,encode,single,False,0.9049034118652344,
UBERON:0001043 Histone ChIP-seq H3K9me3,.,Histone ChIP-seq,UBERON:0001043,esophagus,tissue,adult,H3K9me3,encode,single,False,1.5137780904769897,
UBERON:0001114 Histone ChIP-seq H3K27ac,.,Histone ChIP-seq,UBERON:0001114,right lobe of liver,tissue,adult,H3K27ac,encode,single,False,0.7784299850463867,LIVER
UBERON:0001114 Histone ChIP-seq H3K36me3,.,Histone ChIP-seq,UBERON:0001114,right lobe of liver,tissue,adult,H3K36me3,encode,single,False,0.8362173438072205,LIVER
UBERON:0001114 Histone ChIP-seq H3K4me1,.,Histone ChIP-seq,UBERON:0001114,right lobe of liver,tissue,adult,H3K4me1,encode,single,False,0.8233218193054199,LIVER
UBERON:0001114 Histone ChIP-seq H3K4me3,.,Histone ChIP-seq,UBERON:0001114,right lobe of liver,tissue,adult,H3K4me3,encode,single,False,0.7803559899330139,LIVER
UBERON:0001134 Histone ChIP-seq H3K27ac,.,Histone ChIP-seq,UBERON:0001134,skeletal muscle tissue,tissue,adult,H3K27ac,encode,single,False,1.3797202110290527,MUSCLE
UBERON:0001134 Histone ChIP-seq H3K27me3,.,Histone ChIP-seq,UBERON:0001134,skeletal muscle tissue,tissue,adult,H3K27me3,encode,single,False,0.8649007081985474,MUSCLE
UBERON:0001134 Histone ChIP-seq H3K36me3,.,Histone ChIP-seq,UBERON:0001134,skeletal muscle tissue,tissue,adult,H3K36me3,encode,single,False,0.8371026515960693,MUSCLE
UBERON:0001134 Histone ChIP-seq H3K4me1,.,Histone ChIP-seq,UBERON:0001134,skeletal muscle tissue,tissue,adult,H3K4me1,encode,single,False,0.9665578007698059,MUSCLE
UBERON:0001134 Histone ChIP-seq H3K4me3,.,Histone ChIP-seq,UBERON:0001134,skeletal muscle tissue,tissue,adult,H3K4me3,encode,single,False,0.8837461471557617,MUSCLE
UBERON:0001134 Histone ChIP-seq H3K9ac,.,Histone ChIP-seq,UBERON:0001134,skeletal muscle tissue,tissue,adult,H3K9ac,encode,single,False,1.0119422674179077,MUSCLE
UBERON:0001150 Histone ChIP-seq H3K27ac,.,Histone ChIP-seq,UBERON:0001150,body of pancreas,tissue,adult,H3K27ac,encode,single,False,0.8846782445907593,
UBERON:0001150 Histone ChIP-seq H3K4me1,.,Histone ChIP-seq,UBERON:0001150,body of pancreas,tissue,adult,H3K4me1,encode,single,False,0.8054571151733398,
UBERON:0001150 Histone ChIP-seq H3K4me3,.,Histone ChIP-seq,UBERON:0001150,body of pancreas,tissue,adult,H3K4me3,encode,single,False,0.8380602598190308,
UBERON:0001157 Histone ChIP-seq H3K27ac,.,Histone ChIP-seq,UBERON:0001157,transverse colon,tissue,adult,H3K27ac,encode,single,False,0.7854095697402954,INTESTINE
UBERON:0001157 Histone ChIP-seq H3K27me3,.,Histone ChIP-seq,UBERON:0001157,transverse colon,tissue,adult,H3K27me3,encode,single,False,0.8251835703849792,INTESTINE
UBERON:0001157 Histone ChIP-seq H3K36me3,.,Histone ChIP-seq,UBERON:0001157,transverse colon,tissue,adult,H3K36me3,encode,single,False,0.8235317468643188,INTESTINE
UBERON:0001157 Histone ChIP-seq H3K4me1,.,Histone ChIP-seq,UBERON:0001157,transverse colon,tissue,adult,H3K4me1,encode,single,False,0.8129381537437439,INTESTINE
UBERON:0001157 Histone ChIP-seq H3K4me3,.,Histone ChIP-seq,UBERON:0001157,transverse colon,tissue,adult,H3K4me3,encode,single,False,0.8056944012641907,INTESTINE
UBERON:0001159 Histone ChIP-seq H3K27ac,.,Histone ChIP-seq,UBERON:0001159,sigmoid colon,tissue,adult,H3K27ac,encode,single,False,0.7376067638397217,INTESTINE
UBERON:0001159 Histone ChIP-seq H3K27me3,.,Histone ChIP-seq,UBERON:0001159,sigmoid colon,tissue,adult,H3K27me3,encode,single,False,0.862529993057251,INTESTINE
UBERON:0001159 Histone ChIP-seq H3K36me3,.,Histone ChIP-seq,UBERON:0001159,sigmoid colon,tissue,adult,H3K36me3,encode,single,False,0.8250663876533508,INTESTINE
UBERON:0001159 Histone ChIP-seq H3K4me1,.,Histone ChIP-seq,UBERON:0001159,sigmoid colon,tissue,adult,H3K4me1,encode,single,False,0.8141694664955139,INTESTINE
UBERON:0001159 Histone ChIP-seq H3K4me3,.,Histone ChIP-seq,UBERON:0001159,sigmoid colon,tissue,adult,H3K4me3,encode,single,False,0.9082852602005005,INTESTINE
UBERON:0001199 Histone ChIP-seq H3K27me3,.,Histone ChIP-seq,UBERON:0001199,mucosa of stomach,tissue,adult,H3K27me3,encode,single,False,0.9448559880256653,
UBERON:0001199 Histone ChIP-seq H3K4me1,.,Histone ChIP-seq,UBERON:0001199,mucosa of stomach,tissue,adult,H3K4me1,encode,single,False,0.9851387739181519,
UBERON:0001199 Histone ChIP-seq H3K4me3,.,Histone ChIP-seq,UBERON:0001199,mucosa of stomach,tissue,adult,H3K4me3,encode,single,False,0.9022591710090637,
UBERON:0001199 Histone ChIP-seq H3K9ac,.,Histone ChIP-seq,UBERON:0001199,mucosa of stomach,tissue,adult,H3K9ac,encode,single,False,0.9789822101593018,
UBERON:0001211 Histone ChIP-seq H3K27ac,.,Histone ChIP-seq,UBERON:0001211,Peyer's patch,tissue,adult,H3K27ac,encode,single,False,1.0645337104797363,
UBERON:0001211 Histone ChIP-seq H3K36me3,.,Histone ChIP-seq,UBERON:0001211,Peyer's patch,tissue,adult,H3K36me3,encode,single,False,0.8398535251617432,
UBERON:0001211 Histone ChIP-seq H3K4me1,.,Histone ChIP-seq,UBERON:0001211,Peyer's patch,tissue,adult,H3K4me1,encode,single,False,0.8229295015335083,
UBERON:0001211 Histone ChIP-seq H3K4me3,.,Histone ChIP-seq,UBERON:0001211,Peyer's patch,tissue,adult,H3K4me3,encode,single,False,0.8059539198875427,
UBERON:0001211 Histone ChIP-seq H3K9me3,.,Histone ChIP-seq,UBERON:0001211,Peyer's patch,tissue,adult,H3K9me3,encode,single,False,0.8079014420509338,
UBERON:0001255 Histone ChIP-seq H3K27ac,.,Histone ChIP-seq,UBERON:0001255,urinary bladder,tissue,adult,H3K27ac,encode,single,False,1.5340087413787842,
UBERON:0001255 Histone ChIP-seq H3K4me3,.,Histone ChIP-seq,UBERON:0001255,urinary bladder,tissue,adult,H3K4me3,encode,single,False,1.249588966369629,
UBERON:0001264 Histone ChIP-seq H3K27ac,.,Histone ChIP-seq,UBERON:0001264,pancreas,tissue,adult,H3K27ac,encode,single,False,0.7563256025314331,
UBERON:0001264 Histone ChIP-seq H3K36me3,.,Histone ChIP-seq,UBERON:0001264,pancreas,tissue,adult,H3K36me3,encode,single,False,0.8419210314750671,
UBERON:0001264 Histone ChIP-seq H3K4me1,.,Histone ChIP-seq,UBERON:0001264,pancreas,tissue,adult,H3K4me1,encode,single,False,0.7936822772026062,
UBERON:0001264 Histone ChIP-seq H3K4me3,.,Histone ChIP-seq,UBERON:0001264,pancreas,tissue,adult,H3K4me3,encode,single,False,0.7248829007148743,
UBERON:0001264 Histone ChIP-seq H3K9me3,.,Histone ChIP-seq,UBERON:0001264,pancreas,tissue,adult,H3K9me3,encode,single,False,1.5992413759231567,
UBERON:0001323 Histone ChIP-seq H3K27ac,.,Histone ChIP-seq,UBERON:0001323,tibial nerve,tissue,adult,H3K27ac,encode,single,False,1.3211156129837036,
UBERON:0001323 Histone ChIP-seq H3K27me3,.,Histone ChIP-seq,UBERON:0001323,tibial nerve,tissue,adult,H3K27me3,encode,single,False,0.8642919063568115,
UBERON:0001323 Histone ChIP-seq H3K36me3,.,Histone ChIP-seq,UBERON:0001323,tibial nerve,tissue,adult,H3K36me3,encode,single,False,0.9108094573020935,
UBERON:0001323 Histone ChIP-seq H3K4me1,.,Histone ChIP-seq,UBERON:0001323,tibial nerve,tissue,adult,H3K4me1,encode,single,False,0.8470635414123535,
UBERON:0001323 Histone ChIP-seq H3K4me3,.,Histone ChIP-seq,UBERON:0001323,tibial nerve,tissue,adult,H3K4me3,encode,single,False,0.9945918917655945,
UBERON:0001323 Histone ChIP-seq H3K9me3,.,Histone ChIP-seq,UBERON:0001323,tibial nerve,tissue,adult,H3K9me3,encode,single,False,0.9940832257270813,
UBERON:0001383 Histone ChIP-seq H3K27ac,.,Histone ChIP-seq,UBERON:0001383,muscle of leg,tissue,embryonic,H3K27ac,encode,single,False,1.4244413375854492,MUSCLE
UBERON:0001383 Histone ChIP-seq H3K27me3,.,Histone ChIP-seq,UBERON:0001383,muscle of leg,tissue,embryonic,H3K27me3,encode,single,False,1.6756627559661865,MUSCLE
UBERON:0001383 Histone ChIP-seq H3K36me3,.,Histone ChIP-seq,UBERON:0001383,muscle of leg,tissue,embryonic,H3K36me3,encode,single,False,1.3110146522521973,MUSCLE
UBERON:0001383 Histone ChIP-seq H3K4me1,.,Histone ChIP-seq,UBERON:0001383,muscle of leg,tissue,embryonic,H3K4me1,encode,single,False,1.5736838579177856,MUSCLE
UBERON:0001383 Histone ChIP-seq H3K4me3,.,Histone ChIP-seq,UBERON:0001383,muscle of leg,tissue,embryonic,H3K4me3,encode,single,False,1.1692146062850952,MUSCLE
UBERON:0001383 Histone ChIP-seq H3K9me3,.,Histone ChIP-seq,UBERON:0001383,muscle of leg,tissue,embryonic,H3K9me3,encode,single,False,0.9339243769645691,MUSCLE
UBERON:0001496 Histone ChIP-seq H3K27ac,.,Histone ChIP-seq,UBERON:0001496,ascending aorta,tissue,adult,H3K27ac,encode,single,False,0.941458523273468,ARTERY
UBERON:0001496 Histone ChIP-seq H3K36me3,.,Histone ChIP-seq,UBERON:0001496,ascending aorta,tissue,adult,H3K36me3,encode,single,False,0.7998642921447754,ARTERY
UBERON:0001496 Histone ChIP-seq H3K4me1,.,Histone ChIP-seq,UBERON:0001496,ascending aorta,tissue,adult,H3K4me1,encode,single,False,0.7923071384429932,ARTERY
UBERON:0001496 Histone ChIP-seq H3K4me3,.,Histone ChIP-seq,UBERON:0001496,ascending aorta,tissue,adult,H3K4me3,encode,single,False,1.0133315324783325,ARTERY
UBERON:0001496 Histone ChIP-seq H3K9me3,.,Histone ChIP-seq,UBERON:0001496,ascending aorta,tissue,adult,H3K9me3,encode,single,False,0.8675394654273987,ARTERY
UBERON:0001515 Histone ChIP-seq H3K27ac,.,Histone ChIP-seq,UBERON:0001515,thoracic aorta,tissue,adult,H3K27ac,encode,single,False,0.7655042409896851,ARTERY
UBERON:0001515 Histone ChIP-seq H3K36me3,.,Histone ChIP-seq,UBERON:0001515,thoracic aorta,tissue,adult,H3K36me3,encode,single,False,0.8727486729621887,ARTERY
UBERON:0001515 Histone ChIP-seq H3K4me1,.,Histone ChIP-seq,UBERON:0001515,thoracic aorta,tissue,adult,H3K4me1,encode,single,False,0.766152560710907,ARTERY
UBERON:0001515 Histone ChIP-seq H3K4me3,.,Histone ChIP-seq,UBERON:0001515,thoracic aorta,tissue,adult,H3K4me3,encode,single,False,0.7468891739845276,ARTERY
UBERON:0001621 Histone ChIP-seq H3K27ac,.,Histone ChIP-seq,UBERON:0001621,coronary artery,tissue,adult,H3K27ac,encode,single,False,1.356512188911438,ARTERY
UBERON:0001621 Histone ChIP-seq H3K4me3,.,Histone ChIP-seq,UBERON:0001621,coronary artery,tissue,adult,H3K4me3,encode,single,False,0.8368509411811829,ARTERY
UBERON:0001774 Histone ChIP-seq H3K27ac,.,Histone ChIP-seq,UBERON:0001774,muscle of trunk,tissue,embryonic,H3K27ac,encode,single,False,1.3104538917541504,MUSCLE
UBERON:0001774 Histone ChIP-seq H3K27me3,.,Histone ChIP-seq,UBERON:0001774,muscle of trunk,tissue,embryonic,H3K27me3,encode,single,False,1.8899438381195068,MUSCLE
UBERON:0001774 Histone ChIP-seq H3K36me3,.,Histone ChIP-seq,UBERON:0001774,muscle of trunk,tissue,embryonic,H3K36me3,encode,single,False,1.3060396909713745,MUSCLE
UBERON:0001774 Histone ChIP-seq H3K4me1,.,Histone ChIP-seq,UBERON:0001774,muscle of trunk,tissue,embryonic,H3K4me1,encode,single,False,2.113858461380005,MUSCLE
UBERON:0001774 Histone ChIP-seq H3K4me3,.,Histone ChIP-seq,UBERON:0001774,muscle of trunk,tissue,embryonic,H3K4me3,encode,single,False,1.0175188779830933,MUSCLE
UBERON:0001774 Histone ChIP-seq H3K9me3,.,Histone ChIP-seq,UBERON:0001774,muscle of trunk,tissue,embryonic,H3K9me3,encode,single,False,1.3337962627410889,MUSCLE
UBERON:0001871 Histone ChIP-seq H3K27ac,.,Histone ChIP-seq,UBERON:0001871,temporal lobe,tissue,adult,H3K27ac,encode,single,False,0.9006586670875549,
UBERON:0001871 Histone ChIP-seq H3K36me3,.,Histone ChIP-seq,UBERON:0001871,temporal lobe,tissue,adult,H3K36me3,encode,single,False,0.8488104343414307,
UBERON:0001871 Histone ChIP-seq H3K4me1,.,Histone ChIP-seq,UBERON:0001871,temporal lobe,tissue,adult,H3K4me1,encode,single,False,0.8646435141563416,
UBERON:0001871 Histone ChIP-seq H3K4me3,.,Histone ChIP-seq,UBERON:0001871,temporal lobe,tissue,adult,H3K4me3,encode,single,False,0.8694230914115906,
UBERON:0001871 Histone ChIP-seq H3K9ac,.,Histone ChIP-seq,UBERON:0001871,temporal lobe,tissue,adult,H3K9ac,encode,single,False,1.1393189430236816,
UBERON:0001873 Histone ChIP-seq H3K27ac,.,Histone ChIP-seq,UBERON:0001873,caudate nucleus,tissue,adult,H3K27ac,encode,single,False,0.9687084555625916,BRAIN
UBERON:0001873 Histone ChIP-seq H3K36me3,.,Histone ChIP-seq,UBERON:0001873,caudate nucleus,tissue,adult,H3K36me3,encode,single,False,0.8227593898773193,BRAIN
UBERON:0001873 Histone ChIP-seq H3K4me1,.,Histone ChIP-seq,UBERON:0001873,caudate nucleus,tissue,adult,H3K4me1,encode,single,False,0.8329311609268188,BRAIN
UBERON:0001873 Histone ChIP-seq H3K4me3,.,Histone ChIP-seq,UBERON:0001873,caudate nucleus,tissue,adult,H3K4me3,encode,single,False,0.8766636848449707,BRAIN
UBERON:0001873 Histone ChIP-seq H3K9ac,.,Histone ChIP-seq,UBERON:0001873,caudate nucleus,tissue,adult,H3K9ac,encode,single,False,1.1741129159927368,BRAIN
UBERON:0001987 Histone ChIP-seq H3K27ac,.,Histone ChIP-seq,UBERON:0001987,placenta,tissue,embryonic,H3K27ac,encode,single,False,0.7619684338569641,
UBERON:0001987 Histone ChIP-seq H3K27me3,.,Histone ChIP-seq,UBERON:0001987,placenta,tissue,embryonic,H3K27me3,encode,single,False,0.9213661551475525,
UBERON:0001987 Histone ChIP-seq H3K36me3,.,Histone ChIP-seq,UBERON:0001987,placenta,tissue,embryonic,H3K36me3,encode,single,False,1.5290863513946533,
UBERON:0001987 Histone ChIP-seq H3K4me1,.,Histone ChIP-seq,UBERON:0001987,placenta,tissue,embryonic,H3K4me1,encode,single,False,1.3510398864746094,
UBERON:0001987 Histone ChIP-seq H3K4me3,.,Histone ChIP-seq,UBERON:0001987,placenta,tissue,embryonic,H3K4me3,encode,single,False,0.7686141729354858,
UBERON:0001987 Histone ChIP-seq H3K9me3,.,Histone ChIP-seq,UBERON:0001987,placenta,tissue,embryonic,H3K9me3,encode,single,False,1.201725721359253,
UBERON:0002037 Histone ChIP-seq H3K4me3,.,Histone ChIP-seq,UBERON:0002037,cerebellum,tissue,adult,H3K4me3,encode,single,False,1.2195651531219482,BRAIN
UBERON:0002038 Histone ChIP-seq H3K27ac,.,Histone ChIP-seq,UBERON:0002038,substantia nigra,tissue,adult,H3K27ac,encode,single,False,0.9022706151008606,BRAIN
UBERON:0002038 Histone ChIP-seq H3K36me3,.,Histone ChIP-seq,UBERON:0002038,substantia nigra,tissue,adult,H3K36me3,encode,single,False,0.8933779001235962,BRAIN
UBERON:0002038 Histone ChIP-seq H3K4me1,.,Histone ChIP-seq,UBERON:0002038,substantia nigra,tissue,adult,H3K4me1,encode,single,False,1.0500805377960205,BRAIN
UBERON:0002038 Histone ChIP-seq H3K4me3,.,Histone ChIP-seq,UBERON:0002038,substantia nigra,tissue,adult,H3K4me3,encode,single,False,0.8325366973876953,BRAIN
UBERON:0002038 Histone ChIP-seq H3K9ac,.,Histone ChIP-seq,UBERON:0002038,substantia nigra,tissue,adult,H3K9ac,encode,single,False,1.0571855306625366,BRAIN
UBERON:0002046 Histone ChIP-seq H3K27ac,.,Histone ChIP-seq,UBERON:0002046,thyroid gland,tissue,adult,H3K27ac,encode,single,False,1.0849581956863403,
UBERON:0002046 Histone ChIP-seq H3K36me3,.,Histone ChIP-seq,UBERON:0002046,thyroid gland,tissue,adult,H3K36me3,encode,single,False,0.8517771363258362,
UBERON:0002046 Histone ChIP-seq H3K4me1,.,Histone ChIP-seq,UBERON:0002046,thyroid gland,tissue,adult,H3K4me1,encode,single,False,0.8095167279243469,
UBERON:0002046 Histone ChIP-seq H3K4me3,.,Histone ChIP-seq,UBERON:0002046,thyroid gland,tissue,adult,H3K4me3,encode,single,False,1.038463830947876,
UBERON:0002048 Histone ChIP-seq H3K27ac,.,Histone ChIP-seq,UBERON:0002048,lung,tissue,adult,H3K27ac,encode,single,False,1.4589347839355469,LUNG
UBERON:0002048 Histone ChIP-seq H3K27me3,.,Histone ChIP-seq,UBERON:0002048,lung,tissue,embryonic,H3K27me3,encode,single,False,0.9830350279808044,LUNG
UBERON:0002048 Histone ChIP-seq H3K36me3,.,Histone ChIP-seq,UBERON:0002048,lung,tissue,adult,H3K36me3,encode,single,False,1.7142006158828735,LUNG
UBERON:0002048 Histone ChIP-seq H3K4me1,.,Histone ChIP-seq,UBERON:0002048,lung,tissue,adult,H3K4me1,encode,single,False,2.136195182800293,LUNG
UBERON:0002048 Histone ChIP-seq H3K4me3,.,Histone ChIP-seq,UBERON:0002048,lung,tissue,adult,H3K4me3,encode,single,False,1.4228606224060059,LUNG
UBERON:0002048 Histone ChIP-seq H3K9ac,.,Histone ChIP-seq,UBERON:0002048,lung,tissue,embryonic,H3K9ac,encode,single,False,1.1020851135253906,LUNG
UBERON:0002048 Histone ChIP-seq H3K9me3,.,Histone ChIP-seq,UBERON:0002048,lung,tissue,adult,H3K9me3,encode,single,False,1.596697211265564,LUNG
UBERON:0002078 Histone ChIP-seq H3K27ac,.,Histone ChIP-seq,UBERON:0002078,right cardiac atrium,tissue,adult,H3K27ac,encode,single,False,1.2285999059677124,HEART
UBERON:0002078 Histone ChIP-seq H3K4me1,.,Histone ChIP-seq,UBERON:0002078,right cardiac atrium,tissue,adult,H3K4me1,encode,single,False,1.5381871461868286,HEART
UBERON:0002078 Histone ChIP-seq H3K4me3,.,Histone ChIP-seq,UBERON:0002078,right cardiac atrium,tissue,adult,H3K4me3,encode,single,False,0.9993526339530945,HEART
UBERON:0002080 Histone ChIP-seq H3K27ac,.,Histone ChIP-seq,UBERON:0002080,heart right ventricle,tissue,adult,H3K27ac,encode,single,False,0.742721438407898,HEART
UBERON:0002080 Histone ChIP-seq H3K27me3,.,Histone ChIP-seq,UBERON:0002080,heart right ventricle,tissue,adult,H3K27me3,encode,single,False,0.8221991062164307,HEART
UBERON:0002080 Histone ChIP-seq H3K36me3,.,Histone ChIP-seq,UBERON:0002080,heart right ventricle,tissue,adult,H3K36me3,encode,single,False,0.7794134616851807,HEART
UBERON:0002080 Histone ChIP-seq H3K4me1,.,Histone ChIP-seq,UBERON:0002080,heart right ventricle,tissue,adult,H3K4me1,encode,single,False,0.7713398337364197,HEART
UBERON:0002080 Histone ChIP-seq H3K4me3,.,Histone ChIP-seq,UBERON:0002080,heart right ventricle,tissue,adult,H3K4me3,encode,single,False,0.7453254461288452,HEART
UBERON:0002080 Histone ChIP-seq H3K9me3,.,Histone ChIP-seq,UBERON:0002080,heart right ventricle,tissue,adult,H3K9me3,encode,single,False,0.8001134991645813,HEART
UBERON:0002084 Histone ChIP-seq H3K27ac,.,Histone ChIP-seq,UBERON:0002084,heart left ventricle,tissue,adult,H3K27ac,encode,single,False,0.8882824778556824,HEART
UBERON:0002084 Histone ChIP-seq H3K27me3,.,Histone ChIP-seq,UBERON:0002084,heart left ventricle,tissue,adult,H3K27me3,encode,single,False,0.7984142303466797,HEART
UBERON:0002084 Histone ChIP-seq H3K36me3,.,Histone ChIP-seq,UBERON:0002084,heart left ventricle,tissue,adult,H3K36me3,encode,single,False,0.8181394338607788,HEART
UBERON:0002084 Histone ChIP-seq H3K4me1,.,Histone ChIP-seq,UBERON:0002084,heart left ventricle,tissue,adult,H3K4me1,encode,single,False,0.8571037650108337,HEART
UBERON:0002084 Histone ChIP-seq H3K4me3,.,Histone ChIP-seq,UBERON:0002084,heart left ventricle,tissue,adult,H3K4me3,encode,single,False,0.7315558195114136,HEART
UBERON:0002084 Histone ChIP-seq H3K9me3,.,Histone ChIP-seq,UBERON:0002084,heart left ventricle,tissue,adult,H3K9me3,encode,single,False,0.890792191028595,HEART
UBERON:0002106 Histone ChIP-seq H3K27ac,.,Histone ChIP-seq,UBERON:0002106,spleen,tissue,adult,H3K27ac,encode,single,False,0.7800244092941284,IMMUNE
UBERON:0002106 Histone ChIP-seq H3K27me3,.,Histone ChIP-seq,UBERON:0002106,spleen,tissue,adult,H3K27me3,encode,single,False,0.8321865200996399,IMMUNE
UBERON:0002106 Histone ChIP-seq H3K36me3,.,Histone ChIP-seq,UBERON:0002106,spleen,tissue,adult,H3K36me3,encode,single,False,0.8215964436531067,IMMUNE
UBERON:0002106 Histone ChIP-seq H3K4me1,.,Histone ChIP-seq,UBERON:0002106,spleen,tissue,adult,H3K4me1,encode,single,False,0.8138890862464905,IMMUNE
UBERON:0002106 Histone ChIP-seq H3K4me3,.,Histone ChIP-seq,UBERON:0002106,spleen,tissue,adult,H3K4me3,encode,single,False,0.7977772951126099,IMMUNE
UBERON:0002106 Histone ChIP-seq H3K9me3,.,Histone ChIP-seq,UBERON:0002106,spleen,tissue,adult,H3K9me3,encode,single,False,0.8140273690223694,IMMUNE
UBERON:0002107 Histone ChIP-seq H3K27ac,.,Histone ChIP-seq,UBERON:0002107,liver,tissue,adult,H3K27ac,encode,single,False,0.9069214463233948,LIVER
UBERON:0002107 Histone ChIP-seq H3K36me3,.,Histone ChIP-seq,UBERON:0002107,liver,tissue,adult,H3K36me3,encode,single,False,0.8101385235786438,LIVER
UBERON:0002107 Histone ChIP-seq H3K4me1,.,Histone ChIP-seq,UBERON:0002107,liver,tissue,adult,H3K4me1,encode,single,False,0.7480568885803223,LIVER
UBERON:0002107 Histone ChIP-seq H3K4me3,.,Histone ChIP-seq,UBERON:0002107,liver,tissue,adult,H3K4me3,encode,single,False,0.7054669857025146,LIVER
UBERON:0002107 Histone ChIP-seq H3K9ac,.,Histone ChIP-seq,UBERON:0002107,liver,tissue,adult,H3K9ac,encode,single,False,0.8565387725830078,LIVER
UBERON:0002107 Histone ChIP-seq H3K9me3,.,Histone ChIP-seq,UBERON:0002107,liver,tissue,adult,H3K9me3,encode,single,False,1.423638939857483,LIVER
UBERON:0002108 Histone ChIP-seq H3K27ac,.,Histone ChIP-seq,UBERON:0002108,small intestine,tissue,adult,H3K27ac,encode,single,False,1.5306456089019775,INTESTINE
UBERON:0002108 Histone ChIP-seq H3K27me3,.,Histone ChIP-seq,UBERON:0002108,small intestine,tissue,embryonic,H3K27me3,encode,single,False,1.321641445159912,INTESTINE
UBERON:0002108 Histone ChIP-seq H3K36me3,.,Histone ChIP-seq,UBERON:0002108,small intestine,tissue,adult,H3K36me3,encode,single,False,1.1116917133331299,INTESTINE
UBERON:0002108 Histone ChIP-seq H3K4me1,.,Histone ChIP-seq,UBERON:0002108,small intestine,tissue,embryonic,H3K4me1,encode,single,False,1.1648976802825928,INTESTINE
UBERON:0002108 Histone ChIP-seq H3K4me3,.,Histone ChIP-seq,UBERON:0002108,small intestine,tissue,adult,H3K4me3,encode,single,False,0.9390207529067993,INTESTINE
UBERON:0002108 Histone ChIP-seq H3K9me3,.,Histone ChIP-seq,UBERON:0002108,small intestine,tissue,embryonic,H3K9me3,encode,single,False,1.295670986175537,INTESTINE
UBERON:0002113 Histone ChIP-seq H3K27ac,.,Histone ChIP-seq,UBERON:0002113,kidney,tissue,adult,H3K27ac,encode,single,False,0.9552195072174072,
UBERON:0002113 Histone ChIP-seq H3K36me3,.,Histone ChIP-seq,UBERON:0002113,kidney,tissue,adult,H3K36me3,encode,single,False,0.798854410648346,
UBERON:0002113 Histone ChIP-seq H3K4me1,.,Histone ChIP-seq,UBERON:0002113,kidney,tissue,adult,H3K4me1,encode,single,False,0.8005074858665466,
UBERON:0002113 Histone ChIP-seq H3K4me3,.,Histone ChIP-seq,UBERON:0002113,kidney,tissue,adult,H3K4me3,encode,single,False,0.7985708117485046,
UBERON:0002113 Histone ChIP-seq H3K9ac,.,Histone ChIP-seq,UBERON:0002113,kidney,tissue,adult,H3K9ac,encode,single,False,0.8986935615539551,
UBERON:0002168 Histone ChIP-seq H3K27ac,.,Histone ChIP-seq,UBERON:0002168,left lung,tissue,adult,H3K27ac,encode,single,False,0.8949621319770813,
UBERON:0002168 Histone ChIP-seq H3K27me3,.,Histone ChIP-seq,UBERON:0002168,left lung,tissue,adult,H3K27me3,encode,single,False,0.8752104640007019,
UBERON:0002168 Histone ChIP-seq H3K36me3,.,Histone ChIP-seq,UBERON:0002168,left lung,tissue,adult,H3K36me3,encode,single,False,0.8681212663650513,
UBERON:0002168 Histone ChIP-seq H3K4me1,.,Histone ChIP-seq,UBERON:0002168,left lung,tissue,adult,H3K4me1,encode,single,False,0.9048176407814026,
UBERON:0002168 Histone ChIP-seq H3K4me3,.,Histone ChIP-seq,UBERON:0002168,left lung,tissue,adult,H3K4me3,encode,single,False,0.9501997828483582,
UBERON:0002168 Histone ChIP-seq H3K9me3,.,Histone ChIP-seq,UBERON:0002168,left lung,tissue,adult,H3K9me3,encode,single,False,1.1099082231521606,
UBERON:0002170 Histone ChIP-seq H3K27ac,.,Histone ChIP-seq,UBERON:0002170,upper lobe of right lung,tissue,adult,H3K27ac,encode,single,False,0.8909234404563904,
UBERON:0002170 Histone ChIP-seq H3K36me3,.,Histone ChIP-seq,UBERON:0002170,upper lobe of right lung,tissue,adult,H3K36me3,encode,single,False,0.8416327834129333,
UBERON:0002170 Histone ChIP-seq H3K4me1,.,Histone ChIP-seq,UBERON:0002170,upper lobe of right lung,tissue,adult,H3K4me1,encode,single,False,0.8523540496826172,
UBERON:0002170 Histone ChIP-seq H3K4me3,.,Histone ChIP-seq,UBERON:0002170,upper lobe of right lung,tissue,adult,H3K4me3,encode,single,False,0.9516236186027527,
UBERON:0002171 Histone ChIP-seq H3K27ac,.,Histone ChIP-seq,UBERON:0002171,lower lobe of right lung,tissue,adult,H3K27ac,encode,single,False,0.9444779753684998,
UBERON:0002171 Histone ChIP-seq H3K27me3,.,Histone ChIP-seq,UBERON:0002171,lower lobe of right lung,tissue,adult,H3K27me3,encode,single,False,0.9000256061553955,
UBERON:0002171 Histone ChIP-seq H3K36me3,.,Histone ChIP-seq,UBERON:0002171,lower lobe of right lung,tissue,adult,H3K36me3,encode,single,False,0.8784345984458923,
UBERON:0002171 Histone ChIP-seq H3K4me1,.,Histone ChIP-seq,UBERON:0002171,lower lobe of right lung,tissue,adult,H3K4me1,encode,single,False,0.8521840572357178,
UBERON:0002171 Histone ChIP-seq H3K4me3,.,Histone ChIP-seq,UBERON:0002171,lower lobe of right lung,tissue,adult,H3K4me3,encode,single,False,0.9574486017227173,
UBERON:0002240 Histone ChIP-seq H3K27ac,.,Histone ChIP-seq,UBERON:0002240,spinal cord,tissue,embryonic,H3K27ac,encode,single,False,1.5454556941986084,BRAIN
UBERON:0002240 Histone ChIP-seq H3K27me3,.,Histone ChIP-seq,UBERON:0002240,spinal cord,tissue,embryonic,H3K27me3,encode,single,False,1.2282136678695679,BRAIN
UBERON:0002240 Histone ChIP-seq H3K36me3,.,Histone ChIP-seq,UBERON:0002240,spinal cord,tissue,embryonic,H3K36me3,encode,single,False,1.335628867149353,BRAIN
UBERON:0002240 Histone ChIP-seq H3K4me1,.,Histone ChIP-seq,UBERON:0002240,spinal cord,tissue,embryonic,H3K4me1,encode,single,False,2.040064573287964,BRAIN
UBERON:0002240 Histone ChIP-seq H3K4me3,.,Histone ChIP-seq,UBERON:0002240,spinal cord,tissue,embryonic,H3K4me3,encode,single,False,1.6200331449508667,BRAIN
UBERON:0002305 Histone ChIP-seq H3K27ac,.,Histone ChIP-seq,UBERON:0002305,layer of hippocampus,tissue,adult,H3K27ac,encode,single,False,0.9011349081993103,BRAIN
UBERON:0002305 Histone ChIP-seq H3K36me3,.,Histone ChIP-seq,UBERON:0002305,layer of hippocampus,tissue,adult,H3K36me3,encode,single,False,0.7941612601280212,BRAIN
UBERON:0002305 Histone ChIP-seq H3K4me1,.,Histone ChIP-seq,UBERON:0002305,layer of hippocampus,tissue,adult,H3K4me1,encode,single,False,0.8219332695007324,BRAIN
UBERON:0002305 Histone ChIP-seq H3K4me3,.,Histone ChIP-seq,UBERON:0002305,layer of hippocampus,tissue,adult,H3K4me3,encode,single,False,0.7843244075775146,BRAIN
UBERON:0002305 Histone ChIP-seq H3K9ac,.,Histone ChIP-seq,UBERON:0002305,layer of hippocampus,tissue,adult,H3K9ac,encode,single,False,1.1184202432632446,BRAIN
UBERON:0002367 Histone ChIP-seq H3K27ac,.,Histone ChIP-seq,UBERON:0002367,prostate gland,tissue,adult,H3K27ac,encode,single,False,0.8253678679466248,
UBERON:0002367 Histone ChIP-seq H3K36me3,.,Histone ChIP-seq,UBERON:0002367,prostate gland,tissue,adult,H3K36me3,encode,single,False,0.8486926555633545,
UBERON:0002367 Histone ChIP-seq H3K4me3,.,Histone ChIP-seq,UBERON:0002367,prostate gland,tissue,adult,H3K4me3,encode,single,False,0.827519953250885,
UBERON:0002369 Histone ChIP-seq H3K27ac,.,Histone ChIP-seq,UBERON:0002369,adrenal gland,tissue,adult,H3K27ac,encode,single,False,0.7852216958999634,
UBERON:0002369 Histone ChIP-seq H3K27me3,.,Histone ChIP-seq,UBERON:0002369,adrenal gland,tissue,embryonic,H3K27me3,encode,single,False,1.6154215335845947,
UBERON:0002369 Histone ChIP-seq H3K36me3,.,Histone ChIP-seq,UBERON:0002369,adrenal gland,tissue,adult,H3K36me3,encode,single,False,0.8357100486755371,
UBERON:0002369 Histone ChIP-seq H3K4me1,.,Histone ChIP-seq,UBERON:0002369,adrenal gland,tissue,adult,H3K4me1,encode,single,False,0.8265619277954102,
UBERON:0002369 Histone ChIP-seq H3K4me3,.,Histone ChIP-seq,UBERON:0002369,adrenal gland,tissue,adult,H3K4me3,encode,single,False,0.9138931035995483,
UBERON:0002369 Histone ChIP-seq H3K9me3,.,Histone ChIP-seq,UBERON:0002369,adrenal gland,tissue,embryonic,H3K9me3,encode,single,False,1.4173235893249512,
UBERON:0002370 Histone ChIP-seq H3K27ac,.,Histone ChIP-seq,UBERON:0002370,thymus,tissue,embryonic,H3K27ac,encode,single,False,0.9632824063301086,IMMUNE
UBERON:0002370 Histone ChIP-seq H3K27me3,.,Histone ChIP-seq,UBERON:0002370,thymus,tissue,embryonic,H3K27me3,encode,single,False,0.9465627074241638,IMMUNE
UBERON:0002370 Histone ChIP-seq H3K36me3,.,Histone ChIP-seq,UBERON:0002370,thymus,tissue,embryonic,H3K36me3,encode,single,False,1.3685346841812134,IMMUNE
UBERON:0002370 Histone ChIP-seq H3K4me1,.,Histone ChIP-seq,UBERON:0002370,thymus,tissue,embryonic,H3K4me1,encode,single,False,1.824151873588562,IMMUNE
UBERON:0002370 Histone ChIP-seq H3K4me3,.,Histone ChIP-seq,UBERON:0002370,thymus,tissue,embryonic,H3K4me3,encode,single,False,1.1562947034835815,IMMUNE
UBERON:0002370 Histone ChIP-seq H3K9me3,.,Histone ChIP-seq,UBERON:0002370,thymus,tissue,embryonic,H3K9me3,encode,single,False,1.4777132272720337,IMMUNE
UBERON:0002686 Histone ChIP-seq H3K27ac,.,Histone ChIP-seq,UBERON:0002686,angular gyrus,tissue,adult,H3K27ac,encode,single,False,0.9001856446266174,
UBERON:0002686 Histone ChIP-seq H3K36me3,.,Histone ChIP-seq,UBERON:0002686,angular gyrus,tissue,adult,H3K36me3,encode,single,False,0.8129374980926514,
UBERON:0002686 Histone ChIP-seq H3K4me1,.,Histone ChIP-seq,UBERON:0002686,angular gyrus,tissue,adult,H3K4me1,encode,single,False,0.8170185089111328,
UBERON:0002686 Histone ChIP-seq H3K4me3,.,Histone ChIP-seq,UBERON:0002686,angular gyrus,tissue,adult,H3K4me3,encode,single,False,0.8224157094955444,
UBERON:0002686 Histone ChIP-seq H3K9ac,.,Histone ChIP-seq,UBERON:0002686,angular gyrus,tissue,adult,H3K9ac,encode,single,False,1.0026452541351318,
UBERON:0002967 Histone ChIP-seq H3K27ac,.,Histone ChIP-seq,UBERON:0002967,cingulate gyrus,tissue,adult,H3K27ac,encode,single,False,0.8721300959587097,
UBERON:0002967 Histone ChIP-seq H3K36me3,.,Histone ChIP-seq,UBERON:0002967,cingulate gyrus,tissue,adult,H3K36me3,encode,single,False,0.8179123401641846,
UBERON:0002967 Histone ChIP-seq H3K4me1,.,Histone ChIP-seq,UBERON:0002967,cingulate gyrus,tissue,adult,H3K4me1,encode,single,False,0.8339878916740417,
UBERON:0002967 Histone ChIP-seq H3K4me3,.,Histone ChIP-seq,UBERON:0002967,cingulate gyrus,tissue,adult,H3K4me3,encode,single,False,0.8354508876800537,
UBERON:0002967 Histone ChIP-seq H3K9ac,.,Histone ChIP-seq,UBERON:0002967,cingulate gyrus,tissue,adult,H3K9ac,encode,single,False,1.1167891025543213,
UBERON:0003124 Histone ChIP-seq H3K27ac,.,Histone ChIP-seq,UBERON:0003124,chorion,tissue,embryonic,H3K27ac,encode,single,False,1.1212384700775146,
UBERON:0003124 Histone ChIP-seq H3K36me3,.,Histone ChIP-seq,UBERON:0003124,chorion,tissue,embryonic,H3K36me3,encode,single,False,1.0928360223770142,
UBERON:0003124 Histone ChIP-seq H3K4me1,.,Histone ChIP-seq,UBERON:0003124,chorion,tissue,embryonic,H3K4me1,encode,single,False,1.134663701057434,
UBERON:0003124 Histone ChIP-seq H3K4me3,.,Histone ChIP-seq,UBERON:0003124,chorion,tissue,embryonic,H3K4me3,encode,single,False,1.0205134153366089,
UBERON:0003346 Histone ChIP-seq H3K27ac,.,Histone ChIP-seq,UBERON:0003346,mucosa of rectum,tissue,adult,H3K27ac,encode,single,False,1.2068597078323364,
UBERON:0003346 Histone ChIP-seq H3K36me3,.,Histone ChIP-seq,UBERON:0003346,mucosa of rectum,tissue,adult,H3K36me3,encode,single,False,0.8918594121932983,
UBERON:0003346 Histone ChIP-seq H3K4me1,.,Histone ChIP-seq,UBERON:0003346,mucosa of rectum,tissue,adult,H3K4me1,encode,single,False,0.9211472272872925,
UBERON:0003346 Histone ChIP-seq H3K4me3,.,Histone ChIP-seq,UBERON:0003346,mucosa of rectum,tissue,adult,H3K4me3,encode,single,False,0.9614381790161133,
UBERON:0003346 Histone ChIP-seq H3K9ac,.,Histone ChIP-seq,UBERON:0003346,mucosa of rectum,tissue,adult,H3K9ac,encode,single,False,0.8959307074546814,
UBERON:0004222 Histone ChIP-seq H3K27ac,.,Histone ChIP-seq,UBERON:0004222,stomach smooth muscle,tissue,adult,H3K27ac,encode,single,False,1.061765193939209,
UBERON:0004222 Histone ChIP-seq H3K27me3,.,Histone ChIP-seq,UBERON:0004222,stomach smooth muscle,tissue,adult,H3K27me3,encode,single,False,0.8521047234535217,
UBERON:0004222 Histone ChIP-seq H3K36me3,.,Histone ChIP-seq,UBERON:0004222,stomach smooth muscle,tissue,adult,H3K36me3,encode,single,False,0.826144814491272,
UBERON:0004222 Histone ChIP-seq H3K4me1,.,Histone ChIP-seq,UBERON:0004222,stomach smooth muscle,tissue,adult,H3K4me1,encode,single,False,1.913686752319336,
UBERON:0004222 Histone ChIP-seq H3K4me3,.,Histone ChIP-seq,UBERON:0004222,stomach smooth muscle,tissue,adult,H3K4me3,encode,single,False,0.9053452610969543,
UBERON:0004222 Histone ChIP-seq H3K9ac,.,Histone ChIP-seq,UBERON:0004222,stomach smooth muscle,tissue,adult,H3K9ac,encode,single,False,0.7713716626167297,
UBERON:0004550 Histone ChIP-seq H3K27ac,.,Histone ChIP-seq,UBERON:0004550,gastroesophageal sphincter,tissue,adult,H3K27ac,encode,single,False,1.4019594192504883,
UBERON:0004550 Histone ChIP-seq H3K27me3,.,Histone ChIP-seq,UBERON:0004550,gastroesophageal sphincter,tissue,adult,H3K27me3,encode,single,False,0.860275387763977,
UBERON:0004550 Histone ChIP-seq H3K36me3,.,Histone ChIP-seq,UBERON:0004550,gastroesophageal sphincter,tissue,adult,H3K36me3,encode,single,False,0.9105188250541687,
UBERON:0004550 Histone ChIP-seq H3K4me1,.,Histone ChIP-seq,UBERON:0004550,gastroesophageal sphincter,tissue,adult,H3K4me1,encode,single,False,0.8863487243652344,
UBERON:0004550 Histone ChIP-seq H3K4me3,.,Histone ChIP-seq,UBERON:0004550,gastroesophageal sphincter,tissue,adult,H3K4me3,encode,single,False,0.7414591312408447,
UBERON:0004550 Histone ChIP-seq H3K9me3,.,Histone ChIP-seq,UBERON:0004550,gastroesophageal sphincter,tissue,adult,H3K9me3,encode,single,False,0.8467487692832947,
UBERON:0004648 Histone ChIP-seq H3K27ac,.,Histone ChIP-seq,UBERON:0004648,esophagus muscularis mucosa,tissue,adult,H3K27ac,encode,single,False,0.7982273697853088,
UBERON:0004648 Histone ChIP-seq H3K27me3,.,Histone ChIP-seq,UBERON:0004648,esophagus muscularis mucosa,tissue,adult,H3K27me3,encode,single,False,0.9206722378730774,
UBERON:0004648 Histone ChIP-seq H3K36me3,.,Histone ChIP-seq,UBERON:0004648,esophagus muscularis mucosa,tissue,adult,H3K36me3,encode,single,False,0.816602349281311,
UBERON:0004648 Histone ChIP-seq H3K4me1,.,Histone ChIP-seq,UBERON:0004648,esophagus muscularis mucosa,tissue,adult,H3K4me1,encode,single,False,0.8247384428977966,
UBERON:0004648 Histone ChIP-seq H3K4me3,.,Histone ChIP-seq,UBERON:0004648,esophagus muscularis mucosa,tissue,adult,H3K4me3,encode,single,False,0.7969858050346375,
UBERON:0004648 Histone ChIP-seq H3K9me3,.,Histone ChIP-seq,UBERON:0004648,esophagus muscularis mucosa,tissue,adult,H3K9me3,encode,single,False,0.8506141304969788,
UBERON:0004992 Histone ChIP-seq H3K4me1,.,Histone ChIP-seq,UBERON:0004992,mucosa of descending colon,tissue,adult,H3K4me1,encode,single,False,0.9400363564491272,INTESTINE
UBERON:0004992 Histone ChIP-seq H3K4me3,.,Histone ChIP-seq,UBERON:0004992,mucosa of descending colon,tissue,adult,H3K4me3,encode,single,False,0.9843800067901611,INTESTINE
UBERON:0004992 Histone ChIP-seq H3K9me3,.,Histone ChIP-seq,UBERON:0004992,mucosa of descending colon,tissue,adult,H3K9me3,encode,single,False,1.0794081687927246,INTESTINE
UBERON:0006631 Histone ChIP-seq H3K27ac,.,Histone ChIP-seq,UBERON:0006631,right atrium auricular region,tissue,adult,H3K27ac,encode,single,False,1.5091086626052856,HEART
UBERON:0006631 Histone ChIP-seq H3K36me3,.,Histone ChIP-seq,UBERON:0006631,right atrium auricular region,tissue,adult,H3K36me3,encode,single,False,0.8356142640113831,HEART
UBERON:0006631 Histone ChIP-seq H3K4me1,.,Histone ChIP-seq,UBERON:0006631,right atrium auricular region,tissue,adult,H3K4me1,encode,single,False,0.8639379739761353,HEART
UBERON:0006631 Histone ChIP-seq H3K4me3,.,Histone ChIP-seq,UBERON:0006631,right atrium auricular region,tissue,adult,H3K4me3,encode,single,False,1.0309559106826782,HEART
UBERON:0006631 Histone ChIP-seq H3K9me3,.,Histone ChIP-seq,UBERON:0006631,right atrium auricular region,tissue,adult,H3K9me3,encode,single,False,0.843159556388855,HEART
UBERON:0006920 Histone ChIP-seq H3K27ac,.,Histone ChIP-seq,UBERON:0006920,esophagus squamous epithelium,tissue,adult,H3K27ac,encode,single,False,1.224211573600769,
UBERON:0006920 Histone ChIP-seq H3K27me3,.,Histone ChIP-seq,UBERON:0006920,esophagus squamous epithelium,tissue,adult,H3K27me3,encode,single,False,0.9047441482543945,
UBERON:0006920 Histone ChIP-seq H3K36me3,.,Histone ChIP-seq,UBERON:0006920,esophagus squamous epithelium,tissue,adult,H3K36me3,encode,single,False,0.8787626624107361,
UBERON:0006920 Histone ChIP-seq H3K4me1,.,Histone ChIP-seq,UBERON:0006920,esophagus squamous epithelium,tissue,adult,H3K4me1,encode,single,False,0.8141622543334961,
UBERON:0006920 Histone ChIP-seq H3K4me3,.,Histone ChIP-seq,UBERON:0006920,esophagus squamous epithelium,tissue,adult,H3K4me3,encode,single,False,0.8070417642593384,
UBERON:0006920 Histone ChIP-seq H3K9me3,.,Histone ChIP-seq,UBERON:0006920,esophagus squamous epithelium,tissue,adult,H3K9me3,encode,single,False,0.8435921669006348,
UBERON:0007106 Histone ChIP-seq H3K27ac,.,Histone ChIP-seq,UBERON:0007106,chorionic villus,tissue,embryonic,H3K27ac,encode,single,False,1.0513697862625122,
UBERON:0007610 Histone ChIP-seq H3K27ac,.,Histone ChIP-seq,UBERON:0007610,tibial artery,tissue,adult,H3K27ac,encode,single,False,0.7654767036437988,ARTERY
UBERON:0007610 Histone ChIP-seq H3K27me3,.,Histone ChIP-seq,UBERON:0007610,tibial artery,tissue,adult,H3K27me3,encode,single,False,0.8302474021911621,ARTERY
UBERON:0007610 Histone ChIP-seq H3K36me3,.,Histone ChIP-seq,UBERON:0007610,tibial artery,tissue,adult,H3K36me3,encode,single,False,0.8503223657608032,ARTERY
UBERON:0007610 Histone ChIP-seq H3K4me1,.,Histone ChIP-seq,UBERON:0007610,tibial artery,tissue,adult,H3K4me1,encode,single,False,0.7865008115768433,ARTERY
UBERON:0007610 Histone ChIP-seq H3K4me3,.,Histone ChIP-seq,UBERON:0007610,tibial artery,tissue,adult,H3K4me3,encode,single,False,0.7735725045204163,ARTERY
UBERON:0007610 Histone ChIP-seq H3K9me3,.,Histone ChIP-seq,UBERON:0007610,tibial artery,tissue,adult,H3K9me3,encode,single,False,0.9169700741767883,ARTERY
UBERON:0008367 Histone ChIP-seq H3K27ac,.,Histone ChIP-seq,UBERON:0008367,breast epithelium,tissue,adult,H3K27ac,encode,single,False,0.7933363914489746,
UBERON:0008367 Histone ChIP-seq H3K27me3,.,Histone ChIP-seq,UBERON:0008367,breast epithelium,tissue,adult,H3K27me3,encode,single,False,0.8398851156234741,
UBERON:0008367 Histone ChIP-seq H3K36me3,.,Histone ChIP-seq,UBERON:0008367,breast epithelium,tissue,adult,H3K36me3,encode,single,False,0.8763333559036255,
UBERON:0008367 Histone ChIP-seq H3K4me3,.,Histone ChIP-seq,UBERON:0008367,breast epithelium,tissue,adult,H3K4me3,encode,single,False,0.8072652816772461,
UBERON:0008367 Histone ChIP-seq H3K9me3,.,Histone ChIP-seq,UBERON:0008367,breast epithelium,tissue,adult,H3K9me3,encode,single,False,0.8470003604888916,
UBERON:0008450 Histone ChIP-seq H3K27ac,.,Histone ChIP-seq,UBERON:0008450,psoas muscle,tissue,adult,H3K27ac,encode,single,False,0.9119850397109985,
UBERON:0008450 Histone ChIP-seq H3K27me3,.,Histone ChIP-seq,UBERON:0008450,psoas muscle,tissue,adult,H3K27me3,encode,single,False,0.8814289569854736,
UBERON:0008450 Histone ChIP-seq H3K36me3,.,Histone ChIP-seq,UBERON:0008450,psoas muscle,tissue,adult,H3K36me3,encode,single,False,0.9716756343841553,
UBERON:0008450 Histone ChIP-seq H3K4me1,.,Histone ChIP-seq,UBERON:0008450,psoas muscle,tissue,adult,H3K4me1,encode,single,False,0.8452923893928528,
UBERON:0008450 Histone ChIP-seq H3K4me3,.,Histone ChIP-seq,UBERON:0008450,psoas muscle,tissue,adult,H3K4me3,encode,single,False,0.7766005396842957,
UBERON:0008952 Histone ChIP-seq H3K27ac,.,Histone ChIP-seq,UBERON:0008952,upper lobe of left lung,tissue,adult,H3K27ac,encode,single,False,0.8779808282852173,LUNG
UBERON:0008952 Histone ChIP-seq H3K36me3,.,Histone ChIP-seq,UBERON:0008952,upper lobe of left lung,tissue,adult,H3K36me3,encode,single,False,0.8125616908073425,LUNG
UBERON:0008952 Histone ChIP-seq H3K4me1,.,Histone ChIP-seq,UBERON:0008952,upper lobe of left lung,tissue,adult,H3K4me1,encode,single,False,0.8664360642433167,LUNG
UBERON:0008952 Histone ChIP-seq H3K4me3,.,Histone ChIP-seq,UBERON:0008952,upper lobe of left lung,tissue,adult,H3K4me3,encode,single,False,0.8021848201751709,LUNG
UBERON:0008953 Histone ChIP-seq H3K27ac,.,Histone ChIP-seq,UBERON:0008953,lower lobe of left lung,tissue,adult,H3K27ac,encode,single,False,0.8131684064865112,
UBERON:0008953 Histone ChIP-seq H3K27me3,.,Histone ChIP-seq,UBERON:0008953,lower lobe of left lung,tissue,adult,H3K27me3,encode,single,False,0.8400024771690369,
UBERON:0008953 Histone ChIP-seq H3K36me3,.,Histone ChIP-seq,UBERON:0008953,lower lobe of left lung,tissue,adult,H3K36me3,encode,single,False,0.8133916854858398,
UBERON:0008953 Histone ChIP-seq H3K4me1,.,Histone ChIP-seq,UBERON:0008953,lower lobe of left lung,tissue,adult,H3K4me1,encode,single,False,0.8141807317733765,
UBERON:0008953 Histone ChIP-seq H3K4me3,.,Histone ChIP-seq,UBERON:0008953,lower lobe of left lung,tissue,adult,H3K4me3,encode,single,False,0.8252076506614685,
UBERON:0008953 Histone ChIP-seq H3K9me3,.,Histone ChIP-seq,UBERON:0008953,lower lobe of left lung,tissue,adult,H3K9me3,encode,single,False,0.8201392889022827,
UBERON:0009834 Histone ChIP-seq H3K27ac,.,Histone ChIP-seq,UBERON:0009834,dorsolateral prefrontal cortex,tissue,adult,H3K27ac,encode,single,False,0.7915490865707397,BRAIN
UBERON:0009834 Histone ChIP-seq H3K27me3,.,Histone ChIP-seq,UBERON:0009834,dorsolateral prefrontal cortex,tissue,adult,H3K27me3,encode,single,False,0.8048524856567383,BRAIN
UBERON:0009834 Histone ChIP-seq H3K36me3,.,Histone ChIP-seq,UBERON:0009834,dorsolateral prefrontal cortex,tissue,adult,H3K36me3,encode,single,False,0.8312941193580627,BRAIN
UBERON:0009834 Histone ChIP-seq H3K4me1,.,Histone ChIP-seq,UBERON:0009834,dorsolateral prefrontal cortex,tissue,adult,H3K4me1,encode,single,False,0.8213521838188171,BRAIN
UBERON:0009834 Histone ChIP-seq H3K4me3,.,Histone ChIP-seq,UBERON:0009834,dorsolateral prefrontal cortex,tissue,adult,H3K4me3,encode,single,False,0.795435905456543,BRAIN
UBERON:0009834 Histone ChIP-seq H3K9ac,.,Histone ChIP-seq,UBERON:0009834,dorsolateral prefrontal cortex,tissue,adult,H3K9ac,encode,single,False,1.0359257459640503,BRAIN
UBERON:0011907 Histone ChIP-seq H3K27ac,.,Histone ChIP-seq,UBERON:0011907,gastrocnemius medialis,tissue,adult,H3K27ac,encode,single,False,0.7793625593185425,
UBERON:0011907 Histone ChIP-seq H3K27me3,.,Histone ChIP-seq,UBERON:0011907,gastrocnemius medialis,tissue,adult,H3K27me3,encode,single,False,1.0060234069824219,
UBERON:0011907 Histone ChIP-seq H3K36me3,.,Histone ChIP-seq,UBERON:0011907,gastrocnemius medialis,tissue,adult,H3K36me3,encode,single,False,0.8559026122093201,
UBERON:0011907 Histone ChIP-seq H3K4me1,.,Histone ChIP-seq,UBERON:0011907,gastrocnemius medialis,tissue,adult,H3K4me1,encode,single,False,0.7837246656417847,
UBERON:0011907 Histone ChIP-seq H3K4me3,.,Histone ChIP-seq,UBERON:0011907,gastrocnemius medialis,tissue,adult,H3K4me3,encode,single,False,0.7359679341316223,
UBERON:0012488 Histone ChIP-seq H3K27ac,.,Histone ChIP-seq,UBERON:0012488,muscle layer of duodenum,tissue,adult,H3K27ac,encode,single,False,0.988544225692749,
UBERON:0012488 Histone ChIP-seq H3K36me3,.,Histone ChIP-seq,UBERON:0012488,muscle layer of duodenum,tissue,adult,H3K36me3,encode,single,False,0.8478550910949707,
UBERON:0012488 Histone ChIP-seq H3K4me1,.,Histone ChIP-seq,UBERON:0012488,muscle layer of duodenum,tissue,adult,H3K4me1,encode,single,False,1.4443985223770142,
UBERON:0012488 Histone ChIP-seq H3K4me3,.,Histone ChIP-seq,UBERON:0012488,muscle layer of duodenum,tissue,adult,H3K4me3,encode,single,False,0.8497915267944336,
UBERON:0012488 Histone ChIP-seq H3K9me3,.,Histone ChIP-seq,UBERON:0012488,muscle layer of duodenum,tissue,adult,H3K9me3,encode,single,False,1.749129295349121,
UBERON:0012489 Histone ChIP-seq H3K27ac,.,Histone ChIP-seq,UBERON:0012489,muscle layer of colon,tissue,adult,H3K27ac,encode,single,False,1.6868175268173218,INTESTINE
UBERON:0012489 Histone ChIP-seq H3K36me3,.,Histone ChIP-seq,UBERON:0012489,muscle layer of colon,tissue,adult,H3K36me3,encode,single,False,0.9592627882957458,INTESTINE
UBERON:0012489 Histone ChIP-seq H3K4me1,.,Histone ChIP-seq,UBERON:0012489,muscle layer of colon,tissue,adult,H3K4me1,encode,single,False,0.9385117888450623,INTESTINE
UBERON:0012489 Histone ChIP-seq H3K4me3,.,Histone ChIP-seq,UBERON:0012489,muscle layer of colon,tissue,adult,H3K4me3,encode,single,False,0.8421162962913513,INTESTINE
UBERON:0012489 Histone ChIP-seq H3K9ac,.,Histone ChIP-seq,UBERON:0012489,muscle layer of colon,tissue,adult,H3K9ac,encode,single,False,0.8927491307258606,INTESTINE
UBERON:0014455 Histone ChIP-seq H3K27ac,.,Histone ChIP-seq,UBERON:0014455,subcutaneous abdominal adipose tissue,tissue,adult,H3K27ac,encode,single,False,1.372426986694336,ADIPOSE
UBERON:0014455 Histone ChIP-seq H3K27me3,.,Histone ChIP-seq,UBERON:0014455,subcutaneous abdominal adipose tissue,tissue,adult,H3K27me3,encode,single,False,0.7572541832923889,ADIPOSE
UBERON:0014455 Histone ChIP-seq H3K36me3,.,Histone ChIP-seq,UBERON:0014455,subcutaneous abdominal adipose tissue,tissue,adult,H3K36me3,encode,single,False,0.7747286558151245,ADIPOSE
UBERON:0014455 Histone ChIP-seq H3K4me1,.,Histone ChIP-seq,UBERON:0014455,subcutaneous abdominal adipose tissue,tissue,adult,H3K4me1,encode,single,False,0.8434963822364807,ADIPOSE
UBERON:0014455 Histone ChIP-seq H3K4me3,.,Histone ChIP-seq,UBERON:0014455,subcutaneous abdominal adipose tissue,tissue,adult,H3K4me3,encode,single,False,0.7925373911857605,ADIPOSE
UBERON:0014455 Histone ChIP-seq H3K9ac,.,Histone ChIP-seq,UBERON:0014455,subcutaneous abdominal adipose tissue,tissue,adult,H3K9ac,encode,single,False,0.7789035439491272,ADIPOSE
UBERON:0014455 Histone ChIP-seq H3K9me3,.,Histone ChIP-seq,UBERON:0014455,subcutaneous abdominal adipose tissue,tissue,adult,H3K9me3,encode,single,False,0.8017343878746033,ADIPOSE
UBERON:0018112 Histone ChIP-seq H3K27ac,.,Histone ChIP-seq,UBERON:0018112,rectal smooth muscle tissue,tissue,adult,H3K27ac,encode,single,False,1.4903203248977661,
UBERON:0018112 Histone ChIP-seq H3K36me3,.,Histone ChIP-seq,UBERON:0018112,rectal smooth muscle tissue,tissue,adult,H3K36me3,encode,single,False,1.1542083024978638,
UBERON:0018112 Histone ChIP-seq H3K4me1,.,Histone ChIP-seq,UBERON:0018112,rectal smooth muscle tissue,tissue,adult,H3K4me1,encode,single,False,0.9858405590057373,
UBERON:0018112 Histone ChIP-seq H3K4me3,.,Histone ChIP-seq,UBERON:0018112,rectal smooth muscle tissue,tissue,adult,H3K4me3,encode,single,False,1.2279937267303467,
UBERON:0036149 Histone ChIP-seq H3K27ac,.,Histone ChIP-seq,UBERON:0036149,suprapubic skin,tissue,adult,H3K27ac,encode,single,False,0.8285009860992432,
UBERON:0036149 Histone ChIP-seq H3K27me3,.,Histone ChIP-seq,UBERON:0036149,suprapubic skin,tissue,adult,H3K27me3,encode,single,False,0.8321241736412048,
UBERON:0036149 Histone ChIP-seq H3K36me3,.,Histone ChIP-seq,UBERON:0036149,suprapubic skin,tissue,adult,H3K36me3,encode,single,False,0.8314632773399353,
UBERON:0036149 Histone ChIP-seq H3K4me1,.,Histone ChIP-seq,UBERON:0036149,suprapubic skin,tissue,adult,H3K4me1,encode,single,False,0.8719038963317871,
UBERON:0036149 Histone ChIP-seq H3K4me3,.,Histone ChIP-seq,UBERON:0036149,suprapubic skin,tissue,adult,H3K4me3,encode,single,False,0.9653574824333191,
